0 0 1 1 1 0 1 0 1 1 1 1 1 0 1 0 0 0 1 1 1 18.1042
1 0 0 1 1 1 1 0 1 1 1 1 0 0 1 0 0 1 1 0 1 18.2024
0 0 0 0 1 1 1 1 1 1 1 1 0 0 1 0 0 0 1 1 10 18.3258
0 1 0 1 0 1 1 1 1 1 0 1 1 1 1 1 1 0 0 1 1001 18.3066
1 0 0 0 0 0 1 0 1 0 1 1 0 0 1 0 0 1 1 0 1005 17.8265
0 1 1 0 1 0 1 0 0 1 0 1 1 0 1 1 1 0 0 1 1009 17.7683
0 0 1 0 0 0 1 0 1 1 0 1 0 1 0 0 1 1 1 1 101 17.1114
0 1 1 1 0 0 1 0 1 0 0 1 0 1 1 1 0 0 0 1 1014 16.1339
0 1 0 0 1 0 1 1 0 1 0 1 1 0 1 1 0 0 0 1 1018 15.6160
1 1 0 0 0 1 1 1 1 0 1 1 1 1 1 0 0 0 0 0 102 17.4293
1 1 0 1 0 0 1 0 1 0 0 1 0 0 1 0 1 0 1 0 1024 16.9111
1 1 1 0 1 0 1 1 0 1 0 1 1 1 1 0 1 0 1 0 1028 18.4480
0 1 1 0 0 1 1 0 1 0 0 1 1 1 1 1 1 0 0 1 1033 17.9794
1 1 1 0 1 1 1 0 0 1 0 1 0 1 1 0 1 0 1 0 1041 18.6631
0 1 0 0 0 0 1 0 1 0 1 1 1 1 1 0 0 1 0 1 105 17.1687
0 0 0 1 1 1 1 0 0 1 0 1 1 0 0 1 0 1 0 1 1052 17.7446
1 0 0 0 0 0 1 1 1 1 0 1 1 1 0 0 1 1 1 0 106 18.6729
1 0 0 0 1 0 1 1 0 1 0 1 1 1 0 0 1 1 1 0 1060 19.5349
0 0 1 1 1 0 1 1 0 1 0 1 1 0 0 1 1 1 0 1 1071 18.9113
0 0 0 0 1 1 1 1 0 1 0 1 1 0 0 1 1 1 0 1 1080 19.0908
1 1 1 1 0 1 1 0 1 1 0 1 1 0 1 0 1 1 1 0 1084 18.5113
1 1 0 1 1 0 1 0 1 1 0 1 1 1 1 0 1 1 1 0 1088 19.4588
1 1 1 0 0 1 0 0 1 0 1 1 1 1 1 1 0 1 0 0 109 17.0987
0 0 0 0 0 0 1 0 1 0 1 1 0 1 1 1 1 0 0 1 1095 17.4083
0 0 1 1 1 0 1 1 0 1 1 1 1 0 1 1 1 0 0 1 1099 18.8174
0 1 1 0 0 0 1 0 1 1 1 1 0 1 1 0 0 1 0 1 11 17.1873
1 0 0 1 1 1 1 1 1 1 1 1 0 0 1 0 1 0 1 0 11 18.3037
0 0 0 1 1 1 1 1 0 1 1 1 1 0 1 1 0 0 0 1 1104 18.9058
1 0 0 1 1 0 1 1 0 1 1 1 1 1 1 0 0 0 1 0 1107 18.3966
1 1 1 0 1 1 1 0 0 1 1 1 0 0 1 0 0 1 0 0 111 18.6243
1 0 1 0 0 1 1 0 1 0 1 1 0 0 1 0 0 0 1 0 1112 18.1193
0 1 0 1 1 1 1 0 1 1 0 1 1 0 1 1 1 1 0 1 1118 19.2579
1 0 1 1 1 1 1 1 0 1 1 1 1 1 1 0 0 0 1 0 1122 18.2906
1 0 1 0 1 1 1 1 0 1 1 1 1 1 1 0 1 0 1 0 1127 19.9263
1 1 0 0 1 1 1 1 0 1 1 1 0 0 1 0 0 0 0 0 113 18.4839
0 1 1 0 0 0 1 0 1 0 0 1 0 1 1 1 1 1 0 1 1131 16.7972
0 1 0 1 0 1 1 0 1 0 0 1 0 1 1 1 1 1 0 1 1136 18.1699
1 1 1 1 0 1 1 1 1 0 0 1 0 0 1 0 0 1 1 0 1141 18.8199
0 1 0 0 1 1 1 1 0 1 0 1 1 0 1 1 1 1 0 1 1146 18.7526
1 0 0 0 1 1 1 0 1 1 0 1 1 0 0 0 1 1 1 0 115 18.7609
1 1 0 0 0 0 1 1 1 0 0 1 0 0 1 0 0 1 1 0 1151 17.9119
1 1 0 1 1 0 1 1 0 1 0 1 0 1 1 0 1 1 1 0 1157 19.4155
0 0 1 0 1 0 1 1 0 1 0 1 1 0 0 1 0 0 0 1 1168 18.3253
1 0 0 1 1 1 1 1 0 1 0 1 1 1 0 0 0 0 1 0 1176 18.1289
0 1 1 1 0 0 0 1 1 0 1 1 1 1 1 1 0 1 0 1 118 18.7745
0 0 0 1 1 0 1 1 0 1 0 1 1 0 0 1 1 0 0 1 1185 18.8986
1 1 1 1 1 0 1 1 0 1 0 1 0 1 1 0 0 1 1 0 1195 19.2468
1 1 0 0 0 1 1 1 1 1 1 1 0 1 1 0 1 0 0 0 12 16.8816
1 1 1 1 0 0 1 0 1 1 0 1 1 0 0 0 0 0 1 0 1203 17.0907
1 1 0 1 1 0 1 0 1 1 0 1 1 1 0 0 0 1 1 0 1207 18.9918
0 0 0 1 0 1 1 0 1 1 1 1 0 1 1 0 0 1 0 1 121 16.2080
0 1 1 1 1 0 1 0 1 1 1 1 1 0 1 0 0 0 1 1 121 17.9695
1 1 0 1 1 1 1 0 1 1 1 1 0 0 1 0 0 1 1 0 121 18.1411
0 0 0 1 0 0 1 1 1 0 1 1 1 1 1 1 1 1 0 1 1212 19.7438
1 1 1 0 0 0 1 1 1 1 0 1 1 0 0 0 0 1 1 0 1216 17.8142
0 0 1 1 0 0 1 0 1 1 1 1 1 1 1 0 1 0 0 1 122 18.0062
1 0 0 1 0 1 1 0 1 1 1 1 0 1 1 0 1 1 0 0 122 18.3291
1 1 1 1 1 0 1 0 1 1 1 1 1 0 1 0 1 0 1 0 122 18.0905
1 1 0 1 1 0 1 0 1 1 0 1 0 1 0 0 0 1 1 0 1220 18.7437
1 0 0 1 1 0 1 0 0 1 1 1 0 1 1 0 1 0 1 0 1226 19.1543
1 1 1 0 0 1 1 0 1 1 1 1 1 1 1 0 1 0 1 0 123 19.5073
0 1 0 1 0 0 1 0 1 1 0 1 1 1 0 1 0 1 0 1 1231 18.2938
0 1 1 1 1 1 1 1 1 1 0 1 1 0 0 1 0 0 0 1 1235 19.6061
1 0 0 0 0 1 1 1 1 1 1 1 0 1 1 0 0 1 0 0 124 18.2607
0 1 1 0 1 1 1 1 1 1 0 1 0 0 0 1 0 1 0 1 1240 19.4081
0 1 0 1 1 1 1 0 1 1 0 1 1 0 0 1 0 1 0 1 1244 18.5871
0 1 1 0 1 0 1 0 1 1 1 1 0 0 1 0 0 0 1 1 125 17.1584
0 0 1 1 0 1 1 0 1 0 0 1 1 1 1 1 1 0 0 1 1250 18.0109
1 1 1 0 1 1 1 0 0 1 0 1 1 1 0 0 0 1 1 0 1259 18.3239
0 0 0 0 0 1 1 1 1 1 1 1 0 1 1 0 1 1 0 1 126 18.3042
1 1 0 0 1 1 1 1 1 1 1 1 0 0 1 0 1 1 1 0 126 18.3055
0 0 0 0 1 1 1 0 1 1 1 1 0 0 1 0 1 0 0 1 127 18.1854
1 0 1 0 0 0 1 0 1 1 1 1 1 1 1 0 1 1 0 0 127 17.8262
0 0 1 0 1 0 1 1 0 1 0 1 0 0 1 1 1 0 0 1 1270 18.1331
1 0 0 0 1 0 1 1 0 1 0 1 0 1 1 0 1 1 1 0 1278 18.5642
0 1 0 1 0 1 1 0 1 1 1 1 0 1 1 0 1 0 1 1 128 17.8937
0 1 1 1 1 0 1 0 1 1 1 1 1 0 1 0 1 1 1 1 128 18.0510
1 0 0 0 1 0 1 0 1 1 1 1 1 0 1 0 0 0 0 0 128 18.1988
0 0 0 1 0 0 1 1 1 0 0 1 1 1 1 1 1 1 0 1 1289 17.7070
1 1 0 1 0 1 1 1 1 1 1 1 0 1 1 0 0 0 1 0 129 18.2686
0 0 1 0 0 1 1 0 1 0 0 1 1 1 0 1 1 1 0 1 1297 18.3701
0 0 1 1 1 0 1 1 1 1 1 1 1 0 1 0 0 1 1 1 13 19.7781
0 0 1 1 1 0 1 0 1 1 1 1 0 0 1 0 1 1 0 1 130 17.1675
1 0 0 1 0 1 1 1 1 0 0 1 1 0 0 0 1 1 1 0 1301 19.3154
1 0 1 0 1 1 1 0 0 1 0 1 0 1 0 0 1 1 1 0 1305 19.9389
0 1 0 1 0 1 1 1 1 1 1 1 0 1 1 0 1 0 1 1 131 18.9349
1 0 1 0 1 1 1 0 1 1 1 1 1 0 1 0 0 1 0 0 131 18.3152
0 0 1 0 0 1 1 1 1 0 0 1 1 1 0 1 1 0 0 1 1312 19.3835
0 0 0 1 1 1 1 0 0 1 0 1 0 0 0 1 1 0 0 1 1316 18.7470
1 1 1 1 0 1 1 0 1 1 1 1 1 1 1 0 0 1 1 0 132 18.9702
1 1 1 1 1 1 1 1 0 1 0 1 0 1 0 0 0 1 1 0 1320 20.1077
1 1 1 0 1 1 1 0 1 1 0 1 1 1 0 0 1 1 1 0 1325 20.9596
0 0 0 0 1 1 1 0 1 1 1 1 1 0 1 0 1 0 0 1 133 18.5710
0 0 1 1 0 0 1 0 1 0 1 1 1 1 1 1 0 0 0 1 1330 17.3701
0 0 1 0 0 0 1 0 1 0 1 1 1 1 1 1 0 1 0 1 1335 16.0717
0 0 1 1 1 0 1 1 0 1 1 1 0 0 1 1 0 0 0 1 1339 18.9613
0 1 0 1 0 1 1 0 1 1 1 1 1 1 1 0 1 0 1 1 134 18.9438
1 1 0 1 1 1 1 1 1 1 0 1 1 1 0 0 1 1 1 0 1343 21.2037
1 0 0 1 0 1 1 1 1 0 1 1 1 0 1 0 0 0 1 0 1349 18.0779
0 0 1 1 0 1 1 1 1 1 1 1 0 1 1 0 0 0 0 1 135 18.9118
1 1 1 1 1 1 1 1 1 1 1 1 0 0 1 0 0 0 1 0 135 18.4001
1 0 0 0 0 0 1 0 1 0 1 1 1 0 1 0 0 1 1 0 1353 17.2809
1 0 1 1 0 1 1 0 1 0 1 1 1 0 1 0 0 1 1 0 1358 18.1200
1 0 0 1 0 0 1 0 1 1 1 1 0 1 1 0 1 1 0 0 136 17.2230
1 0 0 1 1 1 1 1 0 1 1 1 0 1 1 0 0 0 1 0 1362 19.3397
0 1 0 1 0 1 1 1 1 1 0 1 1 1 0 1 1 1 0 1 1367 19.6454
0 1 1 0 0 1 1 1 1 1 1 1 1 1 1 0 0 1 1 1 137 19.3487
1 0 0 1 0 0 1 1 1 1 1 1 0 1 1 0 1 0 0 0 137 17.4828
1 0 0 0 1 1 1 1 1 1 1 1 1 0 1 0 1 1 0 0 137 18.8387
0 1 0 1 1 0 1 0 0 1 0 1 1 0 0 1 1 1 0 1 1375 18.1420
0 1 0 0 1 0 1 1 1 1 1 1 0 0 1 0 1 0 1 1 138 17.2869
1 1 0 1 0 1 1 1 1 1 1 1 1 1 1 0 1 1 1 0 138 19.6288
1 0 0 0 0 0 1 1 1 0 0 1 1 0 1 0 0 0 1 0 1385 16.5953
0 0 0 0 1 0 1 0 1 1 1 1 0 0 1 0 0 0 0 1 139 17.3054
1 1 0 1 1 0 1 0 0 1 0 1 1 1 0 0 1 0 1 0 1393 19.4191
0 1 1 0 0 0 1 1 1 1 1 1 1 1 1 0 0 1 0 1 14 19.1238
1 0 0 1 1 1 1 0 1 1 1 1 1 0 1 0 1 0 1 0 14 19.3280
0 1 0 1 0 0 1 0 1 1 1 1 0 1 1 0 0 0 1 1 140 16.9610
1 0 1 0 1 1 1 1 1 1 1 1 0 0 1 0 1 1 0 0 140 19.1351
0 0 0 1 1 0 1 1 0 1 0 1 0 0 1 1 0 1 0 1 1403 18.8704
1 1 1 1 0 1 1 1 1 1 1 1 0 1 1 0 1 0 1 0 141 17.4207
1 1 0 0 1 1 1 0 0 1 0 1 1 1 0 0 1 0 1 0 1413 19.4428
1 0 0 1 1 0 1 0 0 1 0 1 0 1 0 0 0 1 1 0 1418 18.7906
0 0 0 1 1 1 1 0 1 1 1 1 1 0 1 0 0 1 0 1 142 18.3202
1 1 1 0 1 0 1 0 0 1 0 1 0 1 0 0 1 1 1 0 1423 19.5576
0 1 0 0 0 0 1 0 1 0 0 1 1 1 0 1 1 1 0 1 1429 18.6014
0 0 1 0 0 0 1 1 1 1 1 1 0 1 1 0 1 1 0 1 143 18.3722
0 1 1 1 1 1 1 1 1 1 1 1 1 0 1 0 1 0 1 1 143 20.4625
1 1 1 0 1 0 1 1 1 1 1 1 0 0 1 0 1 1 1 0 143 18.3379
0 1 0 0 0 0 1 1 1 0 0 1 1 1 0 1 1 1 0 1 1434 19.1698
0 0 1 1 1 1 1 1 0 1 0 1 0 0 0 1 0 1 0 1 1439 19.6120
0 0 0 0 1 0 1 1 1 1 1 1 0 0 1 0 0 0 0 1 144 16.6497
1 0 0 1 0 1 1 1 1 1 1 1 1 1 1 0 0 1 0 0 144 18.5454
0 1 0 0 1 1 1 0 1 1 1 1 0 0 1 1 1 1 1 1 1441 19.4912
0 1 1 0 0 0 1 0 1 1 1 1 1 1 1 1 0 0 1 1 1442 19.1473
1 0 0 0 1 0 1 0 1 1 1 1 1 1 1 0 0 1 0 0 1442 18.1151
0 1 0 0 1 0 1 1 1 1 1 1 1 0 1 1 0 1 1 1 1444 19.4976
1 0 0 1 1 0 1 1 1 1 1 1 1 1 1 0 1 1 0 0 1445 19.2015
0 1 0 1 1 1 1 0 1 1 1 1 0 0 1 1 0 0 1 1 1447 18.9622
0 1 1 0 0 1 1 0 1 1 1 1 0 1 1 1 0 1 1 1 1448 19.4846
1 0 0 1 1 1 1 0 1 1 1 1 0 1 1 0 1 0 0 0 1448 18.2886
0 1 0 0 0 1 1 0 1 0 1 1 0 1 1 0 1 1 1 1 145 17.9867
0 1 1 1 0 1 1 0 1 1 1 1 1 1 1 1 1 1 1 1 1450 21.1140
1 0 1 0 1 0 1 0 1 1 1 1 0 1 1 0 0 1 0 0 1451 17.6644
0 1 0 0 1 0 1 0 1 1 1 1 0 0 1 1 1 0 1 1 1453 18.0608
1 0 1 0 1 0 1 1 1 1 1 1 1 1 1 0 0 1 0 0 1454 19.0887
0 1 0 1 1 1 1 0 1 1 1 1 1 0 1 1 1 1 1 1 1456 20.4624
1 0 1 1 0 0 1 1 1 1 1 1 0 0 1 0 0 0 0 0 1457 16.5340
0 1 1 1 1 0 1 1 1 1 1 1 0 0 1 1 0 1 1 1 1458 19.9918
0 1 0 0 0 1 1 0 1 1 1 1 1 1 1 1 0 0 1 1 1459 19.3651
1 0 1 1 0 0 1 0 1 1 0 1 1 1 1 0 1 0 0 0 146 17.0226
1 0 1 0 0 0 1 1 1 1 1 1 1 0 1 0 1 1 0 0 1460 18.1531
0 1 0 1 1 0 1 0 1 1 1 1 0 0 1 1 0 1 1 1 1462 18.5586
0 1 0 0 1 1 1 1 1 1 1 1 1 0 1 1 0 1 1 1 1463 20.0494
0 1 1 0 0 1 1 1 1 1 1 1 1 1 1 1 1 0 1 1 1464 20.3995
1 0 1 1 1 1 1 1 1 1 1 1 1 1 1 0 1 1 0 0 1464 20.6355
0 1 0 1 0 1 1 1 1 0 1 1 0 1 1 1 1 1 1 1 1469 20.3786
0 1 1 0 1 1 1 0 0 1 1 1 1 0 1 1 1 1 1 1 1473 20.2615
1 0 1 1 0 0 1 1 1 1 0 1 1 0 1 0 0 0 0 0 1479 16.9920
1 0 0 0 1 1 1 0 1 1 0 1 1 1 1 0 0 0 0 0 1483 17.0986
1 0 1 0 0 0 1 1 1 1 0 1 0 0 1 0 1 0 0 0 1488 16.0328
1 1 0 1 0 1 0 1 1 0 1 1 0 1 1 1 1 1 1 0 149 18.4158
0 1 0 0 1 0 1 1 0 1 1 1 1 0 1 1 0 0 1 1 1492 18.9192
1 0 0 1 1 1 1 0 1 1 0 1 0 1 1 0 1 1 0 0 1496 18.8701
1 1 0 0 0 1 1 0 1 1 1 1 1 1 1 0 1 1 0 0 15 18.3196
1 0 0 1 1 1 1 0 1 1 0 1 1 1 1 0 1 1 0 0 1502 18.8508
0 1 1 1 0 1 1 1 1 0 1 1 0 1 1 1 1 0 1 1 1507 19.7725
1 1 1 0 1 0 1 0 0 1 1 1 1 0 1 0 1 1 1 0 151 18.3216
0 1 1 1 0 0 1 1 1 0 1 1 0 1 1 1 1 0 1 1 1512 19.4079
0 1 0 1 1 0 1 1 0 1 1 1 0 0 1 1 1 0 1 1 1517 19.9444
0 1 0 0 1 1 1 0 0 1 1 1 0 0 1 1 1 1 1 1 1521 19.9894
0 1 1 1 0 1 1 0 1 0 1 1 1 1 1 1 1 1 1 1 1526 20.2384
1 1 1 0 1 1 1 0 0 1 1 1 1 0 1 0 1 1 1 0 153 19.0557
0 1 0 1 1 1 1 1 0 1 1 1 0 0 1 1 1 0 1 1 1530 19.8194
1 0 0 0 0 1 1 1 1 1 0 1 1 0 0 0 0 0 0 0 1534 17.8402
1 0 1 0 1 0 1 0 1 1 0 1 1 1 0 0 1 0 0 0 1540 18.7361
0 1 1 0 0 0 1 0 1 0 1 1 1 1 1 1 0 0 1 1 1545 18.3719
0 1 1 0 1 0 1 0 0 1 1 1 0 0 1 1 0 1 1 1 1549 19.2780
1 0 1 1 0 1 1 1 1 1 0 1 1 0 0 0 1 1 0 0 1553 18.8855
1 0 0 1 1 1 1 1 1 1 0 1 1 1 0 0 1 0 0 0 1557 19.2394
1 0 0 0 1 0 1 1 1 1 0 1 1 0 1 0 1 0 0 0 156 17.8659
0 0 1 1 1 0 1 0 1 1 1 1 1 0 1 1 0 0 1 1 1561 18.2956
0 0 0 0 0 0 1 0 1 1 1 1 1 1 1 1 0 1 1 1 1562 18.7662
1 1 1 1 1 0 1 0 1 1 1 1 1 1 1 0 1 0 0 0 1562 18.9323
0 0 1 1 1 1 1 0 1 1 1 1 1 0 1 1 1 0 1 1 1564 19.8832
0 0 1 1 0 0 1 0 1 1 1 1 0 1 1 1 0 0 1 1 1566 17.3191
0 0 1 1 1 1 1 0 1 1 1 1 0 0 1 1 0 1 1 1 1567 18.7348
0 0 0 1 0 1 1 0 1 1 1 1 0 1 1 1 1 0 1 1 1568 18.2557
1 1 1 1 1 1 1 0 1 1 1 1 0 1 1 0 1 1 0 0 1568 18.9328
0 0 0 0 1 1 1 1 1 1 1 1 0 0 1 1 0 0 1 1 1570 18.4101
1 1 0 1 1 1 1 1 1 1 1 1 0 1 1 0 1 0 0 0 1571 19.3224
0 0 1 1 1 0 1 1 1 1 1 1 1 0 1 1 0 1 1 1 1573 20.3853
1 1 0 1 1 1 1 0 1 1 1 1 1 1 1 0 1 0 0 0 1574 19.0482
1 1 1 0 0 1 1 1 1 1 1 1 0 0 1 0 0 0 0 0 1576 16.6436
1 1 1 0 0 0 1 1 1 1 1 1 0 0 1 0 0 1 0 0 1577 17.4886
0 0 0 0 1 0 1 1 1 1 1 1 0 0 1 1 1 0 1 1 1578 17.5386
0 0 1 1 0 0 1 1 1 1 1 1 1 1 1 1 1 1 1 1 1579 20.3446
1 1 0 1 1 0 1 0 1 1 1 1 0 1 1 0 0 0 0 0 1580 17.9761
0 0 1 0 1 1 1 1 1 1 1 1 0 0 1 1 1 0 1 1 1582 18.4687
0 0 1 1 1 1 1 1 1 1 1 1 1 0 1 1 1 0 1 1 1583 20.7129
0 0 1 1 0 1 1 1 1 1 1 1 1 1 1 1 1 1 1 1 1584 22.0118
0 0 1 0 0 1 1 0 1 1 0 1 0 1 1 1 1 0 1 1 1585 18.0278
0 0 1 0 1 1 1 0 1 1 0 1 1 0 1 1 0 0 1 1 1589 18.5222
1 1 1 0 0 0 1 0 1 0 1 1 0 0 1 0 1 1 0 0 1593 17.6641
1 1 0 0 1 1 1 0 0 1 1 1 1 1 1 0 1 1 0 0 1599 18.2840
1 0 1 0 0 1 1 1 1 1 1 1 0 1 1 0 0 0 1 0 16 18.4496
0 1 0 1 0 0 0 0 1 0 1 1 0 1 1 1 1 1 1 1 160 17.7851
0 0 0 1 0 1 1 0 1 1 0 1 1 1 1 1 0 0 1 1 1604 18.9035
1 1 1 1 0 0 1 1 1 0 1 1 0 0 1 0 1 1 0 0 1608 18.7575
1 1 0 0 0 1 1 1 1 0 1 1 0 0 1 0 0 0 0 0 1612 18.0552
1 1 1 1 1 0 1 0 0 1 1 1 1 1 1 0 1 0 0 0 1616 18.2089
0 0 0 0 0 0 1 1 1 1 0 1 0 1 1 0 1 0 0 1 162 17.0903
0 0 1 1 0 0 1 1 1 1 0 1 1 1 1 1 0 1 1 1 1623 19.2574
0 0 0 0 1 1 1 0 1 1 0 1 1 0 1 1 0 1 1 1 1627 19.0899
0 0 1 0 1 0 1 1 1 1 0 1 0 0 1 1 1 1 1 1 1632 18.5071
0 0 1 0 1 1 1 0 1 1 0 1 1 0 0 1 0 1 1 1 1637 18.6256
0 1 1 0 1 0 1 1 0 1 1 1 1 0 1 0 1 1 1 1 164 19.2897
1 1 1 0 0 0 1 0 1 0 1 1 1 0 1 0 1 0 0 0 1641 18.3932
0 0 0 0 1 0 1 0 1 1 0 1 1 0 0 1 0 0 1 1 1646 18.2834
1 1 0 1 0 0 1 1 1 0 1 1 1 0 1 0 1 0 0 0 1650 18.1146
1 1 1 1 1 1 1 1 0 1 1 1 0 1 1 0 1 1 0 0 1654 19.8617
0 0 1 0 0 0 1 0 1 1 0 1 0 1 0 1 1 1 1 1 1661 17.4552
0 0 0 1 0 0 1 1 1 1 0 1 1 1 0 1 1 1 1 1 1665 19.3732
1 1 1 0 0 1 1 0 1 0 1 1 1 0 1 0 0 1 0 0 1669 17.6126
0 0 1 1 0 1 1 1 1 1 0 1 1 1 1 0 1 0 0 1 167 18.5411
1 1 0 0 1 1 1 1 0 1 1 1 0 1 1 0 0 0 0 0 1673 18.2807
0 0 0 0 0 1 1 1 1 1 0 1 1 1 0 1 1 0 1 1 1678 19.6143
1 1 0 1 1 1 1 1 0 1 1 1 1 0 1 0 0 1 1 0 168 18.5626
1 1 1 1 0 0 1 0 1 1 0 1 1 0 1 0 1 0 0 0 1682 16.1366
1 1 0 0 1 1 1 0 1 1 0 1 0 1 1 0 1 0 0 0 1687 18.0394
1 1 0 0 1 0 1 1 1 1 0 1 1 1 1 0 1 0 0 0 1692 18.6933
0 0 1 1 0 0 1 1 1 0 1 1 0 1 1 1 0 1 1 1 1698 19.0764
0 0 1 0 0 1 1 1 1 1 1 1 1 1 1 0 0 1 1 1 17 19.5083
1 1 1 1 0 0 1 1 1 1 1 1 0 1 1 0 0 0 0 0 17 17.4391
1 1 1 0 1 1 1 1 1 1 1 1 1 0 1 0 0 1 0 0 17 19.5153
0 1 0 1 1 0 1 0 0 1 1 1 1 0 1 0 1 0 1 1 170 18.1307
0 0 1 0 0 0 1 1 1 0 1 1 0 1 1 1 1 1 1 1 1703 19.6079
0 1 1 1 1 1 1 0 1 1 0 1 0 0 1 1 1 0 1 1 1706 18.0609
0 1 0 0 1 0 1 0 1 1 0 1 1 0 1 1 1 0 1 1 1711 18.0845
0 1 0 0 0 0 1 1 1 1 0 1 1 1 1 1 1 0 1 1 1716 17.9270
1 1 0 0 1 0 1 1 0 1 1 1 1 0 1 0 0 0 1 0 172 18.1912
1 0 0 0 0 0 1 1 1 0 1 1 0 0 1 0 1 1 0 0 1721 18.2691
1 0 0 1 0 0 1 0 1 0 1 1 0 0 1 0 0 1 0 0 1726 17.9654
1 1 0 0 1 0 1 0 0 1 0 1 1 1 1 0 1 0 0 0 1729 17.4510
0 1 0 1 0 1 1 0 1 0 0 1 0 1 1 1 0 0 1 1 1735 17.8652
0 1 0 1 1 0 1 1 0 1 0 1 1 0 1 1 1 0 1 1 1739 18.3286
0 1 1 1 1 1 1 1 0 1 0 1 1 0 1 1 0 0 1 1 1745 17.8528
1 1 0 0 1 1 1 0 0 1 0 1 1 1 1 0 0 0 0 0 1749 16.1266
0 0 0 0 1 0 1 0 1 1 0 1 1 0 1 0 1 1 0 1 175 18.3213
0 1 1 1 0 1 1 0 1 0 0 1 1 1 1 1 1 0 1 1 1754 18.8846
1 0 1 0 1 1 1 0 0 1 0 1 1 1 0 0 0 1 0 0 1763 16.9185
0 1 1 0 0 0 0 0 1 0 1 1 0 1 1 1 1 0 1 1 177 17.8028
0 1 1 0 1 0 1 1 0 1 0 1 0 0 1 1 1 0 1 1 1774 18.2627
1 1 0 0 1 0 1 1 0 1 0 1 0 1 1 0 0 0 0 0 1782 17.7054
0 1 0 1 0 0 1 1 1 0 0 1 1 1 1 1 0 0 1 1 1793 16.9766
0 0 0 0 1 0 1 1 1 1 1 1 0 0 1 0 1 0 1 1 18 16.5681
1 0 0 1 0 1 1 1 1 1 1 1 1 1 1 0 1 1 1 0 18 19.6151
0 0 0 0 0 0 1 1 1 1 0 1 1 1 1 0 1 1 0 1 180 18.2309
0 0 0 0 0 1 1 0 1 0 1 1 0 1 1 1 1 0 1 1 1801 18.4582
1 1 1 0 0 1 1 0 1 1 0 1 1 0 1 0 0 1 0 0 1805 17.4231
1 1 0 1 1 0 1 1 1 1 0 1 1 1 1 0 0 1 0 0 1809 18.1787
0 0 0 1 0 0 1 0 1 0 1 1 0 1 1 1 1 0 1 1 1816 17.9478
0 0 1 0 1 0 1 1 0 1 1 1 1 0 1 1 1 0 1 1 1820 18.5073
1 1 1 0 1 0 1 1 1 1 0 1 0 1 1 0 1 1 0 0 1824 18.8982
1 0 0 0 1 0 1 1 0 1 1 1 1 1 1 0 0 0 0 0 1828 17.4696
0 1 0 0 1 1 1 0 0 1 1 1 1 0 1 0 1 0 1 1 183 18.2843
0 1 0 1 0 0 1 1 1 1 0 1 1 1 1 1 0 1 1 1 1833 18.3467
0 1 1 1 1 0 1 1 1 1 0 1 1 0 1 1 0 1 1 1 1839 19.2681
1 0 1 1 0 1 1 1 1 0 1 1 0 0 1 0 1 0 0 0 1843 18.4806
0 1 1 0 1 1 1 1 1 1 0 1 1 0 1 1 1 1 1 1 1848 20.5809
1 0 0 1 0 1 1 1 1 1 0 1 1 1 1 0 1 1 0 0 185 17.7894
0 1 1 1 0 0 1 0 1 0 0 1 0 1 1 1 1 1 1 1 1852 18.3309
1 1 1 1 0 1 1 0 1 0 0 1 0 0 1 0 1 1 0 0 1856 17.6257
1 1 1 0 0 1 1 1 1 0 0 1 0 0 1 0 0 1 0 0 1862 18.4633
1 1 0 1 1 1 1 1 0 1 0 1 1 1 1 0 1 1 0 0 1866 18.4885
1 1 1 1 0 1 0 1 1 0 1 1 0 1 1 1 1 0 1 0 187 18.2330
0 1 0 0 0 0 1 1 1 0 0 1 0 1 1 1 0 1 1 1 1872 17.5538
0 0 0 1 1 0 1 0 0 1 0 1 1 0 0 1 0 0 1 1 1879 17.3377
1 1 0 0 0 0 1 1 1 0 0 1 1 0 1 0 1 1 0 0 1889 17.5443
1 0 0 1 1 0 1 0 0 1 0 1 1 1 0 0 1 0 0 0 1897 18.2090
0 0 1 1 0 0 1 1 1 1 1 1 1 1 1 0 1 1 1 1 19 19.7329
1 1 1 1 1 0 1 1 1 1 1 1 1 0 1 0 1 1 0 0 19 19.1505
1 0 1 0 0 0 1 1 1 1 0 1 1 1 1 0 1 1 0 0 190 18.5334
0 1 0 1 1 0 1 1 0 1 0 1 0 0 1 1 0 1 1 1 1907 18.9057
1 0 0 0 1 1 1 0 0 1 0 1 1 1 0 0 1 0 0 0 1917 18.2555
0 0 1 0 1 0 1 1 1 1 0 1 0 0 1 0 1 1 0 1 192 18.0108
1 1 1 0 0 0 1 0 1 1 0 1 1 0 0 0 0 0 0 0 1924 17.1792
1 1 0 0 1 0 1 0 1 1 0 1 1 1 0 0 0 1 0 0 1928 18.6015
0 0 1 0 0 1 1 0 1 0 1 1 1 1 1 1 1 1 1 1 1933 19.2507
0 0 0 0 1 1 1 1 0 1 1 1 0 0 1 1 1 0 1 1 1937 18.5703
1 0 1 0 1 0 1 0 1 1 0 1 1 0 0 0 0 1 0 0 194 18.3367
1 1 0 1 0 1 1 1 1 1 0 1 1 0 0 0 0 0 0 0 1941 17.8523
1 0 0 0 1 0 1 0 0 1 1 1 0 1 1 0 1 1 0 0 1947 18.3793
0 1 0 0 0 0 1 0 1 1 0 1 1 1 0 1 0 1 1 1 1952 18.4754
0 1 1 0 1 1 1 1 1 1 0 1 1 0 0 1 0 0 1 1 1956 19.4450
1 0 0 1 1 1 1 0 0 1 1 1 0 1 1 0 1 0 0 0 1960 18.9276
1 0 1 1 1 0 1 1 0 1 1 1 0 1 1 0 1 1 0 0 1964 19.2449
1 0 1 0 0 0 1 0 1 1 0 1 0 1 0 0 0 1 0 0 197 17.4184
0 0 1 0 1 1 1 0 0 1 0 1 0 0 1 1 1 0 1 1 1971 18.5641
1 1 1 1 1 0 1 1 0 1 0 1 1 1 0 0 0 1 0 0 1981 17.6763
0 1 1 0 0 1 1 0 1 0 1 1 1 1 1 0 1 0 1 1 199 18.5138
1 0 1 0 0 0 1 1 1 0 0 1 1 0 1 0 1 0 0 0 1991 17.7326
1 1 1 1 1 0 1 0 0 1 0 1 1 1 0 0 0 0 0 0 1999 17.0222
0 1 1 0 0 0 1 0 1 1 1 1 1 1 1 0 0 0 0 1 2 18.1014
1 1 0 0 0 1 1 0 1 1 1 1 0 1 1 0 0 1 0 0 2 18.0284
1 0 1 1 1 0 1 0 1 1 1 1 1 0 1 0 1 0 1 0 2 18.0246
1 0 0 1 1 0 1 0 1 1 1 1 0 0 1 0 0 0 1 0 20 17.2216
1 1 1 0 0 0 1 0 1 0 1 1 1 1 1 0 1 0 1 0 201 18.1943
0 0 0 0 0 0 1 1 1 0 0 1 1 1 1 1 1 1 1 1 2010 18.4972
1 0 0 0 0 1 1 0 1 0 0 1 1 0 0 0 1 1 0 0 2017 18.1305
1 0 0 0 0 1 1 1 1 0 0 1 1 0 0 0 1 1 0 0 2022 18.6426
1 0 1 1 1 1 1 0 0 1 0 1 0 1 0 0 1 1 0 0 2026 18.7222
0 0 1 1 1 1 1 1 1 1 0 1 1 0 0 0 0 0 0 1 203 18.5097
0 1 0 1 0 0 1 1 1 0 0 1 1 1 0 1 0 1 1 1 2033 18.3294
0 0 1 1 1 0 1 1 0 1 0 1 0 0 0 1 1 1 1 1 2037 19.2811
1 1 1 1 0 0 1 0 1 1 0 1 1 0 0 0 1 1 0 0 2041 17.2710
0 0 0 1 1 0 1 1 0 1 1 1 0 0 1 1 0 1 1 1 2046 19.9840
1 1 0 0 0 1 1 1 1 1 0 1 0 0 0 0 1 1 0 0 2050 17.8493
1 1 1 1 0 0 1 1 1 1 0 1 1 0 0 0 1 1 0 0 2055 17.6748
1 1 0 0 1 0 1 0 1 1 0 1 0 1 0 0 1 1 0 0 2059 18.7534
1 0 0 0 0 0 1 0 1 1 0 1 1 1 0 0 0 0 0 0 206 18.2112
1 1 0 0 1 1 1 1 1 1 0 1 1 1 0 0 1 1 0 0 2064 19.7557
0 1 1 1 0 0 1 0 1 1 0 1 0 1 0 1 1 1 1 1 2070 17.4077
0 1 0 0 0 0 1 1 1 1 0 1 1 1 0 1 1 1 1 1 2074 19.3100
0 1 1 1 1 1 1 1 1 1 0 1 0 0 0 1 1 1 1 1 2079 19.3707
0 1 1 1 1 1 1 0 0 1 1 1 0 0 1 0 1 1 1 1 208 18.5145
0 1 0 0 1 1 1 0 1 1 0 1 1 0 0 1 1 1 1 1 2083 18.9217
0 1 0 0 0 1 1 1 1 1 0 1 1 1 0 1 1 1 1 1 2088 19.6810
0 1 0 0 1 0 1 0 0 1 0 1 1 0 0 1 1 1 1 1 2096 18.8284
1 1 0 0 0 0 1 0 1 1 1 1 0 1 1 0 0 1 0 0 21 17.2631
1 1 0 1 1 1 1 1 0 1 1 1 0 0 1 0 1 0 1 0 210 18.5391
1 0 0 1 0 0 1 1 1 0 0 1 1 0 1 0 0 0 0 0 2106 16.8496
1 1 0 0 1 0 1 0 0 1 0 1 1 1 0 0 1 0 0 0 2114 18.6166
0 0 0 1 1 1 1 0 1 1 0 1 1 0 0 0 0 1 0 1 212 18.3002
0 0 0 0 1 1 1 0 0 1 0 1 0 0 1 1 0 1 1 1 2125 18.9637
0 1 0 1 1 1 1 1 0 1 0 1 1 0 0 1 1 0 1 1 2135 19.5189
1 1 0 1 0 1 1 1 1 0 0 1 1 0 0 0 1 0 0 0 2139 18.6787
0 1 0 1 1 0 1 0 0 1 0 1 0 0 0 1 1 1 1 1 2144 18.6171
0 0 0 1 0 1 1 1 1 1 0 1 1 1 0 0 0 1 0 1 215 18.5564
0 1 0 1 0 0 1 0 1 0 0 1 1 1 0 1 1 1 1 1 2150 18.3390
1 1 0 1 0 0 1 1 1 0 0 1 1 0 0 0 1 1 0 0 2154 18.8486
1 0 1 0 1 1 1 1 0 1 0 1 0 1 0 0 0 1 0 0 2159 19.0398
1 0 0 1 1 1 1 0 1 0 1 1 0 1 1 0 1 1 0 0 2162 17.8265
0 1 0 1 0 1 1 1 1 1 1 0 0 1 0 1 1 0 1 1 2168 18.6533
0 1 0 0 1 1 1 1 1 1 1 0 1 0 0 1 1 0 1 1 2173 19.3808
0 1 0 0 1 0 1 0 1 1 1 0 0 0 0 1 1 0 1 1 2178 16.9970
0 0 1 0 0 0 1 0 1 1 0 1 1 1 0 0 1 1 0 1 218 17.9690
0 1 1 1 1 1 1 0 1 1 1 0 1 0 0 1 1 0 1 1 2183 19.4243
1 0 0 0 0 0 1 0 0 1 1 1 1 0 1 0 0 1 1 0 2186 17.2467
1 0 1 0 0 0 1 0 0 1 1 1 1 0 1 0 1 1 1 0 2191 17.7701
1 0 1 1 0 1 1 0 0 1 1 1 1 0 1 0 0 1 1 0 2196 17.6331
0 0 1 0 1 1 1 1 1 1 1 1 0 0 1 0 1 0 1 1 22 18.3892
1 0 0 0 1 0 1 1 1 0 1 1 0 1 1 0 1 1 1 0 2201 18.4833
0 1 1 1 0 0 1 0 1 1 1 0 0 1 0 1 1 0 0 1 2207 16.8271
0 1 0 0 0 1 1 1 1 0 1 1 1 1 1 0 0 1 1 1 221 17.8240
0 1 1 1 0 1 1 1 1 0 1 0 0 1 0 1 1 0 0 1 2210 18.0153
0 1 1 1 1 0 1 1 0 1 1 0 1 0 0 1 0 0 1 1 2215 18.0321
1 0 0 1 1 1 1 1 1 0 0 1 0 1 1 0 1 1 0 0 2219 16.7625
1 0 1 1 0 1 1 0 1 1 0 1 1 1 0 0 1 1 0 0 222 18.8604
1 0 1 0 0 1 1 1 0 1 0 1 1 0 1 0 0 1 1 0 2225 18.4650
0 1 1 0 1 0 1 0 0 1 1 0 1 0 0 1 1 0 0 1 2230 17.5695
1 0 1 0 0 0 1 0 0 1 0 1 1 0 0 0 0 1 0 0 2234 16.1334
1 0 1 1 1 0 1 0 1 0 0 1 0 1 0 0 0 1 1 0 2244 17.2030
0 1 1 0 1 1 1 0 0 1 1 1 0 0 1 0 0 0 1 1 225 18.3932
0 1 1 0 0 0 1 0 1 0 1 0 1 1 0 1 1 0 1 1 2255 17.6996
1 1 0 1 1 1 1 0 0 1 1 1 0 0 1 0 0 1 1 0 226 18.3418
0 1 1 0 1 0 1 1 0 1 1 0 0 0 0 1 0 0 1 1 2263 18.4139
1 0 1 0 0 1 1 1 0 1 0 1 1 0 0 0 1 1 1 0 2273 19.2513
0 0 1 0 1 0 1 1 1 1 1 0 1 0 0 1 1 0 1 1 2281 18.1216
0 0 1 1 0 1 1 1 1 1 1 0 1 1 0 1 0 0 1 1 2286 18.9550
1 1 1 0 1 0 1 0 0 1 1 1 0 0 1 0 0 1 1 0 229 18.0693
0 0 0 0 1 0 1 0 1 1 1 0 1 0 0 1 0 0 1 1 2290 17.4187
1 1 0 1 0 1 1 0 0 1 1 1 1 0 1 0 1 1 0 0 2296 17.4156
0 1 0 0 0 0 1 1 1 1 1 1 0 1 1 0 0 1 0 1 23 17.7557
0 0 1 1 1 1 1 1 1 1 1 1 1 0 1 0 1 0 1 1 23 20.6304
1 0 1 0 1 0 1 1 1 1 1 1 0 0 1 0 1 1 1 0 23 18.2497
1 1 1 0 1 1 1 1 1 0 1 1 0 1 1 0 1 1 0 0 2300 19.0072
0 1 1 1 0 1 1 1 1 1 1 0 0 1 0 0 0 0 0 1 2305 18.6685
1 1 0 0 0 0 1 0 0 1 1 1 1 1 1 0 0 1 0 0 2306 17.1489
0 1 1 0 1 0 1 1 1 1 1 0 0 0 0 0 0 0 0 1 2309 17.7367
1 0 1 1 1 0 1 1 1 1 0 1 1 0 0 0 1 1 0 0 231 18.4657
1 1 1 0 0 0 1 0 0 1 1 1 1 1 1 0 1 1 0 0 2311 17.1890
1 0 1 0 0 1 1 0 0 1 1 1 1 1 1 0 1 1 1 0 2313 18.9702
1 1 1 1 0 1 1 0 0 1 1 1 1 1 1 0 0 1 0 0 2316 17.1286
1 0 0 0 1 0 1 0 1 0 1 1 0 0 1 0 1 1 1 0 2319 18.3869
1 1 0 0 1 0 1 1 1 0 1 1 0 0 1 0 1 1 0 0 2321 17.4073
0 1 0 1 0 0 1 1 1 1 1 0 0 1 0 0 0 0 0 1 2324 17.6768
0 1 1 1 0 0 1 0 1 1 1 0 0 1 0 0 1 0 0 1 2327 17.6317
1 0 1 1 0 1 1 1 0 1 1 1 1 1 1 0 1 1 1 0 2328 19.9249
1 0 1 0 1 1 1 0 1 0 0 1 0 0 1 0 1 1 1 0 2335 16.9652
0 1 0 1 0 0 0 1 1 0 1 1 1 1 1 1 0 0 1 1 234 17.9013
0 1 0 0 0 0 1 0 1 0 1 0 0 1 0 0 1 0 0 1 2346 17.4611
0 0 1 1 0 0 1 1 1 1 0 0 1 1 0 0 0 0 1 1 2355 18.0639
1 1 0 0 1 0 1 1 0 0 1 1 0 1 1 0 1 1 0 0 2357 17.1251
0 1 1 0 0 1 1 1 1 0 1 1 1 1 1 0 0 0 1 1 236 17.4929
0 0 1 0 1 0 1 1 1 1 0 0 1 0 0 1 0 0 1 1 2362 18.5482
0 0 0 1 0 1 1 1 1 1 0 0 0 1 0 0 0 0 1 1 2365 18.1690
1 1 1 0 0 1 1 0 0 0 1 1 1 1 1 0 1 1 0 0 2367 16.6368
0 0 0 0 1 0 1 1 1 1 0 0 0 0 0 0 0 0 1 1 2372 17.3852
1 0 0 1 1 0 1 0 1 0 0 1 0 0 0 0 0 1 1 0 2374 18.6329
0 1 1 1 1 1 1 1 0 1 1 1 0 0 1 0 0 1 1 1 238 19.8781
1 1 0 1 0 1 1 0 0 0 1 1 1 0 1 0 0 1 0 0 2380 17.9708
0 0 1 1 0 0 1 1 1 1 0 0 1 1 0 1 1 0 1 1 2385 18.6403
0 0 1 0 0 0 1 1 1 1 0 0 0 1 0 1 1 0 1 1 2388 17.5124
1 1 1 1 0 0 1 0 0 0 1 1 1 1 1 0 0 1 0 0 2390 16.2599
0 0 0 1 0 0 1 1 1 1 0 0 0 1 0 0 1 0 1 1 2395 17.1332
1 0 0 0 1 0 1 0 1 0 0 1 0 0 0 0 1 1 1 0 2397 18.8295
0 1 1 0 0 1 1 1 1 1 1 1 1 1 1 0 1 0 0 1 24 19.2500
1 1 1 1 0 0 1 1 1 1 1 1 0 1 1 0 1 1 0 0 24 18.1906
0 0 1 1 1 1 1 1 1 1 1 0 0 0 0 1 1 0 0 1 2402 18.1364
0 0 0 0 1 0 1 1 1 1 1 0 1 0 0 1 1 0 0 1 2407 18.3237
0 1 1 0 0 0 1 0 1 1 0 1 1 1 1 0 1 0 1 1 241 17.3817
0 0 0 0 0 0 1 0 1 1 1 0 1 1 0 1 1 0 0 1 2412 17.4865
1 1 0 0 0 1 1 1 0 1 1 1 1 0 1 0 1 1 1 0 2417 18.7364
1 0 0 0 1 0 1 0 0 1 1 1 1 0 1 0 0 1 0 0 242 17.2726
1 1 0 1 0 1 1 0 0 1 1 1 1 0 1 0 0 1 1 0 2422 17.8213
0 1 1 0 1 0 1 1 1 1 1 0 1 0 0 0 1 0 1 1 2425 16.6283
0 1 1 0 0 0 1 1 1 1 1 0 0 1 0 0 1 0 1 1 2427 17.6542
0 1 1 1 0 1 1 1 1 1 1 0 1 1 0 0 0 0 1 1 2430 19.3708
0 1 0 0 0 0 1 1 1 1 1 0 1 1 0 0 0 0 1 1 2432 18.4548
0 1 0 0 1 0 1 0 1 1 1 0 1 0 0 0 0 0 1 1 2434 18.3662
1 0 1 1 0 0 1 1 0 1 1 1 1 1 1 0 0 1 0 0 2437 18.1226
1 1 0 1 0 1 1 0 0 1 1 1 1 1 1 0 1 1 1 0 2440 18.3678
0 1 1 0 1 1 1 0 1 1 1 0 1 0 0 0 0 0 1 1 2442 18.5929
1 1 1 0 1 1 1 1 1 0 1 1 0 0 1 0 1 1 1 0 2444 19.8381
1 0 0 0 0 1 1 1 0 1 1 1 1 1 1 0 0 1 0 0 2447 17.5500
0 1 1 0 1 0 1 1 0 1 1 0 1 0 0 0 1 0 1 1 2449 17.7439
1 1 1 0 0 1 1 0 1 1 0 1 1 1 1 0 0 0 1 0 245 17.5470
0 1 0 0 1 0 1 0 0 1 1 0 1 0 0 0 0 0 1 1 2458 18.0766
1 0 1 0 1 1 1 1 1 0 0 1 0 0 1 0 1 1 0 0 2468 18.8065
1 1 0 0 1 1 1 0 1 1 0 1 0 0 1 0 1 0 1 0 247 17.1544
1 1 0 0 1 1 0 0 0 0 1 1 0 0 1 1 1 1 1 0 2475 18.6261
1 1 0 1 0 1 1 1 0 0 1 1 1 0 1 0 1 1 1 0 2478 18.5566
0 1 0 1 1 0 1 0 0 1 1 0 0 0 0 0 1 0 1 1 2483 18.7372
1 1 1 0 1 0 0 0 0 0 1 1 0 1 1 1 1 1 1 0 2485 18.4384
1 1 1 1 0 0 1 0 0 0 1 1 1 0 1 0 1 1 1 0 2488 18.3089
1 1 0 1 1 0 1 1 1 1 0 1 1 0 1 0 0 0 1 0 249 16.2225
0 0 0 1 0 1 1 1 1 1 0 0 1 1 0 1 0 0 0 1 2493 18.6854
0 1 1 1 1 0 1 1 0 1 1 0 0 0 0 0 0 0 1 1 2498 18.4703
0 1 0 1 0 1 0 0 1 0 1 1 0 1 1 1 0 1 0 1 25 17.0999
0 0 1 1 1 1 1 1 1 1 0 0 1 0 0 0 1 0 0 1 2501 19.1187
0 0 1 0 0 1 1 1 1 1 0 0 0 1 0 1 1 0 0 1 2506 18.3497
1 1 0 1 1 0 0 1 0 0 1 1 0 0 1 1 0 1 1 0 2508 18.7174
0 0 0 1 1 1 1 1 1 1 0 0 0 0 0 1 1 0 0 1 2511 18.9294
1 1 1 0 1 1 1 1 0 0 1 1 0 0 1 0 0 1 1 0 2515 19.6218
1 1 1 1 0 1 1 1 0 0 1 1 1 1 1 0 0 1 1 0 2518 18.2231
0 0 1 0 1 1 1 1 0 1 1 0 1 0 0 1 1 0 0 1 2523 18.8395
0 0 1 0 1 0 1 1 0 1 1 0 1 0 0 1 0 0 1 1 2528 17.4935
0 0 1 1 0 1 1 1 1 0 1 1 0 1 1 0 0 1 0 1 253 18.7934
1 1 0 0 1 0 1 0 1 0 0 1 0 1 1 0 1 1 0 0 2533 17.2161
1 1 1 1 0 1 1 1 0 1 0 1 1 0 1 0 0 1 1 0 2538 18.3663
1 1 1 0 0 1 1 1 0 1 0 1 1 0 1 0 1 1 1 0 2543 19.3204
0 0 1 1 1 1 1 1 0 1 1 0 1 0 0 0 0 0 0 1 2550 18.3119
0 1 1 0 0 0 1 1 1 1 0 1 1 1 1 0 0 0 1 1 256 18.1258
1 1 0 1 1 0 1 0 1 0 0 1 0 0 1 0 1 1 1 0 2560 18.2506
0 0 1 0 0 1 1 1 1 0 1 0 0 1 0 0 1 0 1 1 2569 18.7900
1 1 1 0 1 0 1 0 1 0 0 1 0 0 1 0 1 1 0 0 2577 17.8915
0 1 0 0 0 0 1 1 1 1 0 1 0 1 1 0 1 0 1 1 258 16.4951
0 0 0 1 1 1 1 1 0 1 1 0 1 0 0 0 0 0 1 1 2588 18.1991
1 1 0 0 1 1 1 0 0 0 0 1 0 0 1 0 1 1 1 0 2595 18.2860
1 0 1 1 0 1 1 0 1 1 0 1 0 1 1 0 1 0 1 0 26 17.0983
0 1 0 1 1 1 1 0 1 1 0 1 1 0 1 0 0 0 1 1 260 18.4302
0 0 0 0 0 1 1 1 1 0 0 0 0 1 0 0 0 0 1 1 2600 18.0926
0 0 1 0 1 1 1 1 0 1 0 0 1 0 0 1 0 0 0 1 2604 18.0203
1 1 1 1 1 0 1 0 0 0 0 1 0 0 1 0 1 1 1 0 2608 18.1786
1 1 1 1 1 1 1 1 0 0 0 1 0 0 1 0 1 1 1 0 2612 19.1601
0 0 1 1 0 1 1 1 1 0 0 0 0 1 0 0 1 0 0 1 2619 17.8026
0 0 0 1 1 0 1 1 0 1 0 0 1 0 0 0 1 0 1 1 2623 18.0491
1 1 0 0 0 1 1 1 0 0 0 1 1 1 1 0 0 1 1 0 2627 17.2845
0 0 0 0 1 1 1 1 0 1 1 1 1 0 1 0 0 1 0 1 263 17.5793
0 0 1 0 1 0 1 1 0 1 0 0 1 0 0 1 1 0 1 1 2632 18.1079
1 1 1 1 0 0 1 1 0 0 0 1 1 1 1 0 0 1 1 0 2636 17.7450
1 0 1 1 1 1 1 1 0 1 1 1 1 0 1 0 1 1 0 0 264 19.5776
0 0 1 1 1 0 1 1 0 1 1 0 0 0 0 1 1 0 0 1 2642 18.0809
0 0 0 0 1 0 1 0 0 1 1 0 0 0 0 1 1 0 0 1 2652 17.4634
0 1 1 1 1 1 1 0 1 1 0 1 0 0 1 0 1 0 0 1 266 17.3931
1 1 0 1 1 0 1 0 1 0 0 1 0 1 0 0 0 1 1 0 2662 18.1069
0 0 1 1 1 1 1 1 0 1 1 0 0 0 0 0 1 0 0 1 2668 19.1465
1 1 1 1 1 1 1 0 1 0 0 1 0 0 0 0 0 1 1 0 2671 18.8143
1 0 0 0 0 1 0 1 0 0 1 1 1 1 1 1 1 1 0 0 2675 17.3563
0 1 0 0 0 0 1 1 1 1 0 0 1 1 0 0 0 0 1 1 2678 18.2205
1 1 1 1 1 1 1 0 1 1 0 1 1 0 1 0 1 0 0 0 268 18.2034
0 0 0 1 1 1 1 0 0 1 1 0 0 0 0 0 1 0 0 1 2681 18.9090
1 0 1 0 0 0 0 1 0 0 1 1 1 0 1 1 1 1 0 0 2685 19.0363
0 0 1 0 1 1 1 1 0 1 1 0 0 0 0 0 1 0 1 1 2691 19.1524
1 0 0 0 1 1 1 1 0 0 1 1 0 0 1 0 1 1 1 0 2693 18.6800
1 0 0 1 0 0 1 0 0 0 1 1 1 0 1 0 1 1 1 0 2698 18.2967
0 1 0 1 0 0 1 1 1 1 0 0 1 1 0 0 0 0 0 1 2701 18.0628
1 0 1 0 1 0 1 0 0 0 1 1 0 0 1 0 1 1 1 0 2703 18.3004
0 1 0 0 1 1 1 1 1 1 0 0 1 0 0 0 0 0 0 1 2708 18.4659
1 0 1 1 0 1 1 0 1 0 1 1 0 1 1 0 0 1 1 0 271 17.7502
0 0 1 1 1 1 1 0 0 1 1 0 0 0 0 0 1 0 1 1 2711 19.0561
1 0 0 0 0 1 1 1 0 0 0 1 1 0 1 0 1 1 1 0 2717 18.1208
1 0 1 0 1 0 1 0 0 0 0 1 0 0 1 0 1 1 0 0 2721 17.9166
1 0 1 1 1 1 1 0 0 0 0 1 0 0 1 0 1 1 1 0 2726 18.3754
0 1 0 1 0 0 1 1 1 1 0 1 1 1 1 0 0 0 0 1 273 17.6965
0 1 0 0 0 0 0 1 1 0 0 0 0 1 1 0 0 0 1 1 2731 16.7387
0 1 0 1 1 1 1 1 0 1 0 0 1 0 0 1 0 0 1 1 2735 18.4524
0 1 1 1 1 0 1 1 0 1 0 0 0 0 0 0 0 0 0 1 2739 17.9197
1 0 0 0 0 1 1 1 0 0 0 1 1 0 0 0 1 1 1 0 2741 18.9342
1 1 1 0 0 1 1 0 0 0 0 1 1 0 0 0 0 1 0 0 2743 18.5168
1 1 1 0 1 1 1 0 0 0 0 1 0 1 0 0 0 1 0 0 2745 18.2656
1 1 0 0 1 1 1 1 0 0 0 1 0 1 0 0 0 1 1 0 2747 19.1775
1 0 1 1 1 1 1 0 0 0 0 1 0 0 0 0 1 1 1 0 2750 18.6658
1 1 1 1 0 0 1 0 0 0 0 1 1 0 0 0 0 1 1 0 2752 17.9211
0 1 0 0 0 0 1 1 1 0 0 0 1 1 0 0 0 0 1 1 2755 17.4429
1 0 1 1 0 0 1 1 0 0 0 1 1 1 0 0 1 1 1 0 2756 18.5790
0 0 0 1 1 1 1 1 0 1 0 0 0 0 0 1 1 0 1 1 2759 18.8958
0 0 1 1 1 1 1 0 0 1 1 1 1 0 1 0 0 1 1 1 276 17.7987
0 0 0 1 1 0 1 0 0 1 1 0 0 0 0 1 0 0 1 1 2765 17.4103
1 1 1 1 1 1 1 1 1 0 0 1 0 1 0 0 1 1 0 0 2775 18.4642
1 1 0 1 0 1 1 1 0 1 0 1 1 0 0 0 1 1 1 0 2784 18.9077
1 1 0 0 1 1 1 1 1 0 0 1 0 0 0 0 1 1 1 0 2788 19.2020
0 1 1 1 1 0 1 1 1 1 0 1 1 0 1 0 0 0 0 1 279 17.7994
1 0 0 0 0 0 1 0 0 0 1 1 1 0 1 0 0 1 0 0 2793 17.8867
0 1 1 0 1 0 1 1 1 1 0 0 0 0 0 1 1 0 1 1 2796 17.5317
1 0 1 1 1 1 0 0 0 0 1 1 0 0 1 1 0 1 0 0 2798 17.8063
0 1 0 1 1 1 1 1 1 1 0 0 1 0 0 0 1 0 1 1 2803 19.1661
0 0 1 0 1 0 1 0 0 1 1 0 0 0 0 0 0 0 0 1 2806 18.2937
1 0 1 0 1 1 1 1 0 1 1 1 1 0 1 0 0 1 1 0 281 19.2882
1 1 0 1 1 1 1 1 1 0 0 1 0 0 0 0 1 1 0 0 2811 18.8723
1 0 0 1 1 0 1 1 0 0 1 1 0 1 1 0 0 1 1 0 2814 18.7077
0 1 1 1 1 0 1 1 1 1 0 0 0 0 0 1 1 0 0 1 2819 17.6620
1 0 1 0 1 1 0 0 0 0 1 1 0 0 1 1 0 1 1 0 2821 18.2968
1 0 1 1 0 1 1 0 0 0 1 1 1 1 1 0 0 1 1 0 2824 17.0945
0 0 1 1 1 0 1 0 0 1 1 0 0 0 0 0 0 0 1 1 2829 18.3548
1 1 0 0 0 1 1 0 1 1 0 1 1 1 1 0 0 0 0 0 283 17.1614
1 0 0 0 1 1 1 0 0 0 0 1 0 0 1 0 0 1 0 0 2833 17.7018
1 0 0 1 0 0 1 1 0 0 0 1 1 1 1 0 0 1 1 0 2838 16.7544
1 0 1 1 0 1 1 0 0 0 0 1 1 1 1 0 0 1 0 0 2842 15.9575
1 0 1 0 1 0 1 0 0 0 0 1 0 0 1 0 0 1 1 0 2847 17.9915
1 0 1 0 1 1 1 1 0 0 0 1 0 0 1 0 0 1 1 0 2851 17.9073
0 0 1 1 0 1 1 1 1 0 0 0 1 1 0 0 0 0 1 1 2857 18.2312
1 0 0 1 1 1 1 0 0 1 1 1 1 0 1 0 0 1 1 0 286 17.9844
0 1 1 0 0 1 1 1 1 0 0 0 1 1 0 0 1 0 0 1 2860 18.1983
0 1 1 1 0 0 0 1 1 0 0 0 1 1 1 0 1 0 1 1 2862 17.9239
0 1 0 0 1 0 1 1 0 1 0 0 0 0 0 0 1 0 1 1 2864 18.5540
0 0 0 0 1 0 1 1 0 1 0 0 0 0 0 1 0 0 1 1 2866 18.4936
1 1 0 1 0 1 1 1 0 0 0 1 1 1 0 0 1 1 1 0 2868 18.5362
0 1 0 1 1 0 1 1 0 1 0 0 0 0 0 1 1 0 0 1 2871 18.7642
1 1 1 1 1 1 1 0 0 0 0 1 0 1 0 0 1 1 1 0 2872 18.6178
1 0 1 0 0 0 1 1 0 0 0 1 1 1 0 0 0 1 1 0 2875 17.7480
0 1 0 1 0 0 1 1 1 0 0 0 1 1 0 1 1 0 0 1 2877 18.6381
0 1 1 0 1 1 1 1 1 1 0 1 1 0 1 0 1 0 0 1 288 19.2530
0 0 0 0 1 1 1 1 0 1 0 0 0 0 0 1 0 0 1 1 2880 18.6876
1 0 0 1 1 1 1 1 1 0 1 1 0 1 1 0 0 0 0 0 2883 18.1016
1 0 1 0 0 0 1 0 0 1 1 1 1 0 1 0 0 0 0 0 2888 16.1910
0 1 0 1 1 1 1 1 1 1 1 0 1 0 0 1 1 1 1 1 2894 19.9729
1 0 1 1 1 0 1 1 1 0 1 1 0 1 1 0 0 0 0 0 2898 17.1370
0 1 0 1 1 0 1 1 0 1 1 1 1 0 1 0 1 1 0 1 29 19.0326
0 0 1 0 0 1 1 0 1 0 0 1 0 1 1 0 0 1 0 1 290 17.1059
1 0 1 0 1 0 1 1 1 0 1 1 0 1 1 0 1 0 0 0 2903 17.8611
0 1 1 0 0 1 1 1 1 1 1 0 1 1 0 1 1 1 0 1 2907 19.9373
0 1 0 1 0 0 1 1 1 1 1 0 1 1 0 1 1 1 0 1 2912 18.9648
1 0 1 1 0 0 1 1 0 1 1 1 1 0 1 0 0 0 1 0 2917 17.4247
0 1 1 1 0 0 1 0 1 0 0 1 0 1 1 0 1 0 0 1 292 16.4198
0 1 0 0 1 1 1 0 1 1 1 0 1 0 0 1 1 1 0 1 2922 19.3190
1 0 0 0 0 1 1 1 0 1 1 1 1 0 1 0 0 0 1 0 2927 18.0880
1 0 1 1 0 0 1 0 0 1 0 1 1 0 1 0 1 0 0 0 2930 15.9336
1 0 1 1 1 1 1 0 1 0 0 1 0 1 1 0 0 0 1 0 2935 17.4194
1 0 0 0 1 1 1 1 1 0 0 1 0 1 1 0 1 0 0 0 2940 17.4413
0 1 1 1 0 0 1 0 1 0 1 0 0 1 0 1 0 1 1 1 2946 17.5577
0 0 1 0 0 1 1 0 1 0 0 1 0 1 1 0 1 1 1 1 295 18.2750
0 1 1 0 0 0 1 0 1 0 1 0 0 1 0 1 1 1 1 1 2951 18.4536
0 1 1 1 1 1 1 1 0 1 1 0 0 0 0 1 1 1 0 1 2956 19.5134
1 1 1 1 0 1 1 0 1 0 0 1 0 1 1 0 1 0 1 0 296 17.2230
1 0 1 0 1 1 1 1 1 0 0 1 0 1 0 0 0 0 1 0 2966 18.4771
0 1 1 1 0 0 1 0 1 0 1 0 1 1 0 1 1 1 1 1 2976 18.8143
0 1 1 1 1 0 1 1 0 1 1 0 0 0 0 1 0 1 1 1 2984 18.8307
1 1 1 0 0 0 1 0 1 0 0 1 0 1 1 0 0 0 1 0 299 15.9374
1 0 1 1 0 1 1 1 0 1 0 1 1 0 0 0 1 0 1 0 2994 18.9298
1 1 0 1 0 0 1 1 1 1 1 1 1 1 1 0 0 1 0 0 3 18.2883
1 1 0 0 1 1 1 0 1 0 1 1 0 1 1 0 1 0 0 0 3001 17.6571
0 0 0 0 0 1 1 1 1 1 1 0 0 1 0 1 1 1 1 1 3007 18.4012
0 0 0 1 1 0 1 0 1 1 1 0 1 0 0 1 1 1 1 1 3011 18.3408
0 0 0 1 1 0 1 0 1 1 1 0 0 0 0 1 1 1 1 1 3017 17.3721
1 1 0 1 0 0 1 0 1 0 0 1 0 1 1 0 1 0 0 0 302 16.1695
1 1 0 0 1 0 1 0 1 0 1 1 0 1 1 0 0 0 0 0 3021 16.8918
0 1 1 1 1 1 1 1 1 1 1 0 0 0 0 0 0 1 0 1 3025 18.6475
1 1 0 0 1 1 1 0 1 0 1 1 0 0 1 0 0 0 0 0 3026 18.2064
1 0 0 1 1 1 1 1 1 0 1 1 0 0 1 0 1 0 1 0 3029 18.5642
1 1 1 0 1 1 1 0 1 0 1 1 0 0 1 0 1 0 0 0 3031 18.3206
0 1 0 0 0 1 1 0 1 1 1 0 0 1 0 0 0 1 0 1 3034 18.5134
0 1 0 0 0 1 1 1 1 1 1 0 1 1 0 0 1 1 0 1 3037 18.8971
0 1 1 0 1 1 1 0 1 1 1 0 0 0 0 0 0 1 0 1 3040 18.6404
0 1 0 0 0 1 1 0 1 1 1 0 1 1 0 0 1 1 0 1 3042 18.8466
1 0 1 0 0 0 1 1 0 1 1 1 1 1 1 0 1 0 1 0 3044 18.3100
0 1 1 1 1 0 1 0 1 1 1 0 0 0 0 0 1 1 0 1 3047 17.6825
1 0 1 1 1 0 1 1 1 0 1 1 0 0 1 0 1 0 1 0 3048 18.8553
0 0 0 0 1 1 1 1 0 1 0 1 1 0 1 0 1 1 1 1 305 18.7687
1 0 1 1 1 1 1 0 1 0 0 1 0 0 1 0 1 0 1 0 3056 17.7057
1 1 0 1 1 1 1 1 0 1 0 1 1 0 1 0 1 0 1 0 306 18.1890
0 1 0 0 1 1 1 1 0 1 1 0 1 0 0 0 0 1 0 1 3067 18.3624
1 1 0 0 0 0 0 0 0 0 1 1 1 1 1 1 1 0 0 0 3075 17.1069
0 0 1 0 1 0 1 1 1 1 0 0 0 0 0 0 0 1 1 1 3078 17.7638
1 1 0 1 1 1 1 0 0 0 1 1 0 1 1 0 1 0 0 0 3082 17.7014
0 0 0 1 1 0 1 1 1 1 0 0 1 0 0 0 0 1 1 1 3085 18.6420
0 0 0 0 0 0 1 1 1 1 0 0 1 1 0 1 0 1 1 1 3088 18.5732
1 1 1 1 1 0 1 1 0 0 1 1 0 1 1 0 1 0 0 0 3092 18.0380
1 0 0 1 1 0 1 1 1 0 0 1 0 0 0 0 0 0 1 0 3096 17.3793
1 0 0 0 0 0 1 0 1 1 0 1 1 1 1 0 1 0 1 0 31 17.1842
0 1 0 1 0 0 1 0 1 0 0 1 0 1 1 0 0 0 1 1 310 16.5306
0 0 1 1 0 0 1 1 1 1 0 0 0 1 0 0 1 1 1 1 3101 17.6692
1 1 0 0 0 1 1 0 0 0 1 1 1 1 1 0 0 0 0 0 3105 16.1246
0 0 1 0 1 1 1 1 1 1 0 0 1 0 0 1 1 1 1 1 3108 19.7014
1 0 1 0 1 1 1 1 1 0 0 1 0 0 0 0 1 0 1 0 3110 19.0730
1 1 1 0 0 0 1 1 0 0 1 1 1 1 1 0 0 0 0 0 3115 16.5284
0 0 0 0 1 0 1 1 1 1 0 0 0 0 0 1 1 1 1 1 3118 17.5811
0 1 0 1 0 0 1 1 1 0 0 1 0 1 1 0 0 0 1 1 312 16.6228
1 1 0 0 1 1 1 0 1 0 1 1 0 1 1 0 0 0 1 0 3122 18.8271
1 1 1 0 1 1 1 0 1 0 1 1 0 1 1 0 1 0 1 0 3127 18.6822
0 0 0 0 0 1 1 1 1 1 1 0 1 1 0 1 1 1 0 1 3133 18.6278
0 0 0 0 0 1 1 0 1 1 1 0 1 1 0 1 1 1 0 1 3138 18.5574
0 1 1 1 1 0 1 0 0 1 0 1 0 0 1 0 1 0 0 1 314 17.5224
0 0 1 1 1 0 1 0 1 1 1 0 0 0 0 1 1 1 0 1 3143 17.3150
1 1 0 0 0 0 1 0 0 1 1 1 1 1 1 0 1 0 1 0 3145 18.2038
1 0 0 1 0 0 1 1 0 1 1 1 1 1 1 0 0 0 0 0 3147 17.4966
1 1 0 0 0 0 1 1 0 1 1 1 1 1 1 0 1 0 1 0 3150 18.5559
0 1 0 0 1 0 1 1 1 1 1 0 1 0 0 0 0 1 1 1 3152 18.4367
1 1 1 1 1 0 1 0 1 0 1 1 0 0 1 0 1 0 1 0 3154 18.5614
0 1 0 1 0 0 1 1 1 1 1 0 0 1 0 0 1 1 1 1 3158 17.6528
0 1 0 1 0 0 1 0 1 1 1 0 0 1 0 0 1 1 1 1 3161 17.6727
1 0 0 1 0 1 1 1 0 1 1 1 1 1 1 0 1 0 0 0 3162 17.5219
0 1 1 1 1 0 1 0 1 1 1 0 1 0 0 0 1 1 1 1 3165 18.6377
1 0 0 0 1 0 1 1 1 0 1 1 0 0 1 0 0 0 0 0 3167 18.3154
0 1 1 1 1 0 1 1 0 1 1 0 1 0 0 0 1 1 1 1 3170 18.6633
0 1 0 0 1 0 1 0 0 1 1 0 1 0 0 0 1 1 1 1 3180 18.7611
0 0 1 1 1 0 1 0 0 1 0 1 1 0 0 0 0 1 1 1 319 16.8622
1 0 0 1 1 0 1 0 1 0 0 1 0 0 1 0 0 0 0 0 3190 17.2142
0 1 1 1 1 1 1 1 0 1 1 0 0 0 0 0 1 1 1 1 3196 19.0419
1 0 1 1 1 1 1 0 1 0 0 1 0 0 0 0 0 0 0 0 3199 18.0785
1 1 0 0 0 1 0 1 0 0 1 1 1 1 1 1 1 0 1 0 3203 18.1705
0 0 0 0 0 0 1 1 1 1 0 0 1 1 0 0 0 1 0 1 3206 18.7546
0 1 0 1 1 1 1 0 0 1 1 0 0 0 0 0 1 1 1 1 3209 18.8903
1 1 1 0 0 0 0 1 0 0 1 1 1 0 1 1 1 0 1 0 3213 18.2293
0 1 1 0 1 1 1 1 0 1 1 0 0 0 0 0 0 1 1 1 3219 18.8712
1 1 0 0 1 1 1 1 0 0 1 1 0 0 1 0 0 0 1 0 3221 18.5232
1 1 0 1 0 0 1 0 0 0 1 1 1 0 1 0 0 0 1 0 3226 17.8855
0 0 0 1 0 0 0 1 1 1 0 0 1 1 1 0 1 1 0 1 3229 18.4745
1 1 1 0 1 0 1 0 0 0 1 1 0 0 1 0 0 0 1 0 3231 18.1700
0 0 0 0 1 1 1 1 1 1 0 0 1 0 0 0 1 1 0 1 3236 19.1274
0 1 1 1 1 1 1 0 0 1 1 0 0 0 0 0 0 1 1 1 3239 18.8168
0 1 0 0 0 1 1 1 1 0 0 1 1 1 1 0 1 0 0 1 324 18.0341
0 0 1 1 1 1 1 1 0 1 1 0 1 0 0 1 1 1 0 1 3244 19.1434
1 1 1 0 1 1 1 0 1 0 0 1 0 1 1 0 0 0 1 0 3248 17.6360
1 1 0 1 1 0 1 0 1 0 0 1 0 1 1 0 1 0 0 0 3254 16.6477
0 0 1 1 0 1 1 0 1 0 1 0 0 1 0 1 1 1 1 1 3259 18.6226
0 0 1 1 0 0 1 0 1 0 1 0 0 1 0 1 1 1 1 1 3264 18.0175
1 1 1 0 0 0 1 0 0 1 0 1 1 1 1 0 1 0 1 0 3271 17.1721
1 1 0 0 1 0 1 1 1 0 0 1 0 0 1 0 1 0 1 0 3281 18.1934
1 1 0 0 0 0 1 1 1 0 0 1 1 1 1 0 1 0 1 0 329 17.7394
0 0 1 1 0 1 1 1 1 0 1 0 0 1 0 0 1 1 1 1 3290 18.8135
1 1 1 0 1 0 1 0 1 0 0 1 0 0 1 0 0 0 0 0 3299 17.1597
1 1 1 0 0 0 0 0 1 0 1 1 0 1 1 1 1 1 0 0 33 17.0528
0 0 1 0 1 0 1 0 0 1 1 0 1 0 0 0 1 1 1 1 3310 18.2835
1 1 0 1 1 1 1 0 0 0 0 1 0 0 1 0 1 0 1 0 3316 17.6717
0 0 0 1 0 1 1 1 1 0 0 0 0 1 0 1 0 1 1 1 3321 18.2947
0 0 0 1 1 0 1 1 0 1 0 0 1 0 0 0 0 1 0 1 3325 17.5366
1 1 0 0 0 1 1 1 0 0 0 1 1 1 1 0 1 0 0 0 3329 16.8852
1 1 1 0 1 1 1 1 0 0 0 1 0 1 1 0 1 0 1 0 3333 18.1199
1 1 1 0 0 1 1 1 1 0 0 1 1 1 1 0 1 0 0 0 334 17.8558
0 0 1 0 0 1 1 1 1 0 0 0 0 1 0 0 1 1 0 1 3340 18.1612
0 0 0 0 1 0 1 1 0 1 0 0 1 0 0 0 1 1 1 1 3344 18.3843
1 1 0 1 0 1 1 1 0 0 0 1 1 1 1 0 0 0 1 0 3348 16.9010
1 1 1 1 1 1 1 0 0 0 0 1 0 1 1 0 0 0 1 0 3352 17.5759
0 0 0 1 0 0 1 1 1 0 0 0 0 1 0 1 1 1 0 1 3357 17.6402
1 1 0 1 1 1 1 1 1 0 0 1 0 1 0 0 0 0 1 0 3363 18.9113
1 0 1 1 1 0 1 0 0 1 0 1 1 0 0 0 1 1 0 0 337 17.6211
0 0 0 1 1 1 1 1 0 1 1 0 0 0 0 1 1 1 0 1 3374 18.7771
1 1 0 0 1 0 1 1 1 0 0 1 0 1 0 0 0 0 1 0 3383 18.4388
1 0 0 1 0 1 0 0 0 0 1 1 1 0 1 1 1 0 0 0 3388 18.4692
0 1 1 1 0 0 1 1 1 1 0 0 1 1 0 1 0 1 1 1 3393 18.5865
0 1 1 0 0 0 1 1 1 1 0 0 0 1 0 1 0 1 1 1 3396 17.6357
1 0 1 1 0 0 0 0 0 0 1 1 1 1 1 1 1 0 0 0 3398 17.0909
0 1 0 1 0 0 1 1 1 1 0 0 0 1 0 0 0 1 1 1 3403 17.7158
1 1 0 0 1 0 1 0 1 0 0 1 0 0 0 0 0 0 1 0 3405 18.4543
1 0 0 0 0 1 0 0 0 0 1 1 1 0 1 1 1 0 1 0 3411 18.3968
0 1 1 0 1 1 1 1 1 1 0 0 1 0 0 0 0 1 0 1 3414 18.8299
0 1 1 1 0 0 1 1 1 1 0 0 0 1 0 1 0 1 0 1 3419 17.7036
1 0 1 0 0 0 0 0 0 0 1 1 1 1 1 1 1 0 1 0 3421 18.0568
0 1 0 0 1 1 1 1 1 1 0 0 0 0 0 1 0 1 0 1 3424 18.5988
1 0 1 1 1 1 1 1 0 0 1 1 0 0 1 0 1 0 1 0 3428 18.8987
0 0 1 1 0 1 1 0 1 0 0 1 0 1 0 0 1 1 1 1 343 18.1630
0 1 1 1 0 1 1 1 1 0 0 0 0 1 0 0 0 1 1 1 3433 18.3895
0 1 1 1 0 0 1 1 1 0 0 0 0 1 0 0 0 1 1 1 3438 17.4255
0 1 0 0 1 0 1 1 0 1 0 0 1 0 0 1 0 1 1 1 3442 18.1107
0 1 1 1 1 0 1 1 0 1 0 0 1 0 0 1 0 1 1 1 3447 18.0255
1 0 1 0 0 0 1 1 0 0 0 1 1 1 1 0 1 0 1 0 3451 17.9456
0 1 0 0 1 1 1 1 0 1 0 0 1 0 0 1 0 1 1 1 3456 18.5658
1 1 0 0 1 1 1 0 0 0 0 1 0 0 0 0 0 0 1 0 3459 18.5766
1 0 0 0 1 1 1 1 0 0 0 1 0 0 0 0 1 0 1 0 3461 18.9797
0 1 0 0 0 1 1 1 1 0 0 0 1 1 0 0 0 1 1 1 3464 17.9775
0 1 1 0 0 1 1 1 1 0 0 0 1 1 0 1 0 1 0 1 3466 17.5578
0 1 1 0 1 1 1 1 0 1 0 0 0 0 0 1 0 1 0 1 3468 18.8929
0 0 1 0 1 1 1 0 0 1 0 1 1 0 0 0 1 1 1 1 347 18.4082
0 0 1 1 0 1 1 1 1 0 0 0 1 1 0 1 1 1 1 1 3471 19.7189
1 1 1 1 1 0 1 0 0 0 0 1 0 0 0 0 0 0 1 0 3472 18.1445
0 1 0 0 1 1 1 1 0 1 0 0 0 0 0 0 0 1 1 1 3475 18.8792
1 0 1 1 1 0 1 1 0 0 0 1 0 1 0 0 1 0 1 0 3476 18.5848
1 0 1 0 1 1 1 1 0 0 0 1 0 1 0 0 1 0 0 0 3479 18.1709
0 0 1 0 0 1 1 1 1 0 1 0 1 1 0 1 0 1 1 1 3487 17.9886
0 0 0 0 1 1 1 0 0 1 1 0 0 0 0 1 0 1 1 1 3497 18.3520
0 0 1 1 1 0 1 1 0 1 1 0 0 0 0 0 0 1 0 1 3506 18.3656
0 1 1 1 1 1 1 1 1 1 0 0 1 0 0 0 1 1 1 1 3509 19.3810
0 1 1 0 0 1 1 1 1 1 0 0 0 1 0 1 1 1 1 1 3514 18.5258
1 0 0 1 1 0 0 1 0 0 1 1 0 0 1 1 0 0 0 0 3516 17.9486
0 1 0 1 1 1 1 1 1 1 0 0 0 0 0 1 1 1 1 1 3519 18.6276
1 0 1 0 1 1 1 1 0 0 1 1 0 0 1 0 0 0 0 0 3523 16.7045
1 0 1 1 0 1 1 1 0 0 1 1 1 1 1 0 0 0 0 0 3526 16.4899
0 1 0 0 1 1 1 1 0 1 0 1 0 0 1 0 0 0 1 1 353 17.9830
0 1 1 0 1 1 1 1 1 1 0 0 0 0 0 0 1 1 0 1 3532 18.6528
0 0 0 1 1 0 1 1 0 1 1 0 0 0 0 0 0 1 1 1 3536 18.4391
1 0 0 0 1 0 0 1 0 0 1 1 0 0 1 1 0 0 1 0 3539 18.4589
0 0 0 1 1 1 1 1 0 1 1 0 0 0 0 0 0 1 1 1 3542 18.6563
1 1 1 0 1 0 1 1 1 0 0 1 0 0 0 0 1 0 0 0 3545 18.6232
1 0 1 0 0 1 1 1 0 0 1 1 1 1 1 0 0 0 1 0 3549 17.4761
1 0 0 1 1 1 1 0 0 0 0 1 0 0 1 0 0 0 0 0 3554 16.9996
0 1 0 1 0 1 1 1 1 0 0 0 0 1 0 0 1 1 1 1 3559 18.6473
0 1 1 1 1 1 1 1 0 1 0 0 1 0 0 1 1 1 0 1 3563 19.1455
0 1 0 0 1 0 1 1 0 1 0 0 1 0 0 1 1 1 0 1 3568 18.2798
1 0 0 0 1 1 1 0 0 1 0 1 1 0 0 0 1 1 1 0 357 18.3103
0 1 0 1 1 1 1 1 0 1 0 0 1 0 0 0 1 1 1 1 3572 18.8642
1 0 0 0 0 1 1 0 0 0 0 1 1 0 0 0 0 0 0 0 3577 18.0303
1 1 0 1 0 1 1 0 0 0 0 1 1 0 0 0 1 0 1 0 3580 18.4338
0 1 1 1 1 1 0 1 0 1 0 0 0 0 1 0 1 1 1 1 3582 18.9228
1 1 1 1 1 1 1 0 0 0 0 1 0 0 0 0 1 0 0 0 3584 18.0816
1 0 1 1 0 0 1 0 0 0 0 1 1 0 0 0 0 0 0 0 3586 17.5838
0 1 0 1 0 1 1 1 1 0 0 0 1 1 0 0 1 1 0 1 3589 18.5999
1 1 1 0 0 0 1 0 0 0 0 1 1 0 0 0 1 0 1 0 3591 18.1556
0 1 1 1 1 1 1 1 0 1 0 0 0 0 0 1 1 1 1 1 3593 19.0863
1 0 1 0 1 0 1 1 0 0 0 1 0 1 0 0 0 0 1 0 3595 19.1114
1 1 1 0 0 1 1 1 0 0 0 1 1 1 0 0 1 0 1 0 3597 18.5470
1 0 0 0 0 0 1 1 1 1 0 1 1 1 1 0 1 0 1 0 36 16.3119
1 0 1 1 1 1 1 1 0 0 0 1 0 1 0 0 0 0 0 0 3600 18.0881
1 0 0 0 1 1 1 1 1 0 1 1 1 1 1 0 1 1 0 0 3605 18.3808
0 0 0 1 1 0 1 0 0 1 1 1 1 0 1 0 0 0 0 1 361 16.3749
0 1 0 0 0 1 1 0 1 1 1 0 0 1 1 1 0 1 1 1 3610 19.0661
0 1 1 1 0 0 1 0 1 1 1 0 1 1 1 1 0 1 1 1 3615 18.9706
0 1 0 0 1 0 1 1 1 1 1 0 0 0 1 1 0 1 1 1 3619 18.2704
1 0 0 1 1 0 1 0 0 1 1 1 1 0 1 0 1 0 0 0 362 17.8853
1 0 1 0 1 0 1 1 1 0 1 1 1 1 1 0 1 0 0 0 3623 18.4226
1 0 0 1 0 0 1 1 0 1 1 1 0 0 1 0 1 0 1 0 3629 18.4574
1 0 0 0 0 1 1 0 0 1 1 1 0 0 1 0 1 1 1 0 3633 18.6570
1 0 1 1 0 0 1 0 0 1 1 1 0 0 1 0 1 1 1 0 3638 17.9338
1 0 0 1 1 0 1 1 1 0 1 1 1 1 1 0 1 0 1 0 3642 17.4851
0 1 0 1 0 1 1 0 1 1 1 0 1 1 1 1 0 1 0 1 3647 19.0622
1 0 0 1 1 0 1 1 0 1 1 1 1 0 1 0 1 0 0 0 365 18.0830
0 1 1 1 1 0 1 1 0 1 1 0 1 0 1 1 0 1 1 1 3655 19.0388
1 0 0 0 0 1 1 1 0 1 0 1 0 0 1 0 1 0 1 0 3665 17.9819
1 1 0 0 1 0 1 0 1 1 0 1 1 0 1 0 1 1 1 0 367 17.8416
1 0 1 0 1 1 1 0 1 0 0 1 1 1 1 0 1 1 0 0 3673 17.7420
0 1 1 0 1 1 1 1 0 1 1 0 1 0 1 1 0 0 1 1 3683 18.3046
1 0 1 1 1 1 1 1 1 0 0 1 1 1 1 0 1 1 0 0 3693 18.6479
1 0 1 0 1 1 1 0 1 0 0 1 1 1 0 0 1 0 0 0 3698 17.8081
0 0 1 1 0 0 0 0 1 0 1 1 0 1 1 1 1 0 0 1 370 17.0804
1 0 1 0 1 1 1 0 1 0 0 1 1 1 0 0 1 1 1 0 3703 18.1471
0 1 0 0 0 1 1 0 1 1 0 1 1 1 1 0 1 1 1 1 373 18.9690
0 0 0 1 1 1 1 0 0 1 1 1 1 0 1 0 1 0 0 1 376 18.3129
0 1 0 0 0 1 1 1 1 1 0 1 1 1 1 0 1 1 1 1 378 18.9321
1 0 1 0 0 1 0 1 1 0 1 1 0 1 1 1 1 0 0 0 380 17.7551
0 0 1 0 1 1 1 1 0 1 1 1 1 0 1 0 1 0 0 1 383 18.1401
1 1 1 0 1 0 1 1 1 1 0 1 0 0 1 0 1 1 1 0 384 17.7212
0 1 1 1 1 0 1 0 1 1 0 1 1 0 1 0 1 1 0 1 386 18.1069
0 0 0 1 0 1 0 1 1 0 1 1 0 1 1 1 1 0 1 1 389 19.3274
1 1 0 0 1 1 1 0 0 1 1 1 1 0 1 0 1 1 0 0 39 18.1706
1 0 1 0 0 1 0 0 1 0 1 1 0 1 1 1 1 0 1 0 391 18.2597
0 0 1 0 1 1 1 0 0 1 1 1 1 0 1 0 1 0 1 1 393 18.9206
0 1 0 0 1 0 1 1 1 1 0 1 1 0 1 0 1 1 0 1 396 18.2415
1 0 0 0 0 0 0 0 1 0 1 1 0 1 1 1 1 0 1 0 399 17.8976
0 0 1 1 1 1 1 0 1 1 1 1 1 0 1 0 1 0 1 1 4 19.7284
1 0 0 0 1 1 1 1 0 1 1 1 1 0 1 0 1 0 1 0 401 18.7205
1 0 1 1 1 0 1 1 0 1 1 1 1 0 1 0 1 0 1 0 403 18.4693
1 1 1 0 1 0 1 1 1 1 0 1 1 0 1 0 1 1 0 0 406 18.6640
1 0 0 1 0 0 1 1 1 0 1 1 0 1 1 0 0 0 1 0 408 17.1598
1 0 0 1 1 1 1 1 1 1 0 1 1 0 1 0 1 0 1 0 41 18.9249
0 1 1 0 0 1 1 0 1 0 0 1 0 1 1 0 0 1 0 1 410 17.1709
0 1 0 0 1 0 1 1 0 1 0 1 1 0 1 0 0 1 1 1 412 18.1436
0 1 1 0 0 1 1 0 1 0 0 1 0 1 1 0 1 1 1 1 415 18.1523
1 0 1 0 1 0 1 0 0 1 0 1 1 0 1 0 0 0 1 0 416 16.6012
1 1 0 1 0 1 1 1 1 0 0 1 0 1 1 0 1 1 0 0 419 17.6574
1 1 1 0 1 0 1 1 0 1 0 1 1 0 1 0 0 1 1 0 422 18.2363
0 1 0 0 1 1 1 1 0 1 0 1 1 0 1 0 1 1 1 1 425 18.7651
0 1 0 0 0 0 1 0 1 0 0 1 0 1 1 0 0 1 0 1 427 16.4901
0 1 1 0 0 1 1 1 1 0 0 1 0 1 1 0 1 1 0 1 430 18.1798
0 0 1 1 0 0 1 1 1 0 0 1 0 1 1 0 1 0 1 1 432 17.4346
0 0 1 0 1 0 1 0 0 1 0 1 1 0 0 0 0 0 0 1 434 16.8206
1 0 1 1 0 1 1 0 1 0 0 1 0 1 0 0 0 0 1 0 439 17.6260
0 1 1 0 0 1 0 1 1 0 1 1 0 1 1 1 1 1 0 1 44 18.5381
0 0 1 1 1 1 1 0 0 1 0 1 1 0 0 0 0 0 1 1 444 17.3552
1 1 0 0 1 1 1 1 0 1 0 1 0 0 1 0 1 1 1 0 449 18.2175
1 0 0 1 1 1 1 0 0 1 0 1 1 0 0 0 0 0 1 0 454 17.7025
0 0 1 0 0 1 1 0 1 0 0 1 0 1 0 0 1 0 0 1 458 17.3073
0 1 1 0 0 1 1 0 1 0 0 1 1 1 1 0 0 1 1 1 463 17.5477
1 1 0 1 0 1 1 1 1 0 0 1 1 1 1 0 0 1 0 0 467 17.4120
0 0 1 1 0 0 1 1 1 1 0 1 0 1 1 0 1 0 1 1 47 16.7125
0 0 1 0 1 1 1 1 0 1 0 1 1 0 0 0 1 0 1 1 473 19.1926
0 1 1 0 0 1 1 1 1 0 0 1 1 1 1 0 0 1 0 1 478 17.9148
1 1 1 1 0 0 1 1 1 0 1 1 0 1 1 0 1 1 0 0 48 18.1764
1 0 0 0 0 1 1 0 1 0 1 1 1 1 1 0 1 0 0 0 481 18.1260
1 0 0 1 1 0 1 0 0 1 1 1 0 0 1 0 1 1 0 0 484 18.3522
0 1 1 1 1 1 1 0 1 1 0 1 1 0 0 0 0 1 1 1 486 18.7569
0 1 0 1 0 1 1 1 1 1 0 1 0 1 0 0 0 1 1 1 489 18.6031
1 1 0 0 0 0 1 1 1 1 0 1 1 1 0 0 0 1 1 0 490 18.7022
0 0 1 0 1 0 1 0 0 1 1 1 0 0 1 0 1 1 0 1 493 18.0960
1 0 1 0 0 0 1 0 1 0 1 1 1 1 1 0 1 1 0 0 495 17.8914
1 1 1 1 0 1 1 1 1 1 0 1 1 1 0 0 0 1 1 0 497 19.4673
1 0 1 0 1 0 1 1 0 1 1 1 0 0 1 0 1 1 0 0 499 19.4175
0 1 0 1 0 0 1 1 1 1 1 1 1 1 1 0 1 1 0 1 5 19.0936
0 0 1 1 0 0 1 0 1 1 0 1 1 1 1 0 1 1 1 1 50 17.9910
1 0 1 0 1 1 1 1 0 1 1 1 0 0 1 0 1 1 0 0 501 19.5497
1 1 0 0 1 1 1 1 1 1 0 1 1 0 0 0 0 1 1 0 504 18.9604
0 1 1 0 0 0 1 0 1 1 0 1 1 1 0 0 0 0 0 1 508 17.8327
0 1 1 1 0 1 1 0 1 1 0 1 1 1 0 0 0 1 0 1 510 18.0262
0 0 1 1 1 0 1 0 0 1 1 1 0 0 1 0 1 0 1 1 512 17.9860
0 0 0 1 0 0 1 0 1 0 1 1 1 1 1 0 1 1 1 1 514 18.1867
1 1 1 0 0 1 1 1 1 1 0 1 1 1 0 0 0 0 0 0 516 18.5757
0 0 1 0 1 1 1 0 0 1 1 1 0 0 1 0 1 1 1 1 519 18.5780
1 1 0 0 0 1 1 1 1 0 1 1 0 1 1 0 0 0 0 0 52 17.4058
1 1 1 0 1 1 1 1 1 1 0 1 0 0 0 0 0 1 0 0 520 18.7926
0 1 0 0 1 1 1 0 1 1 0 1 1 0 0 0 0 1 0 1 523 18.3898
0 1 0 1 0 1 1 1 1 1 0 1 1 1 0 0 0 0 0 1 525 18.1664
0 0 1 1 0 0 1 1 1 0 1 1 1 1 1 0 1 0 1 1 528 19.1735
1 0 1 0 0 0 1 0 1 0 0 1 1 1 1 0 1 0 0 0 531 17.0010
0 1 1 0 1 0 1 0 0 1 0 1 1 0 0 0 0 1 1 1 536 17.6539
0 0 0 1 0 0 1 0 1 0 0 1 1 1 1 0 1 0 0 1 542 17.6535
1 0 0 1 0 0 1 1 1 0 0 1 1 1 1 0 1 0 1 0 546 17.9202
0 1 1 0 1 0 1 0 0 1 1 1 1 0 1 0 1 0 0 1 55 17.8124
1 0 1 0 1 1 1 1 0 1 0 1 0 0 1 0 1 0 1 0 551 17.6762
1 1 1 0 1 0 1 0 0 1 0 1 1 0 0 0 0 0 0 0 554 17.1354
1 0 0 1 1 1 1 0 1 1 0 1 0 0 1 0 1 1 1 0 56 17.8230
0 1 1 0 0 1 1 0 1 0 0 1 0 1 0 0 0 0 1 1 560 17.5885
0 1 1 1 1 0 1 1 0 1 0 1 1 0 0 0 0 0 1 1 565 17.6982
0 0 0 1 1 1 1 1 0 1 0 1 0 0 1 0 1 1 1 1 570 18.2034
0 1 0 0 1 1 1 1 0 1 0 1 1 0 0 0 0 0 1 1 575 18.3694
1 1 1 1 1 0 1 0 0 1 0 1 0 0 0 0 0 0 0 0 577 18.1923
1 0 0 1 0 1 1 1 1 0 0 1 1 1 0 0 1 0 1 0 579 19.2901
1 1 1 1 1 1 1 0 0 1 0 1 0 0 0 0 0 0 0 0 582 18.3502
0 0 1 1 1 0 1 0 0 1 0 1 0 0 0 0 1 1 1 1 584 17.8690
0 1 0 1 0 1 1 1 1 0 0 1 1 1 0 0 0 1 0 1 587 17.6638
1 0 0 1 1 0 1 1 1 1 0 1 1 0 1 0 1 1 1 0 59 18.2099
0 0 1 0 0 1 1 1 1 0 0 1 1 1 0 0 1 0 1 1 590 18.9169
0 0 1 0 0 0 1 1 1 0 0 1 1 1 0 0 1 0 1 1 593 18.7959
1 0 0 1 0 0 1 1 1 0 0 1 1 1 0 0 1 1 1 0 594 18.6661
1 1 1 1 0 1 1 1 1 0 0 1 1 1 0 0 0 1 0 0 597 17.7013
1 1 1 0 1 1 1 1 0 1 0 1 0 0 0 0 0 1 1 0 599 19.1755
0 0 1 1 0 0 1 0 1 1 1 1 0 1 1 0 0 0 1 1 6 17.1139
1 1 1 1 1 0 1 0 1 1 1 1 0 0 1 0 0 0 0 0 6 17.2037
1 0 0 0 1 0 1 0 0 1 1 1 0 0 1 0 0 0 0 0 601 18.5932
1 1 1 0 1 0 1 0 1 1 0 1 1 0 0 0 1 0 1 0 604 18.0400
1 1 1 1 0 0 1 0 1 1 0 1 0 1 0 0 1 1 1 0 606 17.2614
0 0 1 0 0 0 1 0 1 0 1 1 1 1 1 0 0 0 0 1 609 16.4392
1 0 0 1 0 0 1 0 1 0 1 1 1 1 1 0 0 1 0 0 610 17.2840
0 1 0 1 1 0 1 0 1 1 0 1 1 0 0 0 1 0 1 1 613 18.1473
1 0 0 0 1 1 1 0 0 1 1 1 0 0 1 0 0 0 0 0 615 18.5675
1 1 1 1 0 1 1 1 1 1 0 1 1 1 0 0 1 1 1 0 617 20.2949
1 1 0 0 1 0 1 0 1 1 0 1 0 0 0 0 1 1 1 0 619 17.5622
1 1 0 1 1 1 1 1 1 1 0 1 1 0 0 0 1 0 1 0 621 19.3038
0 0 0 0 0 1 0 0 1 0 1 1 1 1 1 1 0 0 1 1 625 17.7276
0 1 1 0 0 0 1 0 1 1 0 1 1 1 0 0 1 0 0 1 628 17.7803
0 1 0 0 0 0 0 0 1 0 1 1 0 1 1 1 1 0 0 1 63 16.9820
0 0 0 1 0 1 1 1 1 0 1 1 1 1 1 0 0 1 1 1 630 19.4168
0 1 0 0 1 0 1 0 1 1 0 1 1 0 0 0 1 1 0 1 632 18.3915
0 0 1 1 1 1 1 0 0 1 1 1 0 0 1 0 0 0 1 1 634 18.3153
1 1 1 0 0 1 1 1 1 1 0 1 1 1 0 0 1 0 0 0 636 19.4970
0 1 1 1 1 1 1 1 1 1 0 1 0 0 0 0 1 1 0 1 639 18.6382
1 1 1 0 1 0 1 1 1 1 0 1 1 0 0 0 1 1 0 0 640 18.7194
1 1 0 0 0 0 1 0 1 1 0 1 0 1 0 0 1 1 0 0 643 17.6121
0 1 0 1 0 1 1 1 1 1 0 1 1 1 0 0 1 0 0 1 645 18.4886
0 0 1 1 1 1 1 1 0 1 1 1 0 0 1 0 0 0 1 1 648 19.2390
1 0 0 1 0 0 1 1 1 1 0 1 0 1 1 0 1 1 1 0 65 17.4953
1 1 0 1 1 0 1 1 0 1 0 1 1 0 0 0 1 1 1 0 651 19.0636
1 1 1 0 0 1 1 0 1 0 0 1 0 1 0 0 1 1 1 0 656 18.4469
0 1 1 0 1 0 1 1 0 1 0 1 1 0 0 0 1 1 1 1 662 18.6914
1 0 0 1 1 1 1 1 0 1 0 1 0 0 1 0 0 0 1 0 666 17.6610
0 1 1 1 1 0 1 1 0 1 1 1 1 0 1 0 1 0 0 1 67 18.5273
1 1 0 0 1 1 1 1 0 1 0 1 1 0 0 0 1 1 1 0 671 19.1831
0 0 1 0 0 0 1 0 1 0 0 1 1 1 1 0 0 1 0 1 675 17.1616
0 0 1 1 0 1 1 0 1 0 0 1 1 1 1 0 0 1 1 1 680 18.1365
1 0 0 0 0 0 1 0 1 0 0 1 1 1 1 0 0 1 0 0 685 17.0251
0 1 1 1 1 1 1 1 0 1 0 1 1 0 0 0 1 0 1 1 690 18.9121
1 1 0 0 0 0 1 1 1 0 0 1 0 1 0 0 1 0 1 0 695 18.2149
1 0 1 0 1 0 1 0 0 1 0 1 0 0 0 0 0 1 0 0 697 18.2601
1 0 1 0 1 1 1 0 0 1 0 1 0 0 0 0 0 1 0 0 699 17.3324
0 1 0 1 1 1 1 0 1 1 1 1 0 0 1 0 0 0 0 1 7 17.9309
1 1 1 1 0 0 1 0 1 1 1 1 1 1 1 0 0 1 0 0 7 18.1286
0 0 1 0 1 0 1 1 1 1 0 1 1 0 1 0 1 1 1 1 70 18.8795
1 1 1 1 1 1 1 0 0 1 0 1 0 0 0 0 1 0 0 0 702 18.5580
1 0 1 0 0 1 1 0 1 0 0 1 1 1 0 0 0 0 1 0 704 17.3910
0 1 0 1 0 1 1 1 1 0 0 1 1 1 0 0 1 1 0 1 707 18.6068
0 0 0 1 1 1 1 0 0 1 0 1 0 0 0 0 0 1 0 1 710 18.0488
0 1 0 0 0 0 1 1 1 0 0 1 1 1 0 0 1 1 1 1 713 18.6592
1 0 1 1 1 1 1 1 0 1 0 1 0 0 0 0 0 0 1 0 714 18.5878
1 1 1 1 0 1 1 1 1 0 0 1 1 1 0 0 1 1 0 0 717 18.6481
1 1 0 0 1 1 1 1 0 1 0 1 0 0 0 0 1 0 1 0 719 19.0415
0 1 0 1 1 1 1 1 0 1 1 1 1 0 1 0 0 0 0 1 72 18.6300
0 1 0 0 0 0 1 0 1 1 1 1 1 1 1 1 1 1 0 1 721 19.2954
0 1 1 0 0 1 1 0 1 1 1 1 0 1 1 1 0 0 0 1 722 19.1470
1 0 0 0 1 1 1 0 1 1 1 1 0 1 1 0 0 1 1 0 722 18.4416
0 1 0 0 0 0 1 1 1 1 1 1 1 1 1 1 0 1 0 1 724 19.6075
1 0 0 1 0 0 1 1 1 1 1 1 1 0 1 0 1 1 1 0 725 17.3487
0 1 0 1 0 0 1 0 1 1 1 1 1 1 1 1 0 0 0 1 727 18.8242
1 0 1 1 1 0 1 0 1 1 1 1 1 1 1 0 0 1 1 0 727 18.1013
1 0 0 1 0 0 1 0 1 1 1 1 1 0 1 0 1 0 1 0 728 17.2052
1 0 1 0 1 1 1 0 1 1 1 1 1 1 1 0 1 1 1 0 729 20.0964
1 0 1 0 0 0 1 0 1 1 1 1 0 0 1 0 0 1 1 0 731 16.1721
0 1 0 0 0 0 1 0 1 1 1 1 0 1 1 1 1 0 0 1 733 18.0985
1 0 1 0 0 0 1 1 1 1 1 1 1 0 1 0 0 1 1 0 734 18.1966
0 1 0 1 0 1 1 0 1 1 1 1 1 1 1 1 1 1 0 1 736 19.7890
0 1 1 1 1 1 1 1 1 1 1 1 1 0 1 1 0 0 0 1 737 19.8700
0 1 1 1 0 1 1 1 1 1 1 1 1 1 1 1 0 1 0 1 738 20.8956
1 0 0 0 1 1 1 1 1 1 1 1 1 1 1 0 1 0 1 0 738 19.7761
1 1 0 1 0 1 1 0 1 0 1 1 1 1 1 0 1 0 0 0 74 17.9598
0 1 1 0 1 0 1 1 1 1 1 1 1 0 1 1 1 1 0 1 740 20.5507
0 1 0 1 0 0 1 0 1 1 1 1 0 1 1 1 0 1 0 1 742 18.5971
0 1 0 0 1 0 1 1 1 1 1 1 0 0 1 1 0 1 0 1 743 19.1829
0 1 1 0 0 0 1 1 1 1 1 1 0 1 1 1 1 0 0 1 744 18.2876
1 0 1 1 1 0 1 1 1 1 1 1 0 1 1 0 1 1 1 0 744 19.0221
0 1 0 0 0 1 1 1 1 0 1 1 0 1 1 1 0 1 0 1 748 18.9893
1 0 0 1 0 0 1 0 1 1 0 1 1 0 1 0 1 0 1 0 752 16.2477
1 0 0 1 0 1 1 0 1 1 0 1 1 0 1 0 1 0 1 0 758 17.3864
1 0 0 0 1 1 1 1 1 1 0 1 1 1 1 0 1 0 1 0 762 19.5556
0 1 0 1 0 0 1 1 1 0 1 1 0 1 1 1 0 1 0 1 768 18.4656
0 0 1 0 1 0 1 0 1 1 0 1 0 0 0 0 0 1 1 1 77 17.1506
0 1 0 1 1 0 1 1 0 1 1 1 1 0 1 1 0 0 0 1 771 18.7467
0 1 1 0 1 0 1 0 0 1 1 1 1 0 1 1 0 0 0 1 776 18.1961
1 0 1 1 1 1 1 0 1 1 0 1 1 0 0 0 0 1 1 0 78 19.0959
1 0 0 0 1 1 1 0 1 1 0 1 1 1 1 0 1 1 1 0 781 19.6364
1 0 0 0 0 0 1 1 1 1 0 1 0 0 1 0 1 1 1 0 786 16.4707
1 0 1 1 0 1 1 1 1 1 0 1 1 0 1 0 1 1 1 0 791 19.4155
1 0 1 0 0 0 1 0 1 1 0 1 1 0 0 0 0 0 1 0 796 17.0720
0 0 0 1 0 1 1 0 1 1 1 1 0 1 1 0 1 0 1 1 8 18.0589
0 0 1 1 1 0 1 0 1 1 1 1 1 0 1 0 1 1 1 1 8 18.0869
1 1 0 1 1 1 1 0 1 1 1 1 0 0 1 0 1 0 0 0 8 16.5229
1 0 0 0 1 0 1 0 1 1 0 1 1 1 0 0 0 1 1 0 800 18.2021
0 1 1 0 0 1 1 0 1 0 1 1 1 1 1 1 1 1 0 1 805 19.4225
0 1 0 0 1 1 1 1 0 1 1 1 0 0 1 1 1 0 0 1 809 19.4748
1 0 0 1 0 1 1 1 1 1 0 1 0 1 0 0 0 1 1 0 81 18.6265
1 0 0 1 0 1 1 1 1 1 0 1 1 0 0 0 0 0 1 0 813 18.2822
1 0 1 1 1 0 1 0 1 1 0 1 1 1 0 0 1 0 1 0 819 18.8160
0 1 1 1 0 1 1 0 1 0 1 1 1 1 1 1 0 0 0 1 824 18.0156
0 1 0 1 1 1 1 1 0 1 1 1 0 0 1 1 0 1 0 1 828 20.0542
0 1 0 0 0 0 1 1 1 0 1 1 1 1 1 0 1 1 0 1 83 18.2329
1 0 1 0 1 1 1 1 1 1 0 1 0 1 0 0 1 1 1 0 832 19.4765
1 0 0 1 1 1 1 0 1 1 0 1 1 1 0 0 1 1 1 0 836 19.7209
0 0 1 1 1 1 1 0 1 1 1 1 0 0 1 1 0 0 0 1 841 18.2426
0 0 0 0 0 1 1 0 1 1 1 1 0 1 1 1 0 1 0 1 842 18.8328
1 1 1 1 1 1 1 0 1 1 1 1 0 1 1 0 1 0 1 0 842 19.7309
0 0 1 1 0 1 1 0 1 1 1 1 1 1 1 1 1 0 0 1 844 19.1087
1 1 1 0 1 0 1 0 1 1 1 1 0 1 1 0 0 0 1 0 845 18.5432
0 0 1 1 0 0 1 0 1 1 1 1 1 1 1 1 0 1 0 1 847 18.6645
1 1 0 0 1 0 1 0 1 1 1 1 1 1 1 0 1 0 1 0 847 19.6659
1 1 1 1 0 0 1 0 1 1 1 1 1 0 1 0 1 1 1 0 848 17.1451
0 0 0 0 0 1 1 1 1 1 1 1 0 1 1 1 0 0 0 1 850 18.4553
1 1 0 1 0 1 1 1 1 1 1 1 0 0 1 0 1 0 1 0 851 17.3835
0 0 1 1 0 0 1 1 1 1 1 1 1 1 1 1 0 1 0 1 853 20.3085
1 1 0 1 0 1 1 0 1 1 1 1 1 0 1 0 1 0 1 0 854 18.2226
0 0 1 0 1 1 1 1 1 1 1 1 0 0 1 1 0 0 0 1 856 18.5843
0 0 1 0 1 1 1 1 1 1 1 1 1 0 1 1 0 1 0 1 857 20.1217
0 0 0 0 0 1 1 1 1 1 1 1 1 1 1 1 1 0 0 1 858 18.6911
1 1 0 1 1 1 1 1 1 1 1 1 1 1 1 0 1 1 1 0 858 21.1309
0 1 1 1 1 0 1 0 0 1 1 1 0 0 1 0 1 1 0 1 86 18.1945
1 1 0 1 0 0 1 0 1 1 1 1 0 0 1 0 0 0 1 0 860 16.1344
0 0 1 0 0 1 1 1 1 1 1 1 0 1 1 1 1 0 0 1 862 18.3716
0 0 1 1 1 0 1 1 1 1 1 1 0 0 1 1 1 0 0 1 863 18.1552
0 0 1 1 0 0 1 1 1 1 1 1 0 1 1 1 1 1 0 1 864 19.4152
1 1 0 0 1 1 1 1 1 1 1 1 1 1 1 0 0 0 1 0 864 19.3705
0 0 1 1 1 1 1 0 1 1 0 1 1 0 1 1 1 0 0 1 868 19.0758
1 1 1 0 1 0 1 0 0 1 1 1 1 1 1 0 0 1 1 0 872 18.1763
1 1 1 0 1 0 1 1 0 1 1 1 1 1 1 0 0 1 1 0 878 20.3391
0 1 1 1 0 0 1 0 1 0 1 1 1 1 1 0 1 1 0 1 88 18.0934
0 0 0 0 0 1 1 0 1 1 0 1 1 1 1 1 0 0 0 1 883 18.0685
0 0 1 0 0 1 1 1 1 1 0 1 1 1 1 1 1 0 0 1 888 18.9654
1 1 0 1 0 1 1 1 1 0 1 1 0 0 1 0 0 0 1 0 891 18.1972
0 0 0 1 1 0 1 0 1 1 0 1 1 0 1 1 1 1 0 1 896 18.7874
0 1 1 0 1 1 1 0 1 1 1 1 1 0 1 0 1 1 0 1 9 19.2326
1 0 1 0 0 1 1 1 1 1 0 1 1 1 0 0 0 1 1 0 90 19.0159
0 0 0 1 0 1 1 0 1 1 0 1 1 1 1 1 1 1 0 1 902 18.9064
1 1 0 1 0 0 1 1 1 0 1 1 0 0 1 0 1 0 1 0 906 18.0976
1 1 0 0 1 1 1 1 0 1 1 1 1 1 1 0 0 0 1 0 911 18.2870
1 1 0 1 1 0 1 0 0 1 1 1 0 1 1 0 1 1 1 0 916 19.2553
0 1 1 1 1 0 1 1 0 1 1 1 0 0 1 0 1 1 0 1 92 19.8125
0 0 0 1 0 1 1 1 1 1 0 1 0 1 0 1 0 1 0 1 921 19.4323
0 0 0 1 1 0 1 0 1 1 0 1 1 0 0 1 0 0 0 1 925 18.3064
1 1 0 0 0 0 1 1 1 0 1 1 1 0 1 0 1 0 1 0 929 17.9516
1 1 1 0 1 1 1 1 0 1 1 1 0 1 1 0 1 1 1 0 933 20.7666
1 1 1 1 1 1 1 1 0 1 1 1 0 0 1 0 1 1 0 0 94 18.7611
0 0 1 0 0 0 1 0 1 1 0 1 1 1 0 1 1 0 0 1 940 18.1618
0 0 0 0 1 0 1 0 1 1 0 1 1 0 0 1 1 1 0 1 944 18.5203
1 1 0 1 0 0 1 1 1 0 1 1 1 0 1 0 0 1 1 0 948 17.3058
1 1 1 1 1 1 1 0 0 1 1 1 0 1 1 0 0 1 1 0 952 17.7596
0 0 0 1 0 1 1 1 1 1 0 1 1 1 0 1 1 0 0 1 957 19.5531
0 0 0 1 0 1 1 0 1 0 1 1 0 1 1 1 1 1 0 1 962 18.2931
0 0 1 1 1 0 1 0 0 1 1 1 1 0 1 1 0 1 0 1 967 17.8101
1 0 1 1 1 0 1 0 1 1 0 1 1 0 0 0 1 1 1 0 97 18.1257
1 1 0 1 1 0 1 1 1 1 0 1 1 1 1 0 1 0 1 0 971 19.4615
1 1 0 1 0 0 1 1 1 1 0 1 0 0 1 0 1 0 1 0 977 15.8835
0 0 0 1 1 1 1 0 0 1 1 1 1 0 1 1 0 1 0 1 982 18.4448
1 0 0 1 1 0 1 0 0 1 1 1 1 1 1 0 0 1 1 0 985 18.1594
1 0 0 0 1 0 1 1 0 1 1 1 1 1 1 0 1 1 1 0 990 19.7060
0 1 0 1 0 0 1 1 1 1 0 1 1 1 1 1 1 0 0 1 995 18.0486
0 1 1 1 0 1 1 0 1 0 1 0 1 1 1 1 0 0 1 1 3709 18.0021
0 1 0 1 0 0 1 0 1 0 1 0 1 1 1 1 0 1 1 1 3714 18.0557
0 1 0 0 1 1 1 0 0 1 1 0 0 0 1 1 0 0 1 1 3719 18.4603
1 1 0 0 1 1 1 0 1 0 1 1 1 1 1 0 1 1 0 0 3723 18.0624
0 0 0 0 0 0 1 1 1 1 1 0 1 1 1 1 0 1 1 1 3728 18.5237
0 0 1 0 1 1 1 0 1 1 1 0 1 0 1 1 0 0 1 1 3732 18.0560
1 1 0 1 1 0 1 0 1 0 1 1 1 1 1 0 1 0 0 0 3736 18.0519
1 1 1 1 1 1 1 1 1 0 1 1 1 1 1 0 1 1 0 0 3740 19.0774
0 1 1 0 0 1 1 1 1 1 1 0 0 1 1 0 0 1 0 1 3746 17.0893
0 1 1 0 0 0 1 1 1 1 1 0 0 1 1 0 0 1 0 1 3749 18.0186
1 1 0 0 0 0 1 1 0 1 1 1 0 1 1 0 1 0 0 0 3750 17.9182
0 1 0 1 0 0 1 0 1 1 1 0 1 1 1 0 0 1 0 1 3753 18.9651
1 0 1 1 1 0 1 0 1 0 1 1 1 0 1 0 1 0 1 0 3754 19.2564
1 1 1 0 0 0 1 0 0 1 1 1 0 1 1 0 1 1 0 0 3757 17.6542
1 1 0 0 1 0 1 0 1 0 1 1 1 0 1 0 1 0 0 0 3759 19.0950
1 1 0 0 1 0 1 1 1 0 1 1 1 0 1 0 1 0 0 0 3761 19.0750
0 0 0 1 0 0 1 1 1 1 1 0 0 1 1 0 0 1 1 1 3764 18.9190
0 1 0 0 0 1 1 0 1 1 1 0 1 1 1 0 0 0 0 1 3766 17.8686
0 1 1 0 1 0 1 1 0 1 1 0 1 0 1 0 0 1 0 1 3770 18.0066
1 1 0 0 1 0 0 1 0 0 1 1 1 1 1 1 1 1 0 0 3773 17.4105
1 1 0 0 1 1 0 0 0 0 1 1 1 1 1 1 1 1 0 0 3777 17.0257
1 1 0 1 0 1 1 1 0 0 1 1 0 1 1 0 1 1 0 0 3780 18.2127
1 1 1 0 0 1 0 0 0 0 1 1 0 1 1 1 1 1 0 0 3783 17.7191
1 1 1 0 1 0 0 1 0 0 1 1 1 1 1 1 1 1 0 0 3787 18.1571
1 1 1 1 0 0 1 1 0 0 1 1 0 0 1 0 1 1 0 0 3790 18.9401
1 1 0 1 0 1 1 0 0 0 1 1 0 0 1 0 1 0 0 0 3796 18.0797
0 1 0 0 1 0 1 1 0 1 1 0 1 0 1 0 0 0 0 1 3800 17.0680
0 0 1 1 1 1 1 1 1 1 0 0 1 0 1 1 0 1 1 1 3803 18.8482
1 1 1 1 0 0 1 0 0 0 1 1 0 1 1 0 1 0 0 0 3806 17.6939
1 0 0 0 1 0 1 1 1 0 0 1 1 0 1 0 1 1 1 0 3809 18.7121
0 0 0 1 1 0 1 1 1 1 0 0 0 0 1 1 0 1 1 1 3813 16.2563
1 0 0 1 1 1 1 0 1 0 0 1 1 0 0 0 1 1 1 0 3818 19.6265
0 1 0 0 1 1 1 1 0 1 1 0 0 0 1 0 0 1 0 1 3829 19.4085
0 1 1 1 1 1 1 0 0 1 1 0 0 0 1 0 0 1 0 1 3839 19.4447
0 0 1 0 1 0 1 1 1 1 1 0 0 0 1 1 0 1 0 1 3845 17.6105
0 0 0 1 1 0 1 0 1 1 1 0 1 0 1 1 0 1 0 1 3849 18.2233
0 0 0 0 0 0 1 1 1 1 1 0 1 1 1 1 0 0 0 1 3854 17.5868
0 0 1 0 1 1 1 0 1 1 1 0 1 0 1 1 0 1 0 1 3858 18.6659
1 1 1 1 0 1 1 1 0 1 1 1 0 0 1 0 1 1 1 0 3862 19.6381
1 1 0 1 1 1 1 0 1 0 1 1 1 0 1 0 1 0 1 0 3866 19.6143
1 0 0 1 0 0 1 1 0 1 1 1 0 1 1 0 1 0 0 0 3869 17.6867
0 1 0 1 0 0 1 1 1 1 1 0 1 1 1 0 0 1 1 1 3871 19.6373
1 1 1 0 0 1 1 0 0 1 1 1 0 1 1 0 1 0 1 0 3873 19.2168
0 1 1 1 1 1 1 0 1 1 1 0 1 0 1 0 0 0 1 1 3875 18.7918
1 0 1 1 0 0 1 0 0 1 1 1 0 1 1 0 1 1 0 0 3878 17.2866
0 1 1 0 1 1 1 0 1 1 1 0 0 0 1 0 0 1 1 1 3880 19.3222
1 0 0 1 1 0 1 1 1 0 1 1 1 0 1 0 1 0 0 0 3882 19.1395
0 1 0 1 1 1 1 1 1 1 1 0 1 0 1 0 0 1 1 1 3884 20.4940
0 1 0 1 0 0 1 0 1 1 1 0 0 1 1 0 0 1 1 1 3887 18.1365
1 1 0 0 0 1 1 0 0 0 1 1 0 0 1 0 1 1 1 0 3891 18.2962
0 0 1 0 1 1 1 1 1 1 0 0 1 0 1 0 0 0 0 1 3894 18.3000
1 1 0 1 0 0 0 0 0 0 1 1 0 0 1 1 1 1 1 0 3898 17.9313
1 1 1 0 0 0 1 0 0 0 1 1 0 1 1 0 1 1 1 0 3901 18.2320
0 0 0 0 1 1 1 1 1 1 0 0 0 0 1 1 0 0 0 1 3904 17.2062
0 0 0 0 1 1 1 1 1 1 0 0 1 0 1 0 0 0 0 1 3908 18.2051
1 0 1 1 1 0 1 1 1 0 0 1 1 0 1 0 1 0 0 0 3912 19.2829
0 0 1 1 1 1 1 1 1 1 0 0 1 0 1 0 0 1 0 1 3917 18.5953
1 1 0 0 0 0 0 0 0 0 1 1 0 0 1 1 1 0 1 0 3921 17.8121
0 0 1 0 1 0 1 1 1 1 0 0 0 0 1 1 0 1 0 1 3924 17.1556
0 0 0 1 1 1 1 1 1 1 0 0 0 0 1 1 0 1 0 1 3927 18.1164
0 0 0 1 1 1 1 1 1 1 0 0 1 0 1 0 0 1 0 1 3931 18.5959
0 0 0 0 0 1 1 1 1 1 0 0 1 1 1 1 0 1 0 1 3934 18.0432
0 1 1 1 1 1 1 1 0 1 1 0 0 0 1 0 0 0 1 1 3942 18.9791
1 0 0 1 1 0 1 0 1 0 0 1 1 0 0 0 1 1 0 0 3952 19.0704
0 0 1 1 0 1 1 1 1 0 1 0 0 1 1 1 0 1 0 1 3961 18.2732
1 1 1 0 1 0 1 0 1 0 0 1 1 1 1 0 1 0 1 0 3969 18.0921
0 0 0 1 1 1 1 1 0 1 1 0 1 0 1 1 0 1 0 1 3980 18.9188
1 0 0 0 1 1 1 0 0 0 1 1 1 0 1 0 1 1 0 0 3987 18.7346
1 0 0 1 0 1 1 1 0 0 1 1 0 0 1 0 1 1 0 0 3990 18.3855
1 0 0 1 1 0 0 0 0 0 1 1 1 0 1 1 1 1 0 0 3994 18.6873
1 0 1 0 1 0 1 0 0 0 1 1 1 1 1 0 1 1 0 0 3997 17.1077
1 0 1 1 0 0 1 0 0 0 1 1 0 0 1 0 1 1 0 0 4000 17.8469
1 0 1 1 0 1 1 1 0 0 1 1 0 0 1 0 1 1 0 0 4004 19.3176
1 1 0 0 1 1 1 0 1 0 0 1 1 0 1 0 1 0 0 0 4009 18.3634
1 0 0 0 0 1 1 1 0 0 1 1 0 0 1 0 1 1 1 0 4013 18.2827
1 0 0 0 1 0 0 0 0 0 1 1 1 0 1 1 1 1 1 0 4017 18.5888
1 0 0 1 0 0 1 1 0 0 1 1 0 0 1 0 1 1 1 0 4020 18.3838
1 0 1 0 0 0 1 0 0 0 1 1 0 0 1 0 1 1 1 0 4023 17.8927
1 0 1 0 0 1 1 1 0 0 1 1 0 0 1 0 1 1 1 0 4027 18.3724
0 1 0 0 1 1 1 1 1 1 0 0 1 0 1 1 0 0 0 1 4030 17.2472
0 0 1 1 0 1 1 1 1 0 0 0 0 1 1 0 0 1 0 1 4035 17.4381
1 0 0 0 0 1 1 1 0 0 0 1 0 0 1 0 1 1 1 0 4037 18.1025
0 0 0 1 1 0 1 1 0 1 0 0 1 0 1 0 0 1 1 1 4039 17.8774
1 1 1 0 0 1 1 0 0 0 0 1 0 1 1 0 1 0 0 0 4041 16.7572
1 0 0 0 0 1 1 1 0 0 0 1 0 1 1 0 1 1 1 0 4043 18.7059
1 1 1 1 0 1 1 0 0 0 0 1 0 0 1 0 1 0 1 0 4046 17.3420
0 1 0 0 1 0 1 1 0 1 0 0 1 0 1 1 0 0 0 1 4048 16.1917
1 1 0 1 1 1 1 1 0 0 0 1 1 1 1 0 1 0 0 0 4050 16.7737
1 0 1 1 0 0 1 1 0 0 0 1 0 1 1 0 1 1 1 0 4052 18.9724
0 1 0 1 0 0 1 1 1 0 0 0 0 1 1 1 0 0 1 1 4055 15.8752
1 0 0 0 0 1 1 0 0 0 0 1 0 0 0 0 1 1 1 0 4059 18.2067
1 0 1 0 1 1 1 0 0 0 0 1 1 0 0 0 1 1 0 0 4063 18.4172
0 1 1 0 0 0 1 1 1 0 0 0 1 1 1 1 0 0 0 1 4068 16.1647
1 0 1 1 0 1 1 0 0 0 0 1 0 1 0 0 1 1 1 0 4072 18.4701
1 0 1 1 1 0 1 1 0 0 0 1 1 1 0 0 1 1 1 0 4076 18.4394
1 1 1 1 1 1 1 0 1 0 0 1 1 1 1 0 1 1 0 0 4082 17.7542
0 0 1 1 1 0 1 0 0 1 1 0 1 0 1 1 0 0 1 1 4093 16.6730
0 0 0 0 1 1 1 0 0 1 1 0 1 0 1 1 0 0 1 1 4103 17.3593
1 0 0 1 1 0 1 0 0 0 1 1 1 1 1 0 1 0 0 0 4108 17.2261
1 1 1 1 1 1 1 0 1 0 0 1 1 0 1 0 1 1 1 0 4112 19.4986
1 0 0 0 0 0 1 1 0 0 1 1 0 0 1 0 1 0 0 0 4115 18.3354
1 0 1 1 0 1 1 0 0 0 1 1 0 0 1 0 1 0 0 0 4118 16.5121
0 0 1 0 1 1 1 0 0 1 1 0 1 0 1 0 0 0 0 1 4122 17.9930
0 1 0 1 1 1 1 1 1 1 0 0 1 0 1 1 0 1 1 1 4125 18.7093
1 0 0 0 0 0 1 0 0 0 1 1 0 1 1 0 1 0 1 0 4131 18.3205
0 1 1 0 1 0 1 1 1 1 0 0 0 0 1 0 0 1 0 1 4134 17.6252
0 1 1 0 1 0 1 1 1 1 0 0 1 0 1 1 0 1 0 1 4138 18.0238
0 1 0 1 1 0 1 1 1 1 0 0 1 0 1 0 0 1 0 1 4141 18.2558
0 0 1 0 1 0 1 0 0 1 1 0 1 0 1 0 0 0 1 1 4144 17.5573
0 1 0 0 1 0 1 1 1 1 0 0 0 0 1 0 0 1 0 1 4148 17.6414
0 0 0 0 1 1 1 0 0 1 1 0 1 0 1 0 0 0 1 1 4152 18.0100
1 1 0 0 1 1 1 0 0 0 0 1 1 0 1 0 1 1 1 0 4155 18.2731
0 0 1 1 0 0 0 1 1 0 0 0 0 1 0 0 0 0 1 1 4158 16.8376
0 1 0 0 0 1 1 1 1 0 0 0 0 1 1 0 0 1 1 1 4160 18.2755
0 1 0 0 0 1 1 1 1 0 0 0 0 1 1 1 0 1 1 1 4162 17.8981
0 1 1 0 1 1 1 1 0 1 0 0 1 0 1 1 0 1 0 1 4164 17.7646
0 0 0 1 1 0 1 1 0 1 0 0 1 0 1 1 0 0 0 1 4167 16.1759
1 0 1 1 1 1 1 0 0 0 0 1 1 1 1 0 1 0 1 0 4168 17.0429
0 1 0 0 1 1 0 1 0 1 0 0 1 0 0 0 0 1 1 1 4171 18.4239
1 1 1 1 1 1 1 1 0 0 0 1 1 0 1 0 1 1 1 0 4172 19.1385
0 0 0 0 0 0 1 1 1 0 0 0 0 1 1 1 0 0 1 1 4176 15.9017
0 1 1 0 0 0 1 1 1 0 0 0 1 1 1 0 0 1 1 1 4181 17.7804
0 1 0 1 1 0 1 1 0 1 0 0 0 0 1 1 0 1 1 1 4185 18.0272
1 0 1 0 1 1 1 0 0 0 0 1 1 0 0 0 1 0 1 0 4189 18.3521
0 1 1 0 0 0 1 1 1 0 0 0 1 1 1 1 0 1 1 1 4194 17.2794
0 1 0 0 1 1 1 1 0 1 0 0 0 0 1 1 0 1 0 1 4198 18.2365
1 1 1 0 1 1 1 0 1 0 0 1 1 1 0 0 1 0 0 0 4202 17.9324
1 1 1 0 1 1 1 0 1 0 0 1 1 1 0 0 1 1 1 0 4207 19.4182
0 0 1 1 0 1 1 0 1 0 1 0 1 1 1 1 0 0 1 1 4213 17.4422
0 0 0 1 0 0 1 0 1 0 1 0 1 1 1 1 0 1 1 1 4218 17.3451
0 0 0 0 1 1 1 0 0 1 1 0 0 0 1 1 0 0 1 1 4223 17.7012
1 1 0 0 1 1 1 1 1 0 0 1 1 0 0 0 1 0 1 0 4228 19.5502
0 0 1 1 1 0 1 0 0 1 1 0 0 0 1 0 0 0 0 1 4239 18.0733
0 0 1 0 1 1 1 0 0 1 1 0 0 0 1 0 0 1 0 1 4248 19.7002
1 1 1 1 0 0 1 0 0 1 0 1 0 1 0 0 1 1 0 0 4256 17.6157
1 1 0 1 1 0 1 1 1 0 0 1 1 0 0 0 1 1 0 0 4266 19.8891
0 0 1 1 0 1 1 1 1 0 0 0 1 1 1 0 0 0 0 1 4275 16.8373
0 0 0 1 1 0 1 1 0 1 0 0 0 0 1 0 0 0 1 1 4279 17.6415
1 1 0 0 0 1 1 1 0 0 0 1 0 1 0 0 1 1 1 0 4283 18.9293
0 0 1 0 1 0 1 1 0 1 0 0 0 0 1 1 0 0 1 1 4288 16.8180
1 1 1 1 0 0 1 1 0 0 0 1 0 1 0 0 1 1 1 0 4292 18.7177
0 0 1 0 1 0 1 1 0 1 0 0 0 0 1 0 0 1 1 1 4298 18.2604
1 1 0 1 1 0 1 1 0 0 0 1 1 1 0 0 1 0 1 0 4302 18.2974
1 1 1 1 1 1 1 0 0 0 0 1 1 1 0 0 1 0 0 0 4306 16.9239
0 0 0 0 0 1 1 1 1 0 0 0 1 1 1 1 0 1 0 1 4312 17.0833
0 0 0 1 0 0 1 1 1 0 0 0 1 1 1 0 0 1 1 1 4316 17.4960
1 0 0 0 0 0 1 0 0 1 1 1 0 0 1 0 0 0 0 0 4321 18.1015
0 1 1 1 1 1 1 1 1 1 1 0 1 0 1 1 1 1 1 1 4326 21.2863
1 0 1 1 0 1 1 0 0 1 1 1 0 0 1 0 0 0 0 0 4330 18.2335
1 0 1 0 0 1 1 0 0 1 1 1 0 0 1 0 0 1 0 0 4335 18.3964
1 0 1 1 1 1 1 1 1 0 1 1 1 1 1 0 0 0 0 0 4339 17.3456
1 0 1 1 1 0 1 1 1 0 1 1 1 1 1 0 0 0 0 0 4344 17.4304
0 1 1 1 0 0 1 1 1 1 1 0 0 1 1 1 1 1 0 1 4350 18.6761
0 1 0 0 0 0 1 0 1 1 1 0 1 1 1 1 1 1 0 1 4354 19.1427
0 1 1 1 1 1 1 0 1 1 1 0 0 0 1 1 1 1 0 1 4359 19.0009
0 1 0 0 1 1 1 1 1 1 1 0 1 0 1 1 1 1 0 1 4363 19.6301
0 1 0 0 0 1 1 0 1 1 1 0 1 1 1 1 1 1 0 1 4368 19.4036
0 1 1 0 1 0 1 1 0 1 1 0 1 0 1 1 1 1 1 1 4376 19.2312
1 0 0 1 0 1 1 1 0 1 0 1 0 0 1 0 0 0 1 0 4386 17.5718
1 0 1 1 1 1 1 0 1 0 0 1 1 1 1 0 0 1 0 0 4394 16.8072
0 1 1 1 1 0 1 0 0 1 1 0 1 0 1 1 1 0 1 1 4405 18.1020
0 1 0 0 1 1 1 0 0 1 1 0 1 0 1 1 1 0 1 1 4415 18.5566
1 0 1 0 0 1 1 0 0 1 0 1 0 0 0 0 0 1 0 0 4419 17.4766
0 1 1 1 1 0 1 1 0 1 1 0 0 0 1 1 1 1 1 1 4424 19.7209
0 1 1 0 0 1 1 0 1 0 1 0 1 1 1 1 1 0 1 1 4430 18.9268
1 0 0 1 0 1 1 1 0 1 0 1 0 0 0 0 0 1 1 0 4434 18.4307
1 0 0 0 1 0 1 1 1 0 0 1 1 1 0 0 0 0 1 0 4439 17.5740
1 1 0 1 1 1 1 0 1 0 1 1 1 1 1 0 0 1 0 0 4444 17.1153
0 0 0 1 0 1 1 0 1 1 1 0 0 1 1 1 1 1 1 1 4449 18.2225
0 0 0 1 1 0 1 1 1 1 1 0 1 0 1 1 1 0 1 1 4453 18.2711
1 1 0 0 0 1 1 1 0 1 1 1 0 0 1 0 0 0 0 0 4457 18.3209
1 1 1 0 1 0 1 1 1 0 1 1 1 1 1 0 0 1 0 0 4461 18.2458
1 0 0 1 0 0 1 0 0 1 1 1 0 1 1 0 0 0 1 0 4466 18.3773
0 1 1 0 1 0 1 1 1 1 1 0 0 0 1 0 1 1 0 1 4469 17.9774
1 1 0 0 1 1 1 1 1 0 1 1 1 0 1 0 0 0 0 0 4470 18.1222
0 1 0 1 1 0 1 0 1 1 1 0 1 0 1 0 1 1 0 1 4473 19.1012
0 1 1 1 0 0 1 0 1 1 1 0 0 1 1 0 1 0 0 1 4475 17.0959
0 1 0 0 0 0 1 1 1 1 1 0 1 1 1 0 1 0 0 1 4478 17.9627
0 0 1 0 0 0 1 0 1 1 1 0 1 1 1 0 1 1 1 1 4480 19.3185
0 1 1 0 1 1 1 0 1 1 1 0 1 0 1 0 1 1 0 1 4482 20.3872
0 0 0 1 1 0 1 1 1 1 1 0 0 0 1 0 1 1 1 1 4484 18.8737
1 1 1 1 0 1 1 1 0 1 1 1 0 1 1 0 0 1 0 0 4486 19.4330
0 0 1 1 1 1 1 1 1 1 0 0 0 0 1 0 1 0 1 1 4491 17.7307
0 0 1 0 0 1 0 1 1 1 0 0 1 1 0 0 1 0 1 1 4494 19.4197
0 1 0 0 1 0 1 0 0 1 1 0 1 0 1 0 1 1 0 1 4498 18.7615
0 0 0 1 0 0 1 1 1 1 0 0 1 1 1 0 1 0 1 1 4501 17.6707
0 0 0 0 0 1 1 1 1 1 0 0 0 1 1 1 1 0 1 1 4504 17.0889
0 0 0 0 0 1 0 1 1 1 0 0 1 1 0 0 1 0 1 1 4508 18.6961
0 1 0 1 1 1 1 0 0 1 1 0 1 0 1 0 1 1 0 1 4511 19.1869
0 0 1 1 0 1 0 1 1 1 0 0 1 1 0 0 1 1 1 1 4517 20.0930
0 1 0 1 1 0 1 0 0 1 1 0 1 0 1 0 1 0 0 1 4521 17.6818
1 1 0 0 1 1 1 1 0 0 1 1 1 1 1 0 0 0 0 0 4523 16.3770
0 0 0 1 0 1 1 1 1 1 0 0 0 1 1 1 1 1 1 1 4527 18.0088
0 0 0 1 0 1 0 1 1 1 0 0 1 1 0 0 1 1 1 1 4531 19.6507
1 1 1 0 1 0 1 1 0 0 1 1 1 0 1 0 0 0 0 0 4533 18.0196
1 0 0 0 1 1 1 1 1 0 0 1 1 0 0 0 0 0 1 0 4540 18.4041
0 1 1 1 1 0 1 0 0 1 1 0 0 0 1 0 1 0 0 1 4551 18.3020
0 1 1 0 1 1 1 0 0 1 1 0 0 0 1 0 1 1 0 1 4560 19.7803
1 1 0 1 1 1 1 1 1 0 1 1 1 1 1 0 0 0 1 0 4565 18.9418
1 1 0 0 1 0 1 0 1 0 1 1 1 1 1 0 0 1 1 0 4569 18.1531
0 0 1 1 0 1 1 0 1 1 1 0 0 1 1 1 1 1 0 1 4575 18.2137
0 0 0 0 0 1 1 1 1 1 1 0 1 1 1 1 1 1 0 1 4579 18.6892
1 1 1 0 0 1 1 1 0 1 1 1 0 0 1 0 0 0 1 0 4583 18.8056
0 1 1 1 1 0 1 1 1 1 1 0 1 0 1 0 1 0 1 1 4587 18.7849
1 0 0 1 1 1 1 1 1 0 1 1 1 0 1 0 0 0 0 0 4589 18.4597
1 1 1 0 0 0 1 0 0 1 1 1 0 1 1 0 0 0 1 0 4591 18.5906
1 1 1 0 1 0 1 0 1 0 1 1 1 0 1 0 0 0 1 0 4593 18.1213
1 1 0 0 1 0 1 1 1 0 1 1 1 0 1 0 0 1 1 0 4595 17.8879
0 0 1 1 0 1 1 0 1 1 1 0 0 1 1 0 1 1 0 1 4599 19.0605
1 0 1 1 0 1 1 0 0 1 1 1 0 1 1 0 0 1 0 0 4600 17.3588
0 0 0 0 0 1 1 1 1 1 1 0 1 1 1 0 1 1 0 1 4603 16.9838
1 1 1 1 0 0 1 1 0 1 1 1 0 1 1 0 0 1 1 0 4604 19.6149
1 0 1 0 0 1 1 1 0 1 1 1 0 1 1 0 0 0 0 0 4607 18.4016
0 0 1 0 0 0 1 1 1 1 0 0 1 1 1 0 1 0 0 1 4612 17.9291
1 1 0 1 1 1 0 1 0 0 1 1 1 0 1 1 0 1 1 0 4614 17.8425
1 0 1 1 1 0 1 0 1 0 0 1 1 0 1 0 0 0 0 0 4618 17.4391
0 0 0 0 0 1 1 1 1 1 0 0 0 1 1 0 1 0 0 1 4622 17.9721
1 1 1 1 1 0 0 0 0 0 1 1 1 0 1 1 0 1 1 0 4624 17.8647
1 1 1 1 1 1 0 1 0 0 1 1 1 0 1 1 0 1 1 0 4628 17.3246
1 0 0 1 1 1 1 0 1 0 0 1 1 0 1 0 0 1 0 0 4634 18.1024
1 1 0 0 1 1 0 1 0 0 1 1 1 0 1 1 0 0 1 0 4637 18.0375
1 0 1 0 1 0 1 0 1 0 0 1 1 0 1 0 0 1 0 0 4641 18.0606
1 1 0 1 1 0 1 1 0 0 1 1 1 0 1 0 0 0 1 0 4644 18.3639
1 1 1 0 1 0 0 0 0 0 1 1 1 0 1 1 0 0 1 0 4647 17.7275
1 1 1 0 1 1 0 1 0 0 1 1 1 0 1 1 0 0 1 0 4651 18.2127
1 1 1 1 0 1 1 1 0 0 1 1 0 1 1 0 0 0 1 0 4654 18.7473
1 0 1 0 0 0 1 0 0 1 0 1 0 1 0 0 0 1 0 0 4663 17.8273
1 0 0 0 1 0 1 1 1 0 0 1 1 0 0 0 0 1 0 0 4673 18.5784
0 0 1 0 0 1 1 1 1 0 1 0 0 1 1 1 1 1 0 1 4682 18.0704
1 1 0 1 1 1 1 1 1 0 0 1 1 1 1 0 0 0 0 0 4691 16.7964
0 0 0 1 1 1 1 1 0 1 1 0 1 0 1 1 1 1 1 1 4702 19.4273
0 1 1 0 1 0 1 1 1 1 0 0 1 0 1 0 1 0 1 1 4708 17.9639
0 0 0 1 1 0 1 1 0 1 1 0 1 0 1 0 1 1 0 1 4711 19.3858
0 1 1 1 0 1 1 1 1 1 0 0 1 1 1 1 1 0 1 1 4715 18.7092
0 1 0 0 1 1 1 1 1 1 0 0 0 0 1 0 1 0 1 1 4718 18.0377
1 1 0 1 1 0 1 0 1 0 0 1 1 0 1 0 0 0 1 0 4720 16.8665
0 1 0 1 0 0 1 1 1 1 0 0 0 1 1 1 1 0 1 1 4725 16.0899
0 1 1 1 0 0 1 1 1 1 0 0 1 1 1 0 1 0 0 1 4731 17.8841
0 1 1 0 0 0 0 1 1 1 0 0 0 1 0 0 1 0 0 1 4734 17.2945
0 1 1 0 0 0 0 1 1 1 0 0 1 1 0 1 1 0 0 1 4738 18.1894
0 1 0 1 0 1 1 1 1 1 0 0 0 1 1 0 1 0 0 1 4741 17.8008
1 1 0 0 1 0 1 0 1 0 0 1 1 0 1 0 0 0 0 0 4743 16.8562
0 1 0 0 0 0 0 1 1 1 0 0 0 1 0 0 1 0 0 1 4748 17.3384
1 0 1 1 1 1 1 1 0 0 1 1 1 1 1 0 0 1 1 0 4750 18.0237
1 0 0 0 0 1 1 0 0 0 0 1 0 0 1 0 0 1 1 0 4755 17.6863
1 0 0 0 1 1 1 1 0 0 0 1 1 0 1 0 0 1 1 0 4757 17.7496
1 0 1 0 1 1 1 0 0 0 0 1 1 0 1 0 0 1 0 0 4759 17.8758
1 1 1 0 1 1 1 0 0 0 0 1 1 1 1 0 0 0 0 0 4761 15.1231
0 0 1 0 0 0 1 1 1 0 0 0 0 1 1 1 1 1 0 1 4764 17.1080
0 0 1 1 0 1 1 1 1 0 0 0 0 1 1 1 1 1 1 1 4767 16.2585
1 1 1 1 0 0 1 0 0 0 0 1 0 0 1 0 0 0 1 0 4768 16.8736
0 1 0 0 0 0 1 1 1 0 0 0 0 1 1 0 1 0 1 1 4771 17.7264
1 0 1 1 1 0 1 1 0 0 0 1 1 1 1 0 0 1 1 0 4772 17.7575
1 1 1 0 0 1 1 1 0 0 0 1 0 1 1 0 0 0 0 0 4775 17.5856
1 0 0 1 0 1 1 0 0 0 0 1 0 0 0 0 0 1 1 0 4780 17.7606
1 0 1 1 1 1 1 0 0 0 0 1 1 0 0 0 0 1 0 0 4784 17.7472
0 1 0 1 0 1 1 1 1 0 0 0 1 1 1 0 1 0 0 1 4789 17.7743
0 1 1 1 1 1 1 1 0 1 0 0 0 0 1 1 1 0 1 1 4793 17.5237
1 0 1 0 0 1 1 1 0 0 0 1 0 1 0 0 0 1 1 0 4797 18.9438
1 1 1 1 1 0 1 0 1 0 0 1 1 1 1 0 0 1 0 0 4804 16.8691
0 0 1 1 1 0 1 0 0 1 1 0 1 0 1 1 1 0 0 1 4815 17.1101
0 0 0 1 1 1 1 0 0 1 1 0 1 0 1 1 1 0 1 1 4824 17.5120
0 0 1 0 1 1 1 1 0 1 1 0 1 0 1 0 1 0 0 1 4829 18.8315
0 1 1 1 1 1 1 1 1 1 0 0 0 0 1 1 1 1 1 1 4833 17.9792
0 1 1 0 0 0 1 1 1 1 0 0 0 1 1 1 1 1 1 1 4836 17.0491
0 1 0 1 0 0 0 1 1 1 0 0 1 1 0 1 1 1 1 1 4839 18.4692
0 0 0 0 1 1 1 1 0 1 1 0 1 0 1 0 1 0 0 1 4843 18.2556
1 0 1 0 1 1 1 1 0 0 1 1 1 1 1 0 0 0 0 0 4845 16.3962
0 1 1 0 0 1 1 1 1 1 0 0 0 1 1 0 1 1 0 1 4852 18.4944
1 0 0 1 1 0 0 1 0 0 1 1 1 1 1 1 0 0 1 0 4854 17.2235
1 0 0 1 1 1 0 0 0 0 1 1 1 1 1 1 0 0 1 0 4858 17.1096
1 0 1 0 1 1 1 0 0 0 1 1 1 0 1 0 0 0 1 0 4861 18.0215
1 0 1 1 0 1 1 0 0 0 1 1 0 1 1 0 0 0 1 0 4864 18.4990
1 0 1 1 1 0 0 1 0 0 1 1 1 1 1 1 0 0 1 0 4868 17.1783
0 0 1 1 1 0 1 1 0 1 0 0 1 0 1 0 1 0 1 1 4873 17.7090
0 1 1 0 1 0 1 1 0 1 0 0 1 0 1 0 1 1 0 1 4876 18.2355
0 0 1 1 1 1 0 1 0 1 0 0 1 0 0 0 1 0 1 1 4878 18.6947
1 1 1 1 0 1 1 0 0 0 0 1 0 0 1 0 0 1 0 0 4880 17.6983
0 1 0 0 1 0 1 1 0 1 0 0 1 0 1 1 1 1 1 1 4882 18.2670
1 1 0 1 1 1 1 1 0 0 0 1 1 1 1 0 0 1 1 0 4884 17.3474
1 0 1 0 0 0 1 0 0 0 0 1 0 0 1 0 0 0 1 0 4887 16.7885
0 1 1 1 0 0 1 1 1 0 0 0 0 1 1 1 1 1 1 1 4889 17.7396
1 1 1 0 0 0 1 1 0 0 0 1 0 1 1 0 0 1 1 0 4891 18.8633
0 1 0 1 1 1 1 1 0 1 0 0 1 0 1 1 1 1 0 1 4893 18.1259
1 0 1 1 0 1 1 1 0 0 0 1 0 1 1 0 0 0 0 0 4896 17.7997
1 0 0 0 0 1 1 1 0 0 0 1 0 0 0 0 0 0 1 0 4901 18.3956
1 0 1 0 1 0 1 0 0 0 0 1 1 0 0 0 0 0 0 0 4905 17.4973
1 0 1 1 1 1 1 0 0 0 0 1 1 0 0 0 0 0 1 0 4910 17.6502
0 1 0 0 0 0 0 1 1 0 0 0 1 1 0 0 1 1 1 1 4915 18.3889
0 1 0 1 1 1 1 1 0 1 0 0 0 0 1 1 1 1 1 1 4919 18.3820
1 1 1 0 0 1 1 0 0 1 0 1 0 0 0 0 0 1 0 0 4923 18.8443
0 0 1 1 1 0 1 1 0 1 1 0 0 0 1 1 1 1 1 1 4928 19.1498
0 0 1 0 0 1 1 0 1 0 1 0 1 1 1 1 1 0 1 1 4934 18.1328
1 1 0 1 0 1 1 1 0 1 0 1 0 0 0 0 0 1 1 0 4938 18.7996
1 1 0 0 1 0 1 1 1 0 0 1 1 1 0 0 0 0 1 0 4943 18.5424
1 1 0 0 1 1 1 1 1 0 0 1 1 0 0 0 0 1 1 0 4950 18.6897
0 0 0 1 0 0 1 0 1 0 1 0 1 1 1 0 1 1 0 1 4961 19.1215
0 0 1 0 1 0 1 1 0 1 1 0 0 0 1 0 1 1 1 1 4969 18.9113
0 0 0 0 1 0 1 0 0 1 1 0 0 0 1 0 1 0 1 1 4978 18.1396
1 1 1 0 1 1 1 1 1 0 0 1 1 0 0 0 0 1 0 0 4988 18.8002
0 0 1 0 0 1 1 1 1 0 0 0 1 1 1 0 1 0 0 1 4996 18.2054
0 0 0 0 1 0 1 1 0 1 0 0 0 0 1 0 1 0 1 1 5000 18.0428
1 1 0 1 0 1 1 1 0 0 0 1 0 1 0 0 0 1 1 0 5004 19.0457
1 1 1 1 1 1 1 0 0 0 0 1 1 1 0 0 0 1 1 0 5008 17.2361
0 0 0 1 0 0 1 1 1 0 0 0 1 1 1 1 1 0 0 1 5013 17.1161
0 0 1 1 1 0 1 1 0 1 0 0 0 0 1 0 1 1 0 1 5019 18.4294
1 1 1 0 0 1 1 0 0 0 0 1 0 0 0 0 0 0 0 0 5023 17.8431
1 1 0 0 1 1 1 1 0 0 0 1 1 1 0 0 0 0 1 0 5027 17.4637
1 1 1 1 0 0 1 0 0 0 0 1 0 0 0 0 0 0 1 0 5032 17.7574
1 1 1 1 0 1 1 1 0 0 0 1 0 0 0 0 0 0 1 0 5036 18.3995
0 1 1 0 0 1 1 0 1 1 1 1 0 1 1 0 1 0 0 0 5041 18.0936
0 1 0 0 1 0 1 0 1 1 1 1 1 0 1 0 1 1 0 0 5041 18.1840
1 0 1 1 1 0 1 0 1 1 1 1 1 0 1 0 0 0 1 1 5041 18.1706
0 0 0 0 1 1 1 0 1 1 1 1 0 0 1 0 0 1 1 0 5042 18.3780
1 1 1 0 0 0 1 0 1 1 1 1 1 1 1 0 0 0 0 1 5042 17.9807
0 1 1 0 0 0 1 0 1 1 1 1 0 1 1 0 1 0 0 0 5043 17.1856
1 0 0 1 1 0 1 1 1 1 1 1 1 0 1 0 0 1 1 1 5043 19.0624
1 1 0 0 0 0 1 1 1 1 1 1 1 1 1 0 0 1 0 1 5044 18.1456
0 0 0 1 1 0 1 1 1 1 1 1 1 0 1 0 1 1 1 0 5045 18.4123
0 1 0 0 0 0 1 1 1 1 1 1 1 1 1 0 1 1 0 0 5046 18.3543
0 0 0 1 0 1 1 0 1 1 1 1 0 1 1 0 0 0 1 0 5047 18.1551
0 0 1 1 1 0 1 0 1 1 1 1 1 0 1 0 0 1 1 0 5047 18.0480
1 1 0 1 1 1 1 0 1 1 1 1 0 0 1 0 0 0 0 1 5047 17.9838
0 1 1 0 0 0 1 0 1 1 1 1 1 1 1 0 0 1 0 0 5048 17.5410
1 0 0 1 0 1 1 0 1 1 1 1 0 1 1 0 1 0 1 1 5048 18.1071
1 0 1 1 1 0 1 0 1 1 1 1 1 0 1 0 1 1 1 1 5048 18.0755
1 0 1 0 0 1 1 0 1 1 1 1 1 1 1 0 1 1 1 1 5049 19.4821
0 1 1 1 1 1 1 0 1 1 1 1 1 0 1 0 1 1 0 0 5050 19.2780
0 0 1 0 1 0 1 0 1 1 1 1 0 0 1 0 0 1 1 0 5051 17.1071
0 1 1 1 0 0 1 0 1 1 1 1 0 1 1 0 0 1 0 0 5052 17.2036
1 0 0 0 1 1 1 1 1 1 1 1 0 0 1 0 1 0 1 1 5052 18.3064
1 1 0 0 0 0 1 0 1 1 1 1 0 1 1 0 1 0 0 1 5053 17.0533
0 0 1 0 1 0 1 1 1 1 1 1 1 0 1 0 0 1 1 0 5054 19.1471
0 1 1 1 0 0 1 1 1 1 1 1 1 1 1 0 0 0 0 0 5055 18.3693
1 0 0 0 1 1 1 0 1 1 1 1 1 0 1 0 1 1 1 1 5055 18.7437
1 1 0 1 0 1 1 0 1 1 1 1 1 1 1 0 1 1 0 1 5056 18.2836
0 0 1 1 1 0 1 1 1 1 1 1 0 0 1 0 0 0 1 0 5057 17.4632
1 0 1 0 0 1 1 1 1 1 1 1 1 1 1 0 0 1 1 1 5057 19.6318
0 1 1 0 0 0 1 1 1 1 1 1 0 1 1 0 0 0 0 0 5058 17.3843
0 1 1 1 1 1 1 1 1 1 1 1 1 0 1 0 0 1 0 0 5058 19.4638
1 0 0 0 1 0 1 1 1 1 1 1 0 0 1 0 1 0 1 1 5058 17.5127
0 1 0 0 1 1 1 0 1 1 1 1 1 0 1 0 0 0 0 0 5059 18.2262
0 0 1 0 0 0 1 1 1 1 1 1 1 1 1 0 1 1 1 0 5060 19.0629
1 1 1 0 1 0 1 1 1 1 1 1 1 0 1 0 1 1 0 1 5060 19.1423
1 0 0 0 1 0 1 0 1 1 1 1 0 0 1 0 0 1 1 1 5061 17.1811
1 1 0 1 0 0 1 0 1 1 1 1 0 1 1 0 0 1 0 1 5062 17.1628
0 1 0 1 0 1 1 1 1 1 1 1 1 1 1 0 0 0 0 0 5063 18.3841
1 1 0 0 0 0 1 1 1 1 1 1 0 1 1 0 0 1 0 1 5063 17.7545
1 0 1 1 1 1 1 1 1 1 1 1 1 0 1 0 1 0 1 1 5063 17.6673
0 0 1 1 1 0 1 1 1 1 1 1 0 0 1 0 1 1 1 0 5064 18.1683
1 1 1 0 0 1 1 1 1 1 1 1 1 1 1 0 1 0 0 1 5064 19.2304
0 0 1 0 1 0 1 0 1 1 0 1 1 0 1 0 1 0 1 0 5065 17.1345
0 1 0 1 0 1 1 1 1 0 1 1 0 1 1 0 0 1 0 0 5067 17.7597
0 0 1 1 0 1 1 0 1 1 0 1 1 1 1 0 0 0 1 0 5070 17.9942
0 1 1 1 0 1 1 0 1 0 1 1 0 1 1 0 1 1 0 0 5072 17.5020
0 0 0 0 1 0 1 1 1 1 0 1 1 0 1 0 0 0 1 0 5074 17.8096
1 1 1 1 0 1 1 1 1 0 1 1 0 1 1 0 0 1 0 1 5077 18.7179
1 0 1 0 0 0 1 1 1 1 0 1 1 1 1 0 0 0 1 1 5080 18.1083
0 0 0 0 1 0 1 1 1 1 0 1 0 0 1 0 1 0 1 0 5082 16.9569
1 0 0 1 1 1 1 0 1 1 0 1 1 0 1 0 0 0 1 1 5084 18.6458
1 1 0 0 0 0 0 1 1 0 1 1 0 1 1 1 0 1 0 1 5087 16.6992
0 0 1 0 0 1 1 0 1 1 0 1 0 1 1 0 1 1 1 0 5089 17.8595
1 1 0 1 0 1 1 0 1 0 1 1 0 1 1 0 1 0 0 1 5090 17.2417
0 0 1 0 1 1 1 0 1 1 0 1 1 0 1 0 0 1 1 0 5093 18.3141
1 1 1 1 1 0 1 0 0 1 1 1 1 0 1 0 0 0 0 1 5095 17.1122
1 0 0 1 0 0 1 1 1 1 0 1 1 1 1 0 0 1 1 1 5097 18.1856
1 1 1 1 1 1 1 0 0 1 1 1 1 0 1 0 0 0 0 1 5100 17.7578
1 0 1 1 1 0 1 1 1 1 0 1 1 0 1 0 0 1 1 1 5103 18.7274
0 1 1 1 0 0 0 1 1 0 1 1 0 1 1 1 0 0 0 0 5106 16.2093
0 0 0 1 0 1 1 0 1 1 0 1 1 1 1 0 0 1 1 0 5108 18.8095
0 1 1 0 0 0 1 1 1 0 1 1 0 1 1 0 1 0 0 0 5111 17.2535
1 0 1 0 0 1 1 1 1 1 0 1 1 1 1 0 1 1 1 1 5112 20.1630
1 0 1 1 0 0 1 0 1 1 0 1 1 1 0 0 0 0 1 1 5115 17.8435
1 1 0 0 1 0 1 1 0 1 1 1 0 0 1 0 1 1 0 1 5117 19.2630
1 1 1 0 1 0 1 0 0 1 1 1 0 0 1 0 1 0 0 1 5119 18.5349
1 0 0 1 1 0 1 1 1 1 0 1 1 0 0 0 0 1 1 1 5121 18.5660
0 0 1 0 0 1 1 1 1 1 0 1 1 1 0 0 0 0 1 0 5124 18.7696
0 0 1 1 0 0 1 1 1 1 0 1 1 1 0 0 0 1 1 0 5127 18.4992
1 1 0 1 0 0 1 0 1 0 1 1 1 1 1 0 1 0 0 1 5128 17.8561
0 1 1 0 0 1 1 1 1 0 1 1 1 1 1 0 1 1 0 0 5131 19.2548
1 1 1 0 1 0 1 1 0 1 1 1 0 0 1 0 1 0 0 1 5132 18.7850
1 1 1 0 0 0 1 1 1 0 1 1 1 1 1 0 1 0 0 1 5135 18.1584
1 1 0 1 1 0 1 0 0 1 1 1 0 0 1 0 0 0 0 1 5138 18.1932
0 0 1 0 1 1 1 0 1 1 0 1 1 0 0 0 1 1 1 0 5141 19.3288
0 1 1 0 0 1 0 0 1 0 1 1 1 1 1 1 0 0 0 0 5143 17.1047
1 1 1 0 0 0 1 0 1 0 1 1 1 1 1 0 0 0 0 1 5145 17.2110
0 1 0 0 1 1 1 1 0 1 1 1 0 0 1 0 0 1 0 0 5147 18.3673
0 0 0 0 1 0 1 0 1 1 0 1 1 0 0 0 1 0 1 0 5150 18.1082
0 1 0 1 1 1 1 0 0 1 1 1 0 0 1 0 0 0 0 0 5152 18.0828
1 0 1 0 0 1 1 1 1 1 0 1 1 1 0 0 1 1 1 1 5154 19.8690
0 0 0 1 1 0 1 0 1 1 0 1 0 0 0 0 1 1 1 0 5156 17.0844
1 0 0 0 1 1 1 1 1 1 0 1 1 0 0 0 1 0 1 1 5158 18.7731
0 0 1 1 0 0 1 0 1 1 1 1 1 1 1 0 0 0 0 0 5161 17.8933
1 0 0 1 0 1 1 0 1 1 1 1 0 1 1 0 0 1 0 1 5161 18.1574
1 1 1 1 1 0 1 0 1 1 1 1 1 0 1 0 0 0 1 1 5161 18.0282
0 1 0 0 1 1 1 0 1 1 1 1 0 0 1 0 0 1 1 0 5162 18.1478
1 0 1 1 0 0 1 0 1 1 1 1 1 1 1 0 1 0 0 1 5162 17.9976
0 1 0 1 0 0 1 1 1 1 1 1 1 1 1 0 0 1 1 0 5163 18.3350
1 0 1 0 1 1 1 0 1 1 1 1 1 0 1 0 1 0 0 1 5163 19.2140
1 1 1 1 0 1 1 0 1 1 1 1 1 1 1 0 1 0 1 1 5164 19.7407
1 0 1 0 0 0 1 0 1 1 1 1 0 1 1 0 0 0 0 1 5165 17.2542
0 1 1 1 1 0 1 0 1 1 1 1 0 0 1 0 0 0 1 0 5166 17.0901
0 1 0 1 0 1 1 0 1 1 1 1 0 1 1 0 0 0 1 0 5167 17.8722
0 1 1 1 1 0 1 0 1 1 1 1 1 0 1 0 0 1 1 0 5167 18.0858
1 0 0 0 1 1 1 0 1 1 1 1 0 0 1 0 1 0 0 1 5167 18.1630
0 0 1 1 0 0 1 0 1 1 1 1 1 1 1 0 1 1 0 0 5168 17.9497
1 1 0 1 0 1 1 0 1 1 1 1 0 1 1 0 1 0 1 1 5168 17.1391
1 1 1 1 1 0 1 0 1 1 1 1 1 0 1 0 1 1 1 1 5168 18.0418
1 0 0 1 1 1 1 1 1 1 1 1 0 0 1 0 0 0 0 1 5169 19.1872
1 1 0 0 0 1 1 1 1 1 1 1 0 1 1 0 0 0 1 1 5170 18.1388
0 0 0 1 1 1 1 1 1 1 1 1 0 0 1 0 1 0 0 0 5171 18.4239
0 1 0 0 0 1 1 1 1 1 1 1 0 1 1 0 1 0 1 0 5172 18.2247
1 0 1 1 1 1 1 0 1 1 1 1 1 0 1 0 0 1 0 1 5172 18.3668
1 1 1 1 0 0 1 1 1 1 1 1 1 1 1 0 0 1 1 1 5173 19.7400
0 0 0 1 1 1 1 0 1 1 1 1 1 0 1 0 1 0 0 0 5174 18.5111
0 1 0 0 0 1 1 0 1 1 1 1 1 1 1 0 1 1 1 0 5175 18.7590
0 0 1 0 0 1 1 1 1 1 1 1 0 1 1 0 0 0 0 0 5176 18.2453
1 1 1 0 1 1 1 1 1 1 1 1 0 0 1 0 0 0 1 1 5176 18.3597
0 1 1 1 1 0 1 1 1 1 1 1 0 0 1 0 0 0 1 0 5177 17.4315
1 1 1 0 0 1 1 1 1 1 1 1 1 1 1 0 0 1 1 1 5177 19.4754
0 0 0 0 0 0 1 1 1 1 1 1 0 1 1 0 1 0 0 0 5178 17.4290
0 0 0 1 1 1 1 1 1 1 1 1 1 0 1 0 1 1 0 0 5178 19.0024
1 1 0 0 1 0 1 1 1 1 1 1 0 0 1 0 1 0 1 1 5178 17.3532
0 1 1 1 1 0 1 1 1 1 1 1 1 0 1 0 1 1 1 0 5179 19.2560
0 0 0 1 1 0 1 0 1 1 1 1 0 0 1 0 0 0 0 0 5180 17.2290
0 1 0 0 0 0 1 0 1 1 1 1 0 1 1 0 0 1 1 0 5181 17.2315
1 0 1 1 1 1 1 1 1 1 1 1 0 0 1 0 1 0 0 1 5181 19.0789
1 1 1 0 0 1 1 1 1 1 1 1 0 1 1 0 1 0 1 1 5182 18.3045
0 0 1 1 0 1 1 1 1 1 1 1 1 1 1 0 1 0 0 0 5183 19.2328
1 0 1 0 0 0 1 1 1 1 1 1 0 1 1 0 1 1 0 1 5183 18.3695
1 1 1 1 1 1 1 1 1 1 1 1 1 0 1 0 1 0 1 1 5183 20.5311
0 1 1 1 1 0 1 1 1 1 1 1 0 0 1 0 1 1 1 0 5184 17.4741
1 0 0 0 1 0 1 1 1 1 1 1 0 0 1 0 0 0 0 1 5184 17.6363
1 0 1 0 0 1 1 0 1 1 0 1 0 1 1 0 1 0 0 1 5185 17.1737
0 1 0 1 1 0 1 1 0 1 1 1 1 0 1 0 0 1 1 0 5187 18.0383
0 0 1 1 1 1 1 0 1 1 0 1 1 0 1 0 0 0 0 0 5190 17.4125
0 1 1 0 1 0 1 0 0 1 1 1 1 0 1 0 0 1 1 0 5192 17.5517
1 0 0 0 0 0 1 1 1 1 0 1 1 1 1 0 0 0 0 1 5194 18.0005
1 1 1 1 1 0 1 1 0 1 1 1 1 0 1 0 0 1 1 1 5197 19.2435
1 0 1 0 1 0 1 1 1 1 0 1 1 0 1 0 0 0 0 1 5200 18.1030
1 1 1 1 0 0 0 1 1 0 1 1 0 1 1 1 0 1 1 1 5202 18.4749
0 0 1 1 0 0 1 1 1 1 0 1 1 1 1 0 1 0 0 0 5205 17.7892
1 1 1 0 0 0 1 1 1 0 1 1 0 1 1 0 1 1 1 1 5207 18.9431
0 0 1 0 0 0 1 0 1 1 0 1 1 1 1 0 1 1 0 0 5209 17.8029
1 1 0 0 1 0 1 0 0 1 1 1 1 0 1 0 0 0 1 1 5210 17.7549
1 0 1 0 0 1 1 0 1 1 0 1 1 1 1 0 0 1 0 1 5213 18.1230
1 0 0 0 1 1 1 0 1 1 0 1 0 0 1 0 1 1 0 1 5215 18.3916
1 0 0 1 1 0 1 1 1 1 0 1 1 0 1 0 0 1 0 1 5217 18.1800
0 1 1 1 0 1 1 1 1 0 1 1 0 1 1 0 0 0 1 0 5221 18.1205
0 0 1 0 0 0 1 1 1 1 0 1 1 1 1 0 0 1 0 0 5224 18.7758
0 1 0 1 0 0 1 1 1 0 1 1 0 1 1 0 1 0 1 0 5226 18.0896
0 0 0 1 1 1 1 0 1 1 0 1 1 0 1 0 0 1 0 0 5228 18.1074
0 1 0 0 1 1 1 1 0 1 1 1 1 0 1 0 0 0 1 0 5231 18.3460
1 1 1 1 1 1 1 1 0 1 1 1 1 0 1 0 1 0 1 1 5232 19.6471
1 1 0 0 1 0 1 0 0 1 1 1 0 0 1 0 1 1 1 1 5235 18.5088
1 0 1 0 1 1 1 0 1 1 0 1 1 0 0 0 0 1 0 1 5237 18.4232
0 0 0 0 0 0 1 0 1 1 0 1 1 1 0 0 0 1 0 0 5240 18.3178
0 0 0 0 0 0 1 1 1 1 0 1 1 1 0 0 0 1 0 0 5242 18.7075
0 1 0 1 1 1 1 1 0 1 1 1 0 0 1 0 1 1 1 0 5244 18.6408
0 1 1 0 0 0 1 0 1 0 1 1 1 1 1 0 1 1 1 0 5247 18.2188
1 1 0 1 1 1 1 0 0 1 1 1 0 0 1 0 1 0 1 1 5248 18.4576
0 1 1 0 1 0 1 1 0 1 1 1 0 0 1 0 1 1 1 0 5251 19.5404
1 0 0 1 1 0 1 0 1 1 0 1 0 0 0 0 0 1 0 1 5252 16.1177
1 0 0 1 1 1 1 1 1 1 0 1 1 0 0 0 0 1 0 1 5255 18.7648
0 1 0 0 0 1 0 0 1 0 1 1 1 1 1 1 0 1 1 0 5259 17.6112
1 1 0 1 0 1 1 1 1 0 1 1 1 1 1 0 0 0 1 1 5261 19.0591
0 1 1 0 1 0 1 0 0 1 1 1 0 0 1 0 0 0 1 0 5263 17.9235
1 0 0 1 0 0 1 1 1 1 0 1 1 1 0 0 1 1 0 1 5265 18.5809
1 1 0 0 0 0 0 1 1 0 1 1 1 1 1 1 0 1 1 1 5267 17.5078
1 0 0 0 0 0 1 0 1 1 0 1 1 1 0 0 1 0 0 1 5270 18.0320
0 0 1 0 1 1 1 1 1 1 0 1 0 0 0 0 1 1 0 0 5272 18.6093
1 0 1 0 1 1 1 1 1 1 0 1 1 0 0 0 1 1 0 1 5274 19.7429
1 0 0 1 0 0 1 0 1 1 0 1 0 1 0 0 1 1 0 1 5276 17.2334
0 0 0 1 0 1 1 1 1 1 0 1 1 1 0 0 1 1 0 0 5279 18.7354
1 1 1 0 0 1 1 0 1 1 0 1 0 1 1 0 1 0 1 1 5281 17.4500
0 1 1 0 1 1 1 0 1 1 0 1 1 0 1 0 1 0 1 0 5283 18.4575
1 0 0 0 0 1 0 1 1 0 1 1 0 1 1 1 1 1 0 1 5286 18.1046
0 0 1 1 1 0 1 0 0 1 1 1 1 0 1 0 1 1 0 0 5288 17.7543
1 0 1 1 1 1 1 0 0 1 1 1 1 0 1 0 1 1 0 1 5290 18.6248
1 1 0 0 1 1 1 0 1 1 0 1 1 0 1 0 1 0 1 1 5293 18.4224
0 0 1 0 0 0 1 1 1 0 1 1 0 1 1 0 0 1 0 0 5297 17.3387
1 0 0 1 0 0 0 1 1 0 1 1 0 1 1 1 1 1 0 1 5298 18.3918
0 0 0 0 1 1 1 0 0 1 1 1 1 0 1 0 0 1 0 0 5301 17.9244
1 1 1 1 0 1 1 1 1 1 0 1 1 1 1 0 1 0 1 1 5303 18.9491
0 0 0 1 1 0 1 0 0 1 1 1 1 0 1 0 0 1 1 0 5305 17.6061
1 0 0 1 1 0 1 0 0 1 1 1 1 0 1 0 1 1 1 1 5306 18.3935
1 0 0 1 1 0 1 1 0 1 1 1 1 0 1 0 1 1 1 1 5309 19.6954
1 1 0 0 1 0 1 0 1 1 0 1 1 0 1 0 1 0 0 1 5311 17.8298
0 0 1 1 0 0 0 0 1 0 1 1 0 1 1 1 1 1 1 0 5314 17.7556
0 1 0 0 0 1 1 0 1 1 0 1 1 1 1 0 1 0 0 0 5317 17.4790
0 0 0 1 1 1 1 0 0 1 1 1 1 0 1 0 1 1 1 0 5320 18.3530
0 1 0 0 0 1 1 1 1 1 0 1 1 1 1 0 1 0 0 0 5322 18.1549
1 0 1 0 0 1 0 1 1 0 1 1 0 1 1 1 1 1 1 1 5324 19.5472
0 0 1 0 1 1 1 1 0 1 1 1 1 0 1 0 1 1 1 0 5327 20.0297
1 1 1 0 1 0 1 1 1 1 0 1 0 0 1 0 1 0 0 1 5328 17.2513
0 1 1 1 1 0 1 0 0 1 0 1 1 0 1 0 1 0 0 0 5330 16.8884
0 1 1 0 0 0 1 0 1 0 0 1 0 1 1 0 0 0 0 0 5333 15.2405
1 1 1 1 0 1 1 0 1 0 0 1 0 1 1 0 0 0 1 1 5335 17.2241
0 1 0 1 1 0 1 1 0 1 0 1 1 0 1 0 0 0 0 0 5337 16.8767
0 1 0 0 1 0 1 1 0 1 0 1 1 0 1 0 1 0 0 0 5340 17.6323
1 1 1 1 0 1 1 1 1 0 0 1 0 1 1 0 0 0 0 1 5343 16.9314
1 1 1 0 1 1 1 1 0 1 0 1 1 0 1 0 0 0 1 1 5345 18.3325
1 1 0 0 1 1 1 0 0 1 0 1 1 0 1 0 0 0 0 1 5347 17.5439
1 1 1 0 1 0 1 1 0 1 0 1 1 0 1 0 1 0 0 1 5350 17.8969
1 0 0 1 0 0 1 1 1 0 0 1 0 1 1 0 0 1 1 1 5352 17.1596
0 0 0 1 1 0 1 1 0 1 0 1 1 0 0 0 0 1 1 0 5355 17.5487
0 1 1 1 1 0 1 0 0 1 0 1 0 0 1 0 1 0 1 0 5360 17.2321
1 0 1 1 1 0 1 1 0 1 0 1 1 0 0 0 0 1 1 1 5365 17.6860
1 0 1 1 0 0 1 1 1 0 0 1 0 1 0 0 0 1 1 1 5370 17.2976
1 1 1 0 0 0 1 1 1 0 0 1 1 1 1 0 1 0 1 1 5375 18.2792
1 1 1 1 1 0 1 0 0 1 0 1 0 0 1 0 0 0 0 1 5378 17.5471
1 0 1 1 1 0 1 0 0 1 0 1 1 0 0 0 1 1 1 1 5383 17.0099
0 1 0 0 0 0 1 0 1 0 0 1 1 1 1 0 0 0 0 0 5389 16.2822
0 1 0 1 0 0 1 1 1 0 0 1 1 1 1 0 0 0 1 0 5394 16.8006
0 1 1 0 1 1 1 1 0 1 0 1 0 0 1 0 0 0 1 0 5399 18.2209
1 1 1 0 0 0 1 0 1 1 0 1 1 1 1 0 1 1 1 1 5401 18.1899
1 0 0 1 0 1 1 1 1 0 1 1 0 1 1 0 0 0 0 1 5403 18.2154
1 1 1 1 0 1 1 0 1 1 0 1 1 1 1 0 0 1 1 1 5406 19.0252
0 1 0 1 1 1 1 0 1 1 0 1 0 0 1 0 1 1 1 0 5408 17.8570
1 1 0 0 1 0 1 1 1 1 0 1 1 0 1 0 0 1 1 1 5410 18.1128
0 0 1 0 0 1 1 1 1 0 1 1 0 1 1 0 0 0 0 0 5414 17.3897
0 0 0 0 0 0 0 1 1 0 1 1 0 1 1 1 1 0 0 0 5417 17.2941
1 1 0 0 0 0 1 1 1 1 0 1 0 1 1 0 1 1 1 1 5418 17.6352
0 1 1 1 1 0 1 1 1 1 0 1 1 0 1 0 1 1 1 0 5421 18.6161
1 0 0 0 1 1 1 1 0 1 1 1 1 0 1 0 0 0 0 1 5423 17.2827
0 0 0 0 1 0 1 0 0 1 1 1 1 0 1 0 1 0 1 0 5425 18.3180
1 1 1 1 1 1 1 0 1 1 0 1 0 0 1 0 1 1 0 1 5426 18.1852
1 1 1 0 1 1 1 0 1 1 0 1 1 0 1 0 0 1 0 1 5429 18.4197
0 0 1 0 0 1 1 0 1 0 1 1 0 1 1 0 0 0 1 0 5432 17.8273
0 1 0 0 0 0 1 1 1 1 0 1 1 1 1 0 0 1 0 0 5434 17.9336
0 0 1 1 1 0 1 1 0 1 1 1 1 0 1 0 0 0 1 0 5437 17.6985
0 1 1 0 1 0 1 1 1 1 0 1 1 0 1 0 0 1 0 0 5440 18.6971
0 0 1 1 1 1 1 1 0 1 1 1 1 0 1 0 0 0 1 0 5442 18.1008
1 1 0 1 0 1 1 0 1 1 0 1 1 1 1 0 0 1 0 1 5444 18.4682
0 1 1 1 1 0 1 1 1 1 0 1 0 0 1 0 1 1 0 0 5447 17.6663
1 1 1 0 1 1 1 1 1 1 0 1 1 0 1 0 1 1 0 1 5448 20.0521
1 0 1 0 0 1 1 0 1 0 0 1 0 1 1 0 0 0 0 1 5450 16.5880
0 1 0 1 0 1 1 1 1 0 0 1 0 1 1 0 1 1 1 0 5453 18.3435
1 0 1 0 0 1 1 0 1 0 0 1 0 1 1 0 1 0 1 1 5455 17.6173
0 1 1 0 1 1 1 0 0 1 0 1 1 0 1 0 1 1 1 0 5457 18.6848
1 1 1 1 0 0 1 0 1 0 0 1 0 1 1 0 0 1 1 1 5460 16.9809
1 1 0 0 0 0 1 0 1 0 0 1 0 1 1 0 1 1 1 1 5463 18.1372
1 0 0 0 1 1 1 1 0 1 0 1 1 0 1 0 1 0 1 1 5465 18.4038
1 1 1 1 1 0 1 1 0 1 0 1 1 0 1 0 1 1 1 1 5467 18.9241
0 0 0 0 0 0 1 1 1 0 0 1 0 1 1 0 0 0 1 0 5471 16.7174
1 1 0 1 0 0 1 1 1 0 0 1 0 1 1 0 0 1 1 1 5472 17.2533
1 1 1 0 0 0 1 0 1 0 0 1 1 1 1 0 1 1 0 1 5475 18.0591
0 0 1 0 1 0 1 0 0 1 0 1 1 0 0 0 0 0 1 0 5480 16.7576
0 1 0 1 0 0 1 0 1 0 0 1 1 1 1 0 1 1 0 0 5486 17.8464
1 1 0 1 0 0 1 1 1 0 0 1 1 1 1 0 1 1 1 1 5490 18.1734
1 1 1 0 1 1 1 1 0 1 0 1 0 0 1 0 1 1 1 1 5495 19.4999
1 0 1 0 1 0 1 0 0 1 0 1 1 0 0 0 1 0 0 1 5498 16.8415
0 0 1 0 0 1 1 0 1 0 0 1 0 1 0 0 1 0 1 0 5504 18.1227
0 0 1 1 1 0 1 1 0 1 0 1 1 0 0 0 1 0 1 0 5509 18.1179
0 1 0 1 1 1 1 1 0 1 0 1 0 0 1 0 0 1 1 0 5514 17.8647
0 0 0 0 1 1 1 1 0 1 0 1 1 0 0 0 1 0 1 0 5519 18.5631
1 1 1 0 0 0 1 0 1 1 0 1 1 1 0 0 0 1 1 1 5522 18.3440
0 0 0 0 1 0 1 1 0 1 1 1 0 0 1 0 1 1 0 0 5525 18.5858
1 1 1 1 1 0 1 0 1 1 0 1 0 0 0 0 0 1 1 1 5526 17.1744
0 1 0 1 1 0 1 1 1 1 0 1 1 0 0 0 0 1 1 0 5529 18.5309
0 1 1 1 0 1 1 1 1 1 0 1 1 1 0 0 0 0 1 0 5531 18.9942
0 0 1 1 0 1 1 0 1 0 1 1 1 1 1 0 1 1 0 0 5534 17.9909
0 0 0 1 0 0 1 0 1 0 1 1 1 1 1 0 1 0 0 0 5536 18.1355
0 1 1 0 1 1 1 1 1 1 0 1 1 0 0 0 0 1 1 0 5538 18.8588
0 0 1 0 1 0 1 1 0 1 1 1 0 0 1 0 1 0 0 0 5540 18.2946
1 0 1 1 0 0 1 1 1 0 1 1 1 1 1 0 1 1 0 1 5542 19.6746
1 0 0 0 1 0 1 0 0 1 1 1 0 0 1 0 1 0 1 1 5545 18.2994
1 1 1 0 1 0 1 0 1 1 0 1 1 0 0 0 0 0 0 1 5548 17.9067
1 1 1 1 0 0 1 0 1 1 0 1 0 1 0 0 0 1 0 1 5550 17.2110
0 1 0 1 0 0 1 1 1 1 0 1 1 1 0 0 0 1 0 0 5553 18.5569
1 0 1 1 0 0 1 0 1 0 1 1 1 1 1 0 1 0 1 1 5554 18.3276
0 1 0 1 1 0 1 0 1 1 0 1 1 0 0 0 0 0 0 0 5557 17.9877
1 0 0 0 1 1 1 0 0 1 1 1 0 0 1 0 1 0 1 1 5559 18.6026
1 0 0 0 0 0 1 1 1 0 1 1 1 1 1 0 1 0 1 1 5561 18.3862
1 1 0 0 1 0 1 0 1 1 0 1 0 0 0 0 0 1 0 1 5563 17.5410
1 1 0 1 1 1 1 1 1 1 0 1 1 0 0 0 0 0 0 1 5565 18.4395
0 1 1 1 0 1 1 0 1 0 0 1 0 1 0 0 0 1 0 0 5569 17.1923
0 1 1 0 1 1 1 0 0 1 0 1 1 0 0 0 0 1 0 0 5573 18.1315
1 0 1 0 0 0 1 0 1 0 0 1 1 1 1 0 1 0 1 1 5577 17.5721
1 1 1 1 1 0 1 1 0 1 0 1 1 0 0 0 0 1 0 1 5583 17.7151
0 0 1 0 0 1 1 1 1 0 0 1 1 1 1 0 1 0 1 0 5588 18.2975
1 0 1 1 0 0 1 1 1 0 0 1 1 1 1 0 1 0 1 1 5592 17.9952
1 0 1 1 0 0 1 0 1 0 0 1 1 1 1 0 1 1 0 1 5596 18.0531
1 1 1 0 1 0 1 0 0 1 0 1 1 0 0 0 0 0 1 1 5600 17.4543
0 0 0 0 0 0 1 0 1 0 0 1 1 1 1 0 1 1 1 0 5607 17.9801
0 1 0 0 1 1 1 0 0 1 0 1 1 0 0 0 0 0 0 0 5611 17.9116
0 0 1 1 1 1 1 1 0 1 0 1 0 0 1 0 1 1 1 0 5616 19.1752
0 0 1 1 0 1 1 0 1 0 0 1 1 1 0 0 1 1 0 0 5618 18.0327
1 1 0 0 0 1 1 1 1 0 0 1 1 1 0 0 0 0 1 1 5620 17.8031
0 1 1 0 1 0 1 0 0 1 0 1 0 0 0 0 0 1 1 0 5623 18.1184
1 0 1 0 1 0 1 0 0 1 0 1 0 0 0 0 1 0 1 1 5624 17.8354
1 0 1 0 1 1 1 0 0 1 0 1 0 0 0 0 1 0 1 1 5627 18.3821
0 1 1 1 0 1 1 1 1 0 0 1 1 1 0 0 0 0 0 0 5631 17.3102
1 1 0 0 0 0 1 1 1 0 0 1 1 1 0 0 0 1 1 1 5633 17.9574
0 1 0 0 1 1 1 0 0 1 0 1 0 0 0 0 0 0 0 0 5635 18.2564
0 0 0 1 1 1 1 0 0 1 0 1 0 0 0 0 1 0 1 0 5638 18.1767
0 1 0 1 1 1 1 1 0 1 0 1 0 0 0 0 0 0 1 0 5640 18.2770
1 1 1 0 0 0 1 0 1 1 0 1 1 1 0 0 1 1 1 1 5642 18.2965
0 1 1 0 1 0 1 0 1 1 0 1 0 0 0 0 1 1 1 0 5645 17.3593
1 1 1 1 1 1 1 0 1 1 0 1 1 0 0 0 1 1 1 1 5646 19.6221
1 1 0 1 0 1 1 1 1 1 0 1 0 1 0 0 1 1 1 1 5649 18.6908
0 1 1 1 0 1 1 1 1 1 0 1 1 1 0 0 1 0 1 0 5651 19.9416
0 0 1 1 1 0 1 0 0 1 1 1 0 0 1 0 0 1 0 0 5654 17.7788
0 1 1 0 0 0 1 1 1 1 0 1 1 1 0 0 1 1 1 0 5656 18.6924
1 0 0 1 0 0 0 1 1 0 1 1 1 1 1 1 0 0 0 1 5658 18.1442
0 0 1 1 1 0 1 1 0 1 1 1 0 0 1 0 0 1 0 0 5660 18.9189
1 0 1 1 1 1 1 1 0 1 1 1 0 0 1 0 0 1 0 1 5662 20.0112
1 1 1 1 1 0 1 0 1 1 0 1 1 0 0 0 1 1 0 1 5665 18.1262
0 1 1 0 0 0 1 0 1 1 0 1 0 1 0 0 1 1 0 0 5669 17.3863
1 0 0 0 0 1 1 1 1 0 1 1 1 1 1 0 0 0 1 1 5670 17.9809
0 0 0 0 0 0 1 0 1 0 1 1 1 1 1 0 0 1 1 0 5673 17.4284
1 1 0 0 0 0 1 1 1 1 0 1 1 1 0 0 1 1 0 1 5674 18.5731
1 0 1 0 0 1 0 0 1 0 1 1 1 1 1 1 0 1 1 1 5677 17.8310
1 0 1 0 1 1 1 0 0 1 1 1 0 0 1 0 0 1 1 1 5679 18.5752
1 0 0 0 1 1 1 1 0 1 1 1 0 0 1 0 0 0 1 1 5681 18.3522
1 1 0 0 1 1 1 0 1 1 0 1 1 0 0 0 1 1 0 1 5683 18.8248
0 0 1 1 0 0 0 1 1 0 1 1 1 1 1 1 0 1 1 0 5686 18.2041
0 0 1 0 0 1 1 0 1 0 0 1 1 1 1 0 0 0 0 0 5689 16.1920
1 0 0 1 0 1 1 1 1 0 0 1 1 1 1 0 0 0 1 1 5693 17.9762
1 1 0 1 1 0 1 1 0 1 0 1 1 0 0 0 1 1 0 1 5697 18.4072
0 0 0 1 0 0 1 0 1 0 0 1 1 1 1 0 0 0 1 0 5704 16.3396
0 1 0 1 1 1 1 0 0 1 0 1 1 0 0 0 1 1 0 0 5708 18.3220
1 0 1 1 1 1 1 1 0 1 0 1 0 0 1 0 0 0 1 1 5712 17.0740
1 1 0 0 1 0 1 1 0 1 0 1 1 0 0 0 1 0 1 1 5716 18.8210
0 0 1 0 0 0 1 0 1 0 0 1 1 1 1 0 0 1 1 0 5721 17.2587
0 1 1 1 1 0 1 1 0 1 0 1 1 0 0 0 1 0 0 0 5727 18.0570
1 0 1 1 0 1 1 1 1 0 0 1 1 1 1 0 0 1 1 1 5731 18.8683
0 1 0 1 1 1 1 1 0 1 0 1 1 0 0 0 1 0 1 0 5736 18.4315
0 0 1 0 1 0 1 0 0 1 0 1 0 0 0 0 0 0 0 0 5738 17.6431
1 1 0 0 0 1 1 1 1 0 0 1 1 1 0 0 1 0 1 1 5740 18.6893
0 1 1 1 1 0 1 0 0 1 0 1 0 0 0 0 1 0 1 0 5743 17.9866
1 1 1 1 1 0 1 0 0 1 0 1 0 0 0 0 1 1 1 1 5744 18.3364
0 0 0 0 0 1 1 1 1 0 0 1 1 1 0 0 0 1 0 0 5748 17.6433
0 1 1 1 0 1 1 1 1 0 0 1 1 1 0 0 1 0 0 0 5751 18.2567
1 1 1 0 0 0 1 1 1 0 0 1 1 1 0 0 1 0 1 1 5753 18.6458
0 1 0 0 1 1 1 0 0 1 0 1 0 0 0 0 1 0 0 0 5755 18.5339
1 0 1 0 0 1 1 1 1 0 0 1 1 1 0 0 0 1 0 1 5758 17.7330
0 0 1 1 1 1 1 1 0 1 0 1 0 0 0 0 0 1 1 0 5760 18.6439
0 1 1 0 1 0 1 0 1 1 1 1 1 0 1 1 1 0 0 0 5761 18.0663
0 1 0 1 0 0 1 0 1 1 1 1 1 1 1 1 1 1 0 0 5762 18.7379
0 1 0 1 0 1 1 1 1 1 1 1 0 1 1 1 0 1 0 0 5763 18.4990
1 0 1 1 0 0 1 0 1 1 1 1 0 0 1 0 1 0 1 1 5764 16.1778
0 1 1 1 0 1 1 0 1 1 1 1 1 1 1 1 0 0 0 0 5766 18.0524
0 1 1 0 1 1 1 0 1 1 1 1 0 0 1 1 1 1 0 0 5767 18.4438
0 1 0 0 0 0 1 0 1 1 1 1 1 1 1 1 0 0 0 0 5768 17.9948
1 0 1 0 1 0 1 0 1 1 1 1 1 1 1 0 0 1 1 1 5768 18.2924
0 1 0 0 1 0 1 1 1 1 1 1 1 0 1 1 0 0 0 0 5770 17.8492
1 0 0 1 1 0 1 1 1 1 1 1 1 1 1 0 1 0 1 1 5771 20.0716
1 0 1 1 0 1 1 1 1 1 1 1 0 0 1 0 0 1 1 1 5773 18.8378
0 1 0 0 0 0 1 0 1 1 1 1 0 1 1 1 1 1 0 0 5775 17.6447
1 0 1 0 0 0 1 1 1 1 1 1 1 0 1 0 0 0 1 1 5776 17.5928
1 0 0 0 0 0 1 1 1 1 1 1 0 0 1 0 1 1 1 1 5777 16.7480
0 1 1 0 1 1 1 1 1 1 1 1 1 0 1 1 0 0 0 0 5778 18.1831
0 1 1 1 1 1 1 1 1 1 1 1 0 0 1 1 1 1 0 0 5779 19.3311
1 0 0 1 1 1 1 0 1 1 1 1 1 1 1 0 0 0 1 1 5780 18.8983
0 1 1 0 1 0 1 1 1 1 1 1 1 0 1 1 1 0 0 0 5782 18.0623
1 0 0 1 0 0 1 1 1 1 1 1 0 0 1 0 0 0 1 1 5783 17.2681
0 1 0 1 1 0 1 1 1 1 1 1 0 0 1 1 0 1 0 0 5784 17.9639
0 1 0 1 1 0 1 0 0 1 1 1 1 0 1 1 0 1 0 0 5785 17.7506
1 0 1 0 1 1 1 0 1 1 0 1 1 1 1 0 0 0 1 1 5789 18.0245
0 1 1 1 0 0 1 0 1 0 1 1 0 1 1 1 1 1 0 0 5794 17.5365
0 1 0 1 1 1 1 0 0 1 1 1 1 0 1 1 1 1 0 0 5800 18.7825
1 0 0 1 0 1 1 0 1 1 0 1 1 0 1 0 0 0 1 1 5804 17.7680
1 0 1 0 1 1 1 1 1 1 0 1 1 1 1 0 1 0 1 1 5808 20.2571
0 1 0 1 0 1 1 1 1 0 1 1 0 1 1 1 1 0 0 0 5813 17.2840
0 1 1 0 1 1 1 0 0 1 1 1 1 0 1 1 1 0 0 0 5817 18.5957
1 0 1 1 0 0 1 1 1 1 0 1 1 0 1 0 0 1 1 1 5823 17.8047
1 0 0 0 1 1 1 0 1 1 0 1 1 1 1 0 0 1 1 1 5827 18.9646
1 0 1 0 0 0 1 1 1 1 0 1 0 0 1 0 1 1 1 1 5832 17.0494
1 0 1 0 0 1 1 0 1 1 0 1 1 0 0 0 0 1 1 1 5837 17.2063
1 0 0 1 1 1 1 1 1 1 0 1 0 1 0 0 0 1 1 1 5841 18.5326
1 0 0 0 1 0 1 0 1 1 0 1 1 1 0 0 0 0 1 1 5846 18.0436
0 1 1 1 0 1 1 1 1 0 1 1 1 1 1 1 1 0 0 0 5851 17.9982
0 1 1 0 1 1 1 1 0 1 1 1 0 0 1 1 1 0 0 0 5855 18.5506
0 1 0 1 1 0 1 1 0 1 1 1 0 0 1 1 0 0 0 0 5861 18.1577
0 1 0 0 1 1 1 0 0 1 1 1 0 0 1 1 0 1 0 0 5865 18.6630
0 1 1 1 0 1 1 0 1 0 1 1 1 1 1 1 0 1 0 0 5870 17.5488
0 1 0 1 1 1 1 1 0 1 1 1 0 0 1 1 0 0 0 0 5874 17.9703
1 0 0 0 0 1 1 1 1 1 0 1 1 0 0 0 1 0 1 1 5878 17.8299
0 0 0 0 1 0 1 0 1 1 1 1 1 0 1 1 1 1 0 0 5881 18.6486
0 0 1 0 1 1 1 0 1 1 1 1 0 0 1 1 0 0 0 0 5882 18.1615
0 0 1 0 0 0 1 0 1 1 1 1 0 1 1 1 1 0 0 0 5883 17.1237
1 1 0 0 0 0 1 1 1 1 1 1 1 0 1 0 0 1 1 1 5884 16.9720
0 0 0 0 0 0 1 1 1 1 1 1 1 1 1 1 1 1 0 0 5886 18.5422
0 0 0 1 1 0 1 0 1 1 1 1 1 0 1 1 0 0 0 0 5887 18.1505
0 0 1 0 0 0 1 0 1 1 1 1 1 1 1 1 0 1 0 0 5888 18.4025
1 1 0 1 1 0 1 0 1 1 1 1 1 1 1 0 1 0 1 1 5888 19.6084
0 0 1 1 1 1 1 0 1 1 1 1 1 0 1 1 1 1 0 0 5890 19.5987
0 0 1 1 0 0 1 0 1 1 1 1 0 1 1 1 0 1 0 0 5892 17.6634
1 1 0 0 0 0 1 0 1 1 1 1 0 0 1 0 1 0 1 1 5893 16.0570
0 0 1 1 0 0 1 1 1 1 1 1 1 1 1 1 0 0 0 0 5895 17.2545
1 1 0 1 0 1 1 0 1 1 1 1 1 0 1 0 1 1 1 1 5896 18.2681
1 1 1 1 0 1 1 1 1 1 1 1 1 0 1 0 0 0 1 1 5897 18.9222
0 0 1 1 1 1 1 1 1 1 1 1 1 0 1 1 0 1 0 0 5898 19.5329
0 0 0 0 1 1 1 0 1 1 1 1 1 0 1 1 0 0 0 0 5899 18.3276
1 1 1 0 1 0 1 1 1 1 1 1 1 1 1 0 1 1 1 1 5900 20.7516
1 1 0 1 0 0 1 0 1 1 1 1 0 0 1 0 0 1 1 1 5902 16.1822
1 1 0 0 0 0 1 1 1 1 1 1 0 0 1 0 0 1 1 1 5903 16.7776
0 0 1 0 1 0 1 1 1 1 1 1 0 0 1 1 1 0 0 0 5904 17.1468
0 0 1 0 1 0 1 0 1 1 0 1 1 0 1 1 1 0 0 0 5905 17.0851
0 0 1 1 0 1 1 0 1 1 0 1 1 1 1 1 0 0 0 0 5910 17.1528
0 0 0 0 1 0 1 1 1 1 0 1 1 0 1 1 0 0 0 0 5914 17.0485
1 1 0 1 0 0 1 0 1 0 1 1 0 0 1 0 1 1 1 1 5920 17.8264
1 1 1 0 1 0 1 1 0 1 1 1 1 1 1 0 1 1 1 1 5924 20.2632
0 0 1 0 0 1 1 0 1 1 0 1 0 1 1 1 1 1 0 0 5929 17.4722
0 0 1 0 1 1 1 0 1 1 0 1 1 0 1 1 0 1 0 0 5933 17.8077
1 1 1 0 0 0 1 0 1 0 1 1 0 0 1 0 1 0 1 1 5937 17.7158
1 1 0 0 1 1 1 0 0 1 1 1 1 1 1 0 1 0 1 1 5943 19.0767
0 0 0 1 0 1 1 0 1 1 0 1 1 1 1 1 0 1 0 0 5948 17.8299
1 1 1 1 0 0 1 1 1 0 1 1 0 0 1 0 1 0 1 1 5952 18.7470
1 1 0 1 1 0 1 1 0 1 1 1 0 1 1 0 1 0 1 1 5957 20.2522
1 1 0 0 1 1 1 0 0 1 1 1 0 1 1 0 1 1 1 1 5961 19.7555
0 0 1 1 0 1 1 1 1 1 0 1 0 1 0 1 0 1 0 0 5967 17.4832
0 0 0 0 0 1 1 0 1 1 0 1 1 1 0 1 0 1 0 0 5971 17.6425
1 1 1 0 0 0 1 1 1 0 1 1 1 0 1 0 1 0 1 1 5975 18.4648
0 0 1 0 1 1 1 0 1 1 0 1 1 0 0 1 1 1 0 0 5981 18.7839
1 1 1 0 0 0 1 0 1 0 1 1 1 0 1 0 0 0 1 1 5985 17.2965
0 0 0 0 1 0 1 0 1 1 0 1 1 0 0 1 1 0 0 0 5990 17.6208
1 1 0 1 0 0 1 1 1 0 1 1 1 0 1 0 0 0 1 1 5994 17.9076
1 1 1 1 1 1 1 1 0 1 1 1 0 1 1 0 0 1 1 1 5998 21.1154
0 0 0 1 0 1 1 1 1 0 1 1 0 1 1 1 0 1 0 0 6003 17.8419
0 0 1 1 0 1 1 0 1 0 1 1 0 1 1 1 1 1 0 0 6008 18.2273
1 1 0 0 0 1 1 0 1 1 0 1 1 0 1 0 1 0 1 1 6013 17.4569
0 0 0 1 1 1 1 1 0 1 1 1 1 0 1 1 1 1 0 0 6018 18.9597
1 1 1 1 0 0 1 1 1 1 0 1 0 0 1 0 1 0 1 1 6023 15.9366
1 0 0 1 0 1 1 0 1 0 1 1 0 0 1 0 1 1 1 1 6026 18.1527
1 0 1 1 1 0 1 0 0 1 1 1 1 1 1 0 0 1 1 1 6031 18.1047
1 0 1 1 1 1 1 0 0 1 1 1 1 1 1 0 0 1 1 1 6036 18.0069
0 1 0 0 0 0 1 1 1 1 0 1 0 1 1 1 1 0 0 0 6042 16.1691
0 1 1 1 0 1 1 1 1 1 0 1 1 1 1 1 1 0 0 0 6047 17.9935
0 1 1 0 1 0 1 0 0 1 0 1 1 0 1 1 0 0 0 0 6050 16.1827
0 1 0 0 1 0 1 0 0 1 0 1 1 0 1 1 1 0 0 0 6055 16.8717
0 1 0 0 0 1 1 1 1 0 0 1 0 1 1 1 1 0 0 0 6060 16.2304
1 1 0 0 0 0 1 1 1 0 0 1 0 0 1 0 1 0 1 1 6065 17.6823
1 1 0 1 0 0 1 0 1 0 0 1 0 0 1 0 0 0 1 1 6070 17.6681
1 0 0 0 1 0 1 0 0 1 0 1 1 1 0 0 0 1 1 1 6074 17.8587
0 1 0 0 1 1 1 0 0 1 0 1 0 0 1 1 1 0 0 0 6085 17.7632
0 0 0 1 1 1 1 1 0 1 0 1 1 0 0 1 0 1 0 0 6095 17.7542
1 1 1 0 0 1 1 0 1 0 0 1 1 0 1 0 0 0 1 1 6103 16.9841
1 0 1 0 1 1 1 1 0 1 0 1 1 1 0 0 1 1 1 1 6113 20.0670
1 1 1 0 0 1 1 0 1 1 0 1 0 0 1 0 1 1 1 1 6121 17.2024
0 0 0 0 1 0 1 1 0 1 1 1 1 0 1 1 1 0 0 0 6126 17.8012
1 1 0 0 0 0 1 1 1 1 0 1 1 0 1 0 0 1 1 1 6130 17.2908
1 1 1 0 1 0 1 1 1 1 0 1 1 1 1 0 0 1 1 1 6136 19.9549
0 0 0 0 0 0 1 0 1 0 1 1 0 1 1 1 0 0 0 0 6141 16.2738
0 1 1 0 0 0 1 0 1 1 0 1 1 1 1 1 1 1 0 0 6145 17.5280
1 0 0 1 0 1 1 1 1 0 1 1 0 0 1 0 1 0 1 1 6149 18.9267
1 0 1 0 1 1 1 0 0 1 1 1 1 1 1 0 1 0 1 1 6153 19.6664
0 1 1 0 0 0 1 1 1 1 0 1 1 1 1 1 0 1 0 0 6160 18.3488
0 1 0 1 1 1 1 0 1 1 0 1 1 0 1 1 0 1 0 0 6164 18.0068
1 0 0 1 1 1 1 1 0 1 1 1 1 1 1 0 0 0 1 1 6168 19.0480
1 1 0 0 1 0 1 1 0 1 0 1 1 1 1 0 0 1 1 1 6172 18.5320
0 1 0 1 0 1 1 1 1 0 0 1 0 1 1 1 0 1 0 0 6177 16.8250
0 1 1 1 1 0 1 1 0 1 0 1 1 0 1 1 0 1 0 0 6183 17.5078
1 1 1 1 0 1 1 1 1 0 0 1 0 0 1 0 1 1 1 1 6187 18.7814
0 1 1 0 1 1 1 1 0 1 0 1 1 0 1 1 1 1 0 0 6192 18.9952
0 1 0 1 0 1 1 0 1 0 0 1 1 1 1 1 1 1 0 0 6200 17.7683
0 0 1 0 1 1 1 1 0 1 0 1 1 0 0 1 0 0 0 0 6210 17.8020
1 1 0 1 0 1 1 0 1 0 0 1 1 0 1 0 0 1 1 1 6218 18.2434
1 0 1 1 1 1 1 0 0 1 0 1 1 1 0 0 1 0 1 1 6228 19.3366
0 1 1 1 0 0 1 1 1 0 0 1 1 1 1 1 0 1 0 0 6239 17.3957
0 0 0 0 0 1 1 1 1 0 1 1 1 1 1 1 1 1 0 0 6245 18.7497
0 0 1 0 1 1 1 0 0 1 1 1 0 0 1 1 1 0 0 0 6249 18.5445
1 1 0 1 1 0 1 0 1 1 0 1 1 1 0 0 0 0 1 1 6253 18.9533
0 0 0 1 0 0 1 1 1 0 1 1 1 1 1 1 1 0 0 0 6258 18.0508
0 0 1 1 1 1 1 1 0 1 1 1 0 0 1 1 1 1 0 0 6262 19.7902
1 0 0 1 0 1 1 0 1 0 1 1 1 0 1 0 1 1 1 1 6268 18.8324
1 0 1 1 1 0 1 0 0 1 1 1 0 1 1 0 1 0 1 1 6272 18.9999
0 1 0 1 0 0 1 0 1 1 0 1 1 1 0 1 0 0 0 0 6277 17.4815
0 1 1 1 1 1 1 1 1 1 0 1 1 0 0 1 0 1 0 0 6281 18.4774
1 0 1 0 0 0 1 1 1 0 1 1 1 0 1 0 1 1 1 1 6285 19.2867
1 1 0 0 1 0 1 1 0 1 0 1 1 1 0 0 0 1 1 1 6292 18.7151
0 1 1 1 1 0 1 1 0 1 0 1 1 0 0 1 0 1 0 0 6303 17.3639
0 1 0 0 1 1 1 1 0 1 0 1 1 0 0 1 0 1 0 0 6312 18.1838
1 0 1 1 0 1 1 0 1 0 0 1 1 0 1 0 1 1 1 1 6320 18.9428
1 1 1 1 1 1 1 1 0 1 0 1 1 1 0 0 0 0 1 1 6330 18.3005
0 1 1 1 0 1 1 0 1 0 0 1 1 1 0 1 0 1 0 0 6338 16.6214
0 0 0 0 0 1 1 0 1 0 0 1 1 1 0 1 1 1 0 0 6343 17.6224
1 0 1 0 0 0 1 0 1 0 0 1 1 0 0 0 1 0 1 1 6347 17.9616
0 0 0 1 1 1 1 1 0 1 0 1 0 0 0 1 1 1 0 0 6353 18.7612
0 0 1 0 0 1 1 1 1 0 0 1 1 1 0 1 1 1 0 0 6358 18.1624
0 0 0 1 1 0 1 0 0 1 1 1 0 0 1 1 0 0 0 0 6362 18.1488
1 1 1 1 1 0 1 0 1 1 0 1 0 1 0 0 1 1 1 1 6366 18.7615
1 1 0 0 1 0 1 1 1 1 0 1 1 1 0 0 1 1 1 1 6370 20.3204
0 0 0 1 0 0 1 0 1 0 1 1 1 1 1 1 0 0 0 0 6376 17.2354
0 0 1 1 0 1 1 1 1 0 1 1 1 1 1 1 0 1 0 0 6380 18.3574
1 0 0 0 0 1 1 0 1 0 1 1 1 0 1 0 0 0 1 1 6385 17.5474
0 1 1 1 1 1 1 0 1 1 0 1 1 0 0 1 1 1 0 0 6390 18.7544
1 0 1 1 0 0 1 0 1 0 1 1 1 0 1 0 0 0 1 1 6394 17.4567
1 0 1 0 0 0 1 0 1 0 1 1 1 0 1 0 0 1 1 1 6399 17.3543
1 0 1 1 1 0 1 1 0 1 1 1 0 1 1 0 0 0 1 1 6403 19.5685
1 0 1 1 1 1 1 1 0 1 1 1 0 1 1 0 0 0 1 1 6408 20.5633
0 1 0 1 1 0 1 1 0 1 0 1 1 0 0 1 1 1 0 0 6417 18.1334
1 0 1 1 1 0 1 1 0 1 0 1 0 1 1 0 0 0 1 1 6427 18.3155
0 0 1 1 1 1 1 0 0 1 0 1 0 0 1 1 0 1 0 0 6436 17.9794
1 1 1 0 1 0 1 1 0 1 0 1 1 1 0 0 1 0 1 1 6446 19.5775
0 0 1 0 0 0 1 1 1 0 0 1 1 1 1 1 0 1 0 0 6456 17.4763
0 1 1 1 1 1 1 0 0 1 0 1 0 0 0 1 1 1 0 0 6460 18.1766
1 0 1 1 1 0 1 0 0 1 0 1 0 1 0 0 0 1 1 1 6464 18.5453
1 1 1 0 1 0 1 1 0 1 0 1 0 1 0 0 1 0 1 1 6470 19.6467
0 1 0 0 0 0 1 0 1 0 0 1 1 1 0 1 1 0 0 0 6475 17.4875
0 1 1 0 0 0 1 1 1 0 0 1 1 1 0 1 1 1 0 0 6480 18.2320
1 0 1 0 0 1 1 0 1 1 1 1 0 0 1 0 1 0 0 1 6481 17.1839
0 1 0 1 1 1 1 0 1 1 1 1 0 0 1 1 1 1 1 0 6482 18.6649
0 1 0 1 1 1 1 1 1 1 1 1 0 0 1 1 0 1 1 0 6483 18.5395
1 0 1 1 1 0 1 0 1 1 1 1 0 1 1 0 1 0 0 1 6484 18.0960
0 1 1 1 1 1 1 0 1 1 1 1 1 0 1 1 0 0 1 0 6486 18.7366
0 1 1 0 1 0 1 0 1 1 1 1 1 0 1 1 1 1 1 0 6487 18.4040
0 1 0 0 1 1 1 0 1 1 1 1 0 0 1 1 0 0 1 0 6488 18.1003
0 1 1 0 0 0 1 0 1 1 1 1 0 1 1 1 1 1 1 0 6489 17.4590
1 0 0 0 0 0 1 1 1 1 1 1 1 0 1 0 0 0 0 1 6490 17.4192
0 1 0 0 0 0 1 1 1 1 1 1 1 1 1 1 1 0 1 0 6492 17.9392
1 0 1 1 1 1 1 1 1 1 1 1 0 1 1 0 0 1 0 1 6493 19.9972
0 1 0 0 1 0 1 0 1 1 1 1 0 0 1 1 1 1 1 0 6495 17.6039
1 0 1 0 1 0 1 1 1 1 1 1 1 1 1 0 0 0 0 1 6496 18.5130
1 0 0 0 0 1 1 1 1 1 1 1 1 0 1 0 1 1 0 1 6497 18.0908
1 0 1 0 0 0 1 1 1 1 1 1 0 0 1 0 0 0 0 1 6498 16.6523
1 0 1 1 0 1 1 1 1 1 1 1 0 0 1 0 1 1 0 1 6499 18.7937
0 1 0 0 0 1 1 0 1 1 1 1 1 1 1 1 0 1 1 0 6501 18.8499
1 0 1 0 0 0 1 1 1 1 1 1 1 0 1 0 1 0 0 1 6502 17.5437
1 0 0 1 0 1 1 1 1 1 1 1 1 0 1 0 0 0 0 1 6503 18.7732
0 1 0 1 1 1 1 1 1 1 1 1 1 0 1 1 0 1 1 0 6504 19.4351
1 0 1 0 1 1 1 0 1 1 0 1 0 1 1 0 1 0 0 1 6505 18.1873
1 0 1 1 1 1 1 0 1 1 0 1 1 1 1 0 0 0 0 1 6510 17.3127
0 1 1 0 0 0 1 0 1 0 1 1 0 1 1 1 0 1 1 0 6515 17.1921
0 1 0 0 0 0 1 1 1 0 1 1 0 1 1 1 1 1 1 0 6521 18.3985
1 0 1 1 0 0 1 1 1 1 0 1 1 0 1 0 1 0 0 1 6525 16.8595
0 1 0 0 1 0 1 0 0 1 1 1 1 0 1 1 1 0 1 0 6529 18.3825
0 1 0 0 0 1 1 1 1 0 1 1 0 1 1 1 1 0 1 0 6534 17.9232
0 1 1 1 1 1 1 0 0 1 1 1 1 0 1 1 1 0 1 0 6538 18.7221
1 0 1 0 0 0 1 1 1 1 0 1 1 0 1 0 0 1 0 1 6544 18.0876
1 0 0 1 1 1 1 0 1 1 0 1 1 1 1 0 0 1 0 1 6548 18.2688
0 1 0 0 0 1 1 0 1 0 1 1 1 1 1 1 1 0 1 0 6553 18.5111
0 1 0 1 0 1 1 1 1 0 1 1 1 1 1 1 1 1 1 0 6558 19.5560
0 1 1 1 1 1 1 0 0 1 1 1 0 0 1 1 1 0 1 0 6562 18.5533
0 1 1 0 1 1 1 0 0 1 1 1 0 0 1 1 1 1 1 0 6567 18.8849
1 0 0 0 0 0 1 0 1 1 0 1 0 0 0 0 0 1 0 1 6571 16.1544
0 1 1 1 1 1 1 1 0 1 1 1 0 0 1 1 1 0 1 0 6576 18.4963
1 0 1 0 1 0 1 0 1 1 0 1 0 1 0 0 1 1 0 1 6581 17.8370
1 0 0 1 1 0 1 1 1 1 0 1 1 1 0 0 1 1 0 1 6585 19.2928
0 1 0 0 0 0 1 0 1 0 1 1 1 1 1 1 0 0 1 0 6591 17.3945
0 1 1 0 0 1 1 1 1 0 1 1 1 1 1 1 0 1 1 0 6595 18.6935
1 0 0 1 0 1 1 1 1 1 0 1 1 0 0 0 1 1 0 1 6599 18.1511
1 1 0 0 0 1 1 0 1 1 1 1 0 0 1 0 1 1 0 1 6601 17.1623
0 0 1 0 1 0 1 0 1 1 1 1 1 0 1 1 0 0 1 0 6602 18.1295
0 0 1 0 1 0 1 0 1 1 1 1 0 0 1 1 1 0 1 0 6603 17.0742
1 1 0 0 1 0 1 1 1 1 1 1 1 1 1 0 0 1 0 1 6604 18.4123
0 0 0 0 1 0 1 1 1 1 1 1 1 0 1 1 1 1 1 0 6606 18.4831
1 1 0 1 0 1 1 0 1 1 1 1 0 0 1 0 0 0 0 1 6607 16.8204
0 0 1 0 1 1 1 0 1 1 1 1 0 0 1 1 0 1 1 0 6608 18.4479
0 0 0 1 0 0 1 1 1 1 1 1 1 1 1 1 0 0 1 0 6609 17.9695
1 1 1 1 0 1 1 0 1 1 1 1 1 0 1 0 1 1 0 1 6610 18.4015
0 0 1 1 1 0 1 0 1 1 1 1 0 0 1 1 0 1 1 0 6612 17.6099
1 1 0 0 1 0 1 0 1 1 1 1 0 1 1 0 1 0 0 1 6613 18.2113
0 0 1 1 1 0 1 1 1 1 1 1 1 0 1 1 0 0 1 0 6615 18.0861
1 1 0 1 1 1 1 0 1 1 1 1 1 1 1 0 1 1 0 1 6616 19.0937
1 1 1 1 1 0 1 1 1 1 1 1 0 1 1 0 0 0 0 1 6617 18.7040
1 1 1 1 0 0 1 1 1 1 1 1 0 0 1 0 0 1 0 1 6618 17.8327
1 1 0 0 0 1 1 0 1 1 1 1 1 0 1 0 0 0 0 1 6619 17.4580
0 0 1 1 0 0 1 1 1 1 1 1 1 1 1 1 1 0 1 0 6621 18.0397
1 1 0 1 1 0 1 0 1 1 1 1 0 1 1 0 0 1 0 1 6622 18.0229
1 1 0 0 0 1 1 1 1 1 1 1 1 0 1 0 0 1 0 1 6623 17.9280
0 0 1 0 1 1 1 1 1 1 1 1 1 0 1 1 1 0 1 0 6624 19.2454
1 1 0 0 1 0 1 0 0 1 1 1 1 1 1 0 1 1 0 1 6625 18.3394
0 0 0 0 0 1 1 0 1 1 0 1 0 1 1 1 1 0 1 0 6631 16.6167
0 0 0 1 1 0 1 1 1 1 0 1 1 0 1 1 1 0 1 0 6635 17.0669
0 0 0 1 1 0 1 1 1 1 0 1 0 0 1 1 1 0 1 0 6641 16.0886
1 1 0 0 1 1 1 0 0 1 1 1 1 1 1 0 0 1 0 1 6645 17.0331
1 1 0 1 0 1 1 0 1 0 1 1 0 0 1 0 0 0 0 1 6649 17.7643
0 0 1 1 1 1 1 0 1 1 0 1 1 0 1 1 0 1 1 0 6654 18.4917
1 1 1 1 0 0 1 0 1 0 1 1 0 0 1 0 1 0 0 1 6658 17.6729
1 1 0 1 1 1 1 0 0 1 1 1 1 1 1 0 1 0 0 1 6664 18.0996
0 0 1 1 0 0 1 1 1 1 0 1 1 1 1 1 1 1 1 0 6669 18.3325
0 0 1 1 1 0 1 0 1 1 0 1 1 0 0 1 0 1 1 0 6673 17.5512
0 0 1 1 1 0 1 0 1 1 0 1 0 0 0 1 0 1 1 0 6678 15.7990
0 0 0 0 1 0 1 1 1 1 0 1 1 0 0 1 0 1 1 0 6682 18.3492
1 1 0 0 0 0 1 0 1 0 1 1 1 0 1 0 1 0 0 1 6687 17.9027
1 1 1 0 0 1 1 1 1 0 1 1 1 0 1 0 1 1 0 1 6691 19.2952
1 1 1 1 0 0 1 1 1 0 1 1 1 0 1 0 1 0 0 1 6696 19.2751
1 1 0 0 1 0 1 1 0 1 1 1 0 1 1 0 0 1 0 1 6701 18.3583
0 0 0 0 0 1 1 1 1 1 0 1 0 1 0 1 1 1 1 0 6706 18.3470
0 0 1 1 0 0 1 1 1 1 0 1 1 1 0 1 1 1 1 0 6711 18.1700
0 0 0 0 1 0 1 0 1 1 0 1 0 0 0 1 1 1 1 0 6715 16.3699
1 1 1 0 1 1 1 1 0 1 1 1 0 1 1 0 0 0 0 1 6719 18.8628
0 0 0 0 0 1 1 1 1 0 1 1 0 1 1 1 0 1 1 0 6724 18.4971
1 1 0 1 0 0 1 0 1 1 0 1 1 0 1 0 1 0 0 1 6728 16.8533
1 1 0 1 0 1 1 0 1 1 0 1 1 0 1 0 1 0 0 1 6734 17.4920
1 1 0 0 1 1 1 1 1 1 0 1 1 1 1 0 1 0 0 1 6738 19.1466
0 0 0 1 0 0 1 1 1 0 1 1 0 1 1 1 0 1 1 0 6744 17.4984
0 1 1 0 1 1 1 0 1 1 0 1 1 0 1 1 1 0 1 0 6747 18.4297
0 1 0 1 1 1 1 0 1 1 0 1 0 0 1 1 1 0 1 0 6752 17.1541
1 0 1 1 1 0 1 1 0 1 1 1 1 1 1 0 0 1 0 1 6757 18.7880
1 0 1 1 0 0 1 1 1 0 1 1 0 0 1 0 0 1 0 1 6762 19.6597
1 0 1 0 0 0 1 1 1 0 1 1 0 0 1 0 1 1 0 1 6767 19.1619
1 1 0 0 1 0 1 0 0 1 0 1 1 1 1 0 0 0 0 1 6770 16.8811
1 1 1 0 1 0 1 0 0 1 0 1 1 1 1 0 1 0 0 1 6775 17.5600
0 1 0 0 0 0 1 0 1 0 0 1 0 1 1 1 1 0 1 0 6781 16.8225
0 1 0 0 0 0 1 1 1 0 0 1 0 1 1 1 1 0 1 0 6786 16.7369
0 1 0 1 1 1 1 1 0 1 0 1 1 0 1 1 0 0 1 0 6791 16.0688
1 0 0 0 1 0 1 1 0 1 0 1 1 1 0 0 0 1 0 1 6796 17.4013
0 0 1 1 1 0 1 1 0 1 0 1 1 0 0 1 0 1 1 0 6807 17.1830
0 0 0 0 1 1 1 1 0 1 0 1 1 0 0 1 0 1 1 0 6816 17.8608
1 1 1 1 0 1 1 0 1 0 0 1 1 0 1 0 0 0 0 1 6824 17.2071
1 0 1 1 1 1 1 1 0 1 0 1 1 1 0 0 1 1 0 1 6834 19.0191
0 0 0 0 0 1 1 0 1 0 1 1 0 1 1 1 0 0 1 0 6842 17.8635
0 0 1 0 0 1 1 0 1 0 1 1 0 1 1 1 1 0 1 0 6847 18.3258
1 1 0 1 0 0 1 1 1 1 0 1 1 0 1 0 1 1 0 1 6851 17.2878
0 0 0 0 1 1 1 1 0 1 1 1 1 0 1 1 1 0 1 0 6857 18.4088
0 0 0 1 0 0 1 0 1 0 1 1 0 1 1 1 0 0 1 0 6862 16.9254
1 0 0 0 0 1 1 0 1 0 1 1 0 0 1 0 1 0 0 1 6865 18.0337
1 0 0 0 0 1 1 1 1 0 1 1 0 0 1 0 1 0 0 1 6870 18.1327
1 0 1 1 1 1 1 0 0 1 1 1 1 1 1 0 1 0 0 1 6874 18.7055
0 1 0 1 0 0 1 1 1 1 0 1 0 1 1 1 1 1 1 0 6881 16.8707
0 1 1 1 1 0 1 1 1 1 0 1 1 0 1 1 1 1 1 0 6885 18.3500
0 1 1 1 1 0 1 0 0 1 0 1 1 0 1 1 0 1 1 0 6889 17.0692
1 1 0 1 1 0 1 1 0 1 0 1 1 1 1 0 1 1 0 1 6893 18.6090
0 1 0 0 0 1 1 1 1 0 0 1 0 1 1 1 0 1 1 0 6898 17.5633
0 1 1 0 1 0 1 1 0 1 0 1 1 0 1 1 0 1 1 0 6904 17.9100
1 1 1 0 0 1 1 1 1 0 0 1 0 0 1 0 1 1 0 1 6908 18.6586
1 1 1 1 1 1 1 1 0 1 0 1 1 1 1 0 1 1 0 1 6912 19.3096
0 0 0 1 1 0 1 1 0 1 0 1 1 0 0 1 0 0 1 0 6921 17.3491
1 1 1 1 1 0 1 1 0 1 0 1 0 1 1 0 1 1 0 1 6931 18.9346
0 1 1 1 1 1 1 0 0 1 0 1 0 0 1 1 0 1 1 0 6940 17.8672
1 0 1 0 1 0 1 1 0 1 0 1 1 1 0 0 1 0 0 1 6950 18.6509
0 1 1 0 0 0 1 1 1 0 0 1 1 1 1 1 0 1 1 0 6960 17.5963
1 1 1 0 0 1 1 0 1 1 0 1 1 0 0 0 0 1 0 1 6965 17.6547
1 1 0 1 1 1 1 1 1 1 0 1 0 1 0 0 0 1 0 1 6969 18.9678
1 1 0 0 1 0 1 0 1 1 0 1 1 1 0 0 0 0 0 1 6974 18.2744
0 0 1 1 0 1 1 1 1 0 1 1 1 1 1 1 1 0 1 0 6979 18.9621
0 0 1 0 1 1 1 1 0 1 1 1 0 0 1 1 1 0 1 0 6983 18.5740
0 1 1 0 1 0 1 0 1 1 0 1 0 0 0 1 0 1 1 0 6989 16.8551
0 1 0 1 1 0 1 1 1 1 0 1 1 0 0 1 0 1 1 0 6993 18.2391
0 1 0 0 0 0 1 0 1 1 0 1 1 1 0 1 0 0 1 0 6998 17.5351
0 1 1 0 1 1 1 1 1 1 0 1 1 0 0 1 0 1 1 0 7002 18.3965
1 0 1 1 0 0 1 1 1 0 1 1 1 0 1 0 1 1 0 1 7006 20.2274
1 0 0 0 1 0 1 1 0 1 0 1 0 1 1 0 1 0 0 1 7014 18.4447
0 0 0 1 0 0 1 1 1 0 0 1 1 1 1 1 1 0 1 0 7025 17.1016
0 1 1 1 1 0 1 0 0 1 0 1 1 0 0 1 0 0 1 0 7033 16.9462
0 1 0 0 1 0 1 1 0 1 0 1 1 0 0 1 0 0 1 0 7042 17.5713
1 0 1 0 1 0 1 1 0 1 0 1 0 1 1 0 1 1 0 1 7052 19.0534
1 1 0 1 0 1 1 0 1 0 0 1 1 0 0 0 0 1 0 1 7058 17.8703
1 0 1 0 0 1 1 0 1 0 0 1 1 0 0 0 1 1 0 1 7063 18.1093
1 0 1 1 0 0 1 0 1 0 0 1 1 0 0 0 1 0 0 1 7068 18.1540
1 0 0 0 1 1 1 1 0 1 0 1 0 1 0 0 1 1 0 1 7073 19.4068
0 1 1 1 0 0 1 1 1 0 0 1 1 1 0 1 0 1 1 0 7079 17.3939
0 0 0 0 1 0 1 0 0 1 1 1 0 0 1 1 0 1 1 0 7083 18.5627
1 1 0 1 0 0 1 0 1 1 0 1 1 0 0 0 1 1 0 1 7087 17.3177
1 1 1 1 1 1 1 1 1 1 0 1 1 1 0 0 1 0 0 1 7091 19.9587
1 1 1 0 0 1 1 1 1 1 0 1 0 0 0 0 1 1 0 1 7096 17.7110
1 1 0 1 0 1 1 0 1 1 0 1 1 0 0 0 1 1 0 1 7100 17.9560
1 0 0 1 0 1 1 0 1 0 1 1 1 0 1 0 0 0 0 1 7106 17.8243
1 0 0 1 1 0 1 1 0 1 1 1 0 1 1 0 0 1 0 1 7110 19.0729
0 1 1 1 0 1 1 1 1 1 0 1 1 1 0 1 1 0 1 0 7115 19.9782
0 1 1 0 0 0 1 1 1 1 0 1 1 1 0 1 1 1 1 0 7120 18.2993
0 1 0 1 1 0 1 0 1 1 0 1 0 0 0 1 1 1 1 0 7124 16.6701
1 1 0 1 1 0 1 0 0 1 0 1 1 1 0 0 1 1 0 1 7129 18.5333
0 0 0 1 1 0 1 1 0 1 0 1 0 0 1 1 0 0 1 0 7139 17.0805
1 1 0 0 1 1 1 0 0 1 0 1 1 1 0 0 1 1 0 1 7149 18.5468
0 1 1 1 1 1 1 0 0 1 0 1 1 0 0 1 1 0 1 0 7158 18.1570
1 0 0 1 1 1 1 0 0 1 0 1 0 1 1 0 0 1 0 1 7168 18.7312
0 0 1 0 0 1 1 0 1 0 0 1 1 1 0 1 0 1 1 0 7177 16.9831
0 1 1 0 1 1 1 0 0 1 0 1 0 0 0 1 1 0 1 0 7181 18.0710
1 1 1 0 0 0 1 0 1 0 0 1 1 0 0 0 1 1 0 1 7185 18.7311
1 1 0 0 1 1 1 0 0 1 0 1 0 1 0 0 1 1 0 1 7191 19.3135
0 1 0 1 0 0 1 0 1 0 0 1 1 1 0 1 1 0 1 0 7196 17.5259
1 1 1 1 0 0 1 1 1 0 0 1 1 0 0 0 1 1 0 1 7200 19.0331
1 0 0 0 0 0 1 1 0 1 1 1 1 0 1 0 0 1 0 1 7204 16.7886
1 0 1 1 1 1 1 0 1 0 1 1 0 1 1 0 1 1 0 1 7208 17.9026
0 1 1 1 0 0 1 0 1 1 1 0 1 1 0 1 0 0 1 0 7215 16.8276
0 1 0 0 1 1 1 1 1 1 1 0 1 0 0 1 0 0 1 0 7219 18.2043
0 1 1 0 1 0 1 0 1 1 1 0 0 0 0 1 1 0 1 0 7224 15.9236
1 0 0 1 1 1 1 1 1 0 1 1 0 1 1 0 0 1 1 1 7227 19.4273
1 0 1 0 0 0 1 0 0 1 1 1 1 0 1 0 0 1 1 1 7232 17.1774
0 1 0 1 1 1 1 1 1 1 1 0 1 0 0 1 1 0 0 0 7238 18.3615
1 0 1 1 1 0 1 1 1 0 1 1 0 1 1 0 0 1 1 1 7242 18.9664
1 0 1 0 1 0 1 1 1 0 1 1 0 1 1 0 1 1 1 1 7247 19.2366
0 1 1 0 0 0 1 1 1 0 1 0 0 1 0 1 1 0 0 0 7251 16.8558
0 1 1 1 0 1 1 1 1 0 1 0 0 1 0 1 1 0 1 0 7256 17.9597
1 0 0 0 0 1 1 0 0 1 0 1 1 0 1 0 1 1 0 1 7261 17.6843
0 1 0 1 1 1 1 0 0 1 1 0 1 0 0 1 1 0 1 0 7266 17.1455
1 0 0 0 0 1 1 1 0 1 0 1 1 0 1 0 0 1 1 1 7271 18.2203
1 0 1 0 1 0 1 0 1 0 0 1 0 1 0 0 0 1 0 1 7277 16.6799
0 1 0 1 1 1 1 1 0 1 1 0 0 0 0 1 1 0 1 0 7288 18.1819
1 0 0 1 1 0 1 1 1 0 0 1 0 1 0 0 0 1 1 1 7296 17.7254
0 1 1 0 1 1 1 1 0 1 1 0 0 0 0 1 0 0 1 0 7305 18.1748
1 0 0 0 1 0 1 0 1 0 0 1 0 1 0 0 1 1 0 1 7315 17.3714
0 0 1 1 1 1 1 1 1 1 1 0 0 0 0 1 1 0 1 0 7322 17.8098
0 0 0 0 1 0 1 1 1 1 1 0 1 0 0 1 1 0 1 0 7327 17.8893
0 0 0 0 0 0 1 0 1 1 1 0 1 1 0 1 1 0 1 0 7332 16.9298
1 1 0 0 0 1 1 1 0 1 1 1 1 0 1 0 1 1 0 1 7337 17.7308
1 1 0 1 0 1 1 0 0 1 1 1 1 0 1 0 0 1 0 1 7342 16.8068
0 1 1 0 1 0 1 1 1 1 1 0 1 0 0 0 1 0 0 0 7345 18.4517
0 1 1 0 0 0 1 1 1 1 1 0 0 1 0 0 1 0 0 0 7347 16.3188
0 1 1 1 0 1 1 1 1 1 1 0 1 1 0 0 0 0 0 0 7350 18.5757
0 1 0 0 0 0 1 1 1 1 1 0 1 1 0 0 0 0 0 0 7352 18.4281
0 1 0 0 1 0 1 0 1 1 1 0 1 0 0 0 0 0 0 0 7354 18.2772
1 0 1 1 0 0 1 1 0 1 1 1 1 1 1 0 0 1 1 1 7357 19.7622
1 1 0 1 0 1 1 0 0 1 1 1 1 1 1 0 1 1 0 1 7360 17.3162
0 1 1 0 1 1 1 0 1 1 1 0 1 0 0 0 0 0 0 0 7362 18.4990
1 1 1 0 1 1 1 1 1 0 1 1 0 0 1 0 1 1 0 1 7364 19.4128
1 1 0 1 1 0 1 1 1 0 0 1 1 0 0 0 0 1 1 1 10002 18.6068
0 0 1 0 1 1 1 1 0 1 1 0 0 0 1 0 1 1 1 0 10011 19.4119
1 1 1 1 1 1 1 1 1 0 0 1 1 0 0 0 0 0 0 1 10021 18.7013
1 1 1 0 0 1 1 1 0 1 0 1 0 1 0 0 0 1 0 1 10031 18.9128
0 0 1 0 1 1 1 1 0 1 0 0 0 0 1 0 1 0 1 0 10037 18.6173
1 1 1 0 0 0 1 0 0 0 0 1 0 0 0 0 0 1 0 1 10041 18.0250
0 0 0 0 1 0 1 1 0 1 0 0 0 0 1 0 1 0 0 0 10046 18.2149
1 1 0 1 0 1 1 1 0 0 0 1 0 1 0 0 0 1 0 1 10050 18.2891
1 1 1 1 1 1 1 1 0 0 0 1 1 1 0 0 0 1 1 1 10054 17.6398
0 0 1 0 0 0 0 1 1 0 0 0 1 1 0 0 1 1 1 0 10061 18.4588
0 0 1 1 0 1 1 1 1 0 0 0 1 1 1 1 1 1 0 0 10065 17.0777
1 1 1 0 0 1 1 0 0 0 0 1 0 0 0 0 0 0 1 1 10069 17.9994
1 1 0 0 1 1 1 1 0 0 0 1 1 1 0 0 0 0 0 1 10073 16.4031
0 0 0 0 0 0 1 1 1 0 0 0 1 1 1 1 1 1 0 0 10078 17.0463
0 0 0 1 1 0 1 0 1 1 1 1 1 1 1 0 0 1 1 0 10081 17.1474
0 0 1 1 0 0 1 0 1 1 1 1 1 0 1 0 1 0 1 0 10082 17.0129
1 1 0 1 1 0 1 0 1 1 1 1 1 0 1 1 1 1 0 1 10082 19.7964
1 1 0 0 0 1 1 1 1 1 1 1 0 1 1 1 0 1 0 1 10084 19.8493
0 0 0 0 0 1 1 1 1 1 1 1 0 0 1 0 1 1 1 0 10086 17.2708
0 0 0 0 1 1 1 0 1 1 1 1 0 1 1 0 1 0 1 0 10087 18.3409
0 0 1 1 0 1 1 0 1 1 1 1 0 0 1 0 1 1 1 0 10088 17.0543
1 1 0 0 1 0 1 0 1 1 1 1 1 0 1 1 0 0 0 1 10088 18.8214
0 0 1 1 1 0 1 0 1 1 1 1 0 1 1 0 1 1 1 0 10090 17.2176
1 1 1 0 1 1 1 0 1 1 1 1 1 0 1 1 0 1 0 1 10091 19.0267
0 0 0 0 1 1 1 0 1 1 1 1 1 1 1 0 1 0 1 0 10093 18.9923
0 0 1 1 0 1 1 1 1 1 1 1 0 0 1 0 0 0 1 0 10095 17.5064
1 1 0 1 0 0 1 0 1 1 1 1 0 1 1 1 1 1 0 1 10096 18.8141
1 1 0 1 0 0 1 1 1 1 1 1 0 1 1 1 1 0 0 1 10097 18.7636
0 0 0 1 1 0 1 1 1 1 1 1 0 1 1 0 1 1 1 0 10098 17.8779
0 0 0 0 1 0 1 0 1 1 1 1 0 1 1 0 0 0 1 0 10099 17.4838
1 1 1 0 1 1 1 1 1 1 1 1 0 0 1 1 1 1 0 1 10100 20.7475
0 0 0 1 1 1 1 0 1 1 1 1 1 1 1 0 0 1 1 0 10102 18.8560
0 0 1 0 1 1 1 1 1 1 1 1 1 1 1 0 1 1 1 0 10103 20.5122
0 0 0 0 1 0 1 1 1 1 1 1 0 1 1 0 0 0 1 0 10104 17.6984
0 0 1 0 0 0 1 0 1 1 0 1 1 0 1 0 1 0 1 0 10105 16.1943
1 1 0 1 0 1 1 1 1 0 1 1 0 1 1 1 1 1 0 1 10109 19.9661
1 1 1 0 1 1 1 0 0 1 1 1 1 0 1 1 1 1 0 1 10113 20.2668
0 0 1 0 0 0 1 1 1 1 0 1 1 0 1 0 0 0 1 0 10120 17.0302
0 0 0 1 1 1 1 0 1 1 0 1 1 1 1 0 0 0 1 0 10124 18.2388
1 1 0 1 1 1 1 1 0 1 1 1 1 0 1 1 0 1 0 1 10128 20.3641
1 1 0 0 1 0 1 1 0 1 1 1 1 0 1 1 0 0 0 1 10132 18.2044
0 0 0 1 0 0 1 1 1 1 0 1 1 0 1 0 0 1 1 0 10137 17.4016
0 0 1 1 1 0 1 1 1 1 0 1 1 1 1 0 0 1 1 0 10143 19.1002
1 1 1 1 0 1 1 1 1 0 1 1 0 1 1 1 1 0 0 1 10147 18.1424
0 0 1 0 1 1 1 1 1 1 0 1 1 1 1 0 1 1 1 0 10152 20.5517
1 1 0 1 0 1 1 1 1 0 1 1 1 1 1 1 1 0 0 1 10157 19.6483
1 1 0 0 0 0 1 0 1 0 1 1 1 1 1 1 1 1 0 1 10161 19.5890
1 1 1 1 0 1 1 0 1 0 1 1 1 1 1 1 1 1 0 1 10166 19.6935
1 1 0 1 1 1 1 1 0 1 1 1 0 0 1 1 1 0 0 1 10170 19.9915
0 0 0 1 0 1 1 1 1 1 0 1 1 0 0 0 0 1 1 0 10175 18.5673
0 0 1 0 0 1 1 0 1 1 0 1 1 0 0 0 1 1 1 0 10181 18.0563
0 0 0 1 1 1 1 1 1 1 0 1 0 1 0 0 1 1 1 0 10185 18.6249
1 1 1 0 1 0 1 0 0 1 1 1 0 0 1 1 0 1 0 1 10189 19.8230
0 0 1 0 0 1 1 1 1 1 0 1 1 0 0 0 1 1 1 0 10194 18.0709
0 0 0 0 1 1 1 1 1 1 0 1 1 1 0 0 1 0 1 0 10198 19.0988
0 1 1 0 1 0 1 0 1 1 1 1 1 1 1 0 1 0 1 0 10201 19.2094
0 1 0 1 0 0 1 0 1 1 1 1 1 0 1 0 1 1 1 0 10202 17.2165
0 1 0 1 0 1 1 1 1 1 1 1 0 0 1 0 0 1 1 0 10203 17.6320
1 0 1 1 0 0 1 0 1 1 1 1 0 1 1 1 1 0 0 1 10204 17.3555
0 1 1 1 0 1 1 0 1 1 1 1 1 0 1 0 0 0 1 0 10206 18.2092
0 1 1 0 1 1 1 0 1 1 1 1 0 1 1 0 1 1 1 0 10207 19.1855
0 1 0 0 0 0 1 0 1 1 1 1 1 0 1 0 0 0 1 0 10208 17.1702
1 0 1 0 1 0 1 0 1 1 1 1 1 0 1 1 0 1 0 1 10208 19.1494
0 1 0 0 1 0 1 1 1 1 1 1 1 1 1 0 0 0 1 0 10210 19.1072
1 0 0 1 1 0 1 1 1 1 1 1 1 0 1 1 1 0 0 1 10211 19.1569
1 0 1 1 0 1 1 1 1 1 1 1 0 1 1 1 0 1 0 1 10213 20.5637
0 1 0 0 0 0 1 0 1 1 1 1 0 0 1 0 1 1 1 0 10215 16.2384
1 0 1 0 0 0 1 1 1 1 1 1 1 1 1 1 0 0 0 1 10216 18.3556
1 0 0 0 0 0 1 1 1 1 1 1 0 1 1 1 1 1 0 1 10217 18.7334
0 1 1 0 1 1 1 1 1 1 1 1 1 1 1 0 0 0 1 0 10218 19.2972
0 1 1 1 1 1 1 1 1 1 1 1 0 1 1 0 1 1 1 0 10219 20.3357
1 0 0 1 1 1 1 0 1 1 1 1 1 0 1 1 0 0 0 1 10220 18.4264
0 1 1 0 1 0 1 1 1 1 1 1 1 1 1 0 1 0 1 0 10222 19.3630
1 0 0 1 0 0 1 1 1 1 1 1 0 1 1 1 0 0 0 1 10223 18.2137
0 1 0 1 1 0 1 1 1 1 1 1 0 1 1 0 0 1 1 0 10224 18.9543
0 1 0 1 1 0 1 0 0 1 1 1 1 1 1 0 0 1 1 0 10225 18.1688
1 0 1 0 1 1 1 0 1 1 0 1 1 0 1 1 0 0 0 1 10229 18.3494
0 1 1 1 0 0 1 0 1 0 1 1 0 0 1 0 1 1 1 0 10234 18.0556
0 1 0 1 1 1 1 0 0 1 1 1 1 1 1 0 1 1 1 0 10240 18.5272
1 0 0 1 0 1 1 0 1 1 0 1 1 1 1 1 0 0 0 1 10244 18.1384
1 0 1 0 1 1 1 1 1 1 0 1 1 0 1 1 1 0 0 1 10248 19.1556
0 1 0 1 0 1 1 1 1 0 1 1 0 0 1 0 1 0 1 0 10253 18.1325
0 1 1 0 1 1 1 0 0 1 1 1 1 1 1 0 1 0 1 0 10257 19.2014
1 0 1 1 0 0 1 1 1 1 0 1 1 1 1 1 0 1 0 1 10263 19.5514
1 0 0 0 1 1 1 0 1 1 0 1 1 0 1 1 0 1 0 1 10267 19.2516
1 0 1 0 0 0 1 1 1 1 0 1 0 1 1 1 1 1 0 1 10272 18.7260
1 0 1 0 0 1 1 0 1 1 0 1 1 1 0 1 0 1 0 1 10277 18.7456
1 0 0 1 1 1 1 1 1 1 0 1 0 0 0 1 0 1 0 1 10281 19.8132
1 0 0 0 1 0 1 0 1 1 0 1 1 0 0 1 0 0 0 1 10286 18.6396
0 1 1 1 0 1 1 1 1 0 1 1 1 0 1 0 1 0 1 0 10291 19.3319
0 1 1 0 1 1 1 1 0 1 1 1 0 1 1 0 1 0 1 0 10295 19.0788
0 1 0 1 1 0 1 1 0 1 1 1 0 1 1 0 0 0 1 0 10301 18.4884
0 1 0 0 1 1 1 0 0 1 1 1 0 1 1 0 0 1 1 0 10305 18.9633
0 1 1 1 0 1 1 0 1 0 1 1 1 0 1 0 0 1 1 0 10310 18.3566
0 1 0 1 1 1 1 1 0 1 1 1 0 1 1 0 0 0 1 0 10314 18.9639
1 0 0 0 0 1 1 1 1 1 0 1 1 1 0 1 1 0 0 1 10318 19.4405
1 0 0 1 1 0 1 0 0 1 1 1 1 0 1 1 1 1 0 1 10322 18.9463
0 1 0 1 0 1 1 0 1 1 0 1 0 0 1 0 1 0 1 0 10328 16.2321
0 1 0 0 1 1 1 0 1 1 0 1 1 1 1 0 1 0 1 0 10333 18.9866
0 1 0 0 1 0 1 1 1 1 0 1 0 1 1 0 1 0 1 0 10338 18.1308
0 1 1 1 1 1 1 1 1 1 0 1 1 1 1 0 1 0 1 0 10343 20.4418
1 1 1 1 0 1 1 0 1 1 0 1 0 1 1 1 1 0 0 1 10346 17.2093
1 1 0 0 0 0 1 0 1 1 0 1 1 1 1 1 1 0 0 1 10351 17.9796
1 1 0 0 0 0 1 1 1 1 0 1 1 1 1 1 1 0 0 1 10356 17.9103
1 1 0 1 1 1 1 1 1 1 0 1 1 0 1 1 1 0 0 1 10361 18.4480
0 0 0 0 0 0 1 1 1 0 1 1 0 0 1 0 0 1 1 0 10367 18.5990
0 1 0 1 0 1 1 0 1 0 0 1 0 0 1 0 1 0 1 0 10370 17.0185
0 1 1 1 1 0 1 0 0 1 0 1 1 1 1 0 0 0 1 0 10375 17.1665
1 1 0 1 1 0 1 1 0 1 0 1 1 0 1 1 1 0 0 1 10379 17.7249
1 1 1 1 0 0 1 1 1 0 0 1 0 1 1 1 0 0 0 1 10385 16.0761
0 1 0 1 1 1 1 0 0 1 0 1 1 1 1 0 0 0 1 0 10390 17.1279
1 1 1 1 0 1 1 0 1 0 0 1 1 1 1 1 1 0 0 1 10394 18.1090
1 1 0 0 1 0 1 1 0 1 0 1 0 0 1 1 1 0 0 1 10404 18.6790
0 1 1 0 0 0 1 1 1 0 0 1 1 0 1 0 1 0 1 0 10415 17.9318
0 0 1 1 1 0 1 0 0 1 0 1 1 1 0 0 1 1 1 0 10423 18.0742
1 1 0 1 0 0 1 1 1 0 0 1 1 1 1 1 0 0 0 1 10433 17.0561
0 1 1 0 1 0 1 0 1 1 0 1 1 1 1 0 1 1 1 0 10441 19.0227
0 1 1 1 0 1 1 0 1 1 0 1 1 0 1 0 0 1 1 0 10446 18.0238
0 1 0 0 1 0 1 1 1 1 0 1 1 1 1 0 0 1 1 0 10450 18.9683
1 0 0 1 0 0 1 0 1 0 1 1 0 1 1 1 1 0 0 1 10456 17.3239
1 0 1 0 1 0 1 1 0 1 1 1 1 0 1 1 1 0 0 1 10460 18.2163
0 0 0 1 0 1 1 0 1 0 1 1 0 0 1 0 0 0 1 0 10465 18.3888
0 0 0 1 1 0 1 1 0 1 1 1 1 1 1 0 1 0 1 0 10469 18.8134
1 1 0 1 0 0 1 1 1 1 0 1 1 1 1 1 0 1 0 1 10473 18.8361
1 1 1 1 1 0 1 1 1 1 0 1 1 0 1 1 0 1 0 1 10479 19.5832
0 0 1 0 0 1 1 1 1 0 1 1 0 0 1 0 1 0 1 0 10484 18.5084
1 1 1 0 0 1 1 1 1 1 0 1 1 1 1 1 1 1 0 1 10488 20.5686
1 1 1 1 0 0 1 0 1 0 0 1 0 1 1 1 1 1 0 1 10492 18.1351
1 1 0 1 1 0 1 0 0 1 0 1 1 0 1 1 1 1 0 1 10496 18.9418
0 1 0 0 0 0 1 0 1 0 0 1 0 0 1 0 1 1 1 0 10503 17.4353
0 1 1 1 1 0 1 1 0 1 0 1 1 1 1 0 1 1 1 0 10507 18.8867
0 1 0 1 1 1 1 1 0 1 0 1 1 1 1 0 0 1 1 0 10512 18.2416
1 0 0 1 1 0 1 0 0 1 0 1 1 0 0 1 0 0 0 1 10519 17.6248
0 1 0 1 0 0 1 1 1 0 0 1 1 0 1 0 1 1 1 0 10530 17.9245
0 0 0 0 1 0 1 0 0 1 0 1 1 1 0 0 1 0 1 0 10538 18.1305
0 0 1 1 1 1 1 0 0 1 0 1 1 1 0 0 1 0 1 0 10548 18.8938
1 1 1 0 1 0 1 1 0 1 0 1 0 0 1 1 0 1 0 1 10558 19.7162
0 1 1 0 0 0 1 0 1 1 0 1 0 0 0 0 0 1 1 0 10565 16.4499
0 1 0 1 0 0 1 1 1 1 0 1 1 0 0 0 0 1 1 0 10569 17.8287
1 0 1 0 0 1 1 0 1 0 1 1 1 1 1 1 1 1 0 1 10573 19.1462
1 0 0 0 1 1 1 1 0 1 1 1 0 0 1 1 1 0 0 1 10577 18.7370
0 1 0 0 0 1 1 1 1 1 0 1 1 0 0 0 0 0 1 0 10582 17.9055
0 0 0 1 1 0 1 0 0 1 1 1 0 1 1 0 1 1 1 0 10588 18.2097
1 1 0 0 0 0 1 0 1 1 0 1 1 1 0 1 0 1 0 1 10592 18.9567
1 1 1 0 1 1 1 1 1 1 0 1 1 0 0 1 0 0 0 1 10596 19.7269
0 0 0 0 0 0 1 1 1 0 1 1 1 0 1 0 1 0 1 0 10601 17.9590
0 0 1 0 1 1 1 1 0 1 1 1 0 1 1 0 1 1 1 0 10605 20.0483
0 1 0 0 1 0 1 1 0 1 0 1 1 1 0 0 0 1 1 0 10612 18.8077
1 0 0 1 1 1 1 0 0 1 0 1 0 0 1 1 1 0 0 1 10622 18.5675
0 0 1 1 0 0 1 1 1 0 0 1 1 0 1 0 1 0 1 0 10632 18.0707
0 1 1 0 1 0 1 0 0 1 0 1 1 1 0 0 0 0 1 0 10640 18.0069
1 0 0 0 0 0 1 1 1 0 0 1 1 1 1 1 1 1 0 1 10650 18.8259
1 0 1 0 1 0 1 0 0 1 0 1 0 0 0 1 1 1 0 1 10657 19.0075
0 1 1 0 0 1 1 0 1 0 0 1 1 0 0 0 0 1 1 0 10663 17.6919
0 0 1 0 1 1 1 0 0 1 0 1 0 1 0 0 1 0 1 0 10667 17.5920
0 1 0 0 1 1 1 1 0 1 0 1 0 1 0 0 0 1 1 0 10673 19.5974
1 0 1 1 1 0 1 1 0 1 0 1 0 0 0 1 1 1 0 1 10677 19.8889
0 1 1 0 0 0 1 0 1 1 0 1 1 0 0 0 1 1 1 0 10682 17.3753
1 0 0 1 0 1 1 1 1 0 1 1 1 1 1 1 0 1 0 1 10686 19.1816
1 0 1 1 1 1 1 0 0 1 1 1 0 0 1 1 0 0 0 1 10690 18.6085
1 0 1 0 1 1 1 0 0 1 1 1 0 0 1 1 0 1 0 1 10695 19.5688
0 1 0 1 0 0 1 0 1 1 0 1 0 0 0 0 1 1 1 0 10700 16.2229
0 0 0 0 1 0 1 0 0 1 1 1 0 1 1 0 0 0 1 0 10705 18.1565
0 0 0 0 1 0 1 1 0 1 1 1 0 1 1 0 0 0 1 0 10710 18.3208
0 0 0 1 1 1 1 0 0 1 1 1 0 1 1 0 0 1 1 0 10714 19.1374
1 1 1 1 0 1 1 1 1 1 0 1 0 1 0 1 1 1 0 1 10719 19.7401
1 1 0 0 0 1 1 0 1 1 0 1 1 1 0 1 1 1 0 1 10723 18.9966
1 1 0 0 0 1 1 1 1 1 0 1 1 1 0 1 1 1 0 1 10728 19.7235
1 1 0 0 1 0 1 0 0 1 0 1 1 0 0 1 1 1 0 1 10736 18.8877
0 0 1 1 1 0 1 1 0 1 0 1 0 1 1 0 0 0 1 0 10747 17.7850
1 0 1 0 1 1 1 0 0 1 0 1 0 0 1 1 0 1 0 1 10755 19.4909
0 1 1 0 1 0 1 1 0 1 0 1 1 1 0 0 1 0 1 0 10766 18.7101
1 1 0 1 1 1 1 1 0 1 0 1 1 0 0 1 1 0 0 1 10775 19.5099
0 1 0 0 0 1 1 1 1 0 0 1 1 0 0 0 1 0 1 0 10780 18.5277
1 1 0 1 0 1 1 0 1 0 0 1 1 1 0 1 1 1 0 1 10784 18.6045
1 1 0 1 0 0 1 0 1 0 0 1 1 1 0 1 1 1 0 1 10790 18.8294
1 1 0 0 1 1 1 1 0 1 0 1 0 0 0 1 1 1 0 1 10794 20.4353
0 0 1 1 0 0 1 1 1 0 0 1 1 0 0 0 0 1 1 0 10800 18.0297
1 1 0 1 0 1 1 0 1 1 1 1 0 1 1 1 0 1 0 0 10801 19.0188
0 0 1 1 1 1 1 0 1 1 1 1 0 1 1 0 1 0 1 1 10802 18.2937
0 0 1 0 0 1 1 0 1 1 1 1 1 0 1 0 1 0 1 1 10803 18.6153
1 1 0 0 1 1 1 1 1 1 1 1 0 0 1 1 0 1 0 0 10804 18.8386
0 0 0 0 1 1 1 1 1 1 1 1 0 1 1 0 1 1 1 1 10806 18.5015
0 0 0 0 1 0 1 0 1 1 1 1 1 1 1 0 1 0 1 1 10807 18.3188
0 0 1 1 0 0 1 0 1 1 1 1 1 0 1 0 1 1 1 1 10808 17.1513
0 0 0 1 0 1 1 1 1 1 1 1 0 0 1 0 0 0 1 1 10809 18.1479
1 1 1 1 0 0 1 0 1 1 1 1 0 1 1 1 1 1 0 0 10810 17.9592
0 0 1 1 0 1 1 0 1 1 1 1 1 0 1 0 0 1 1 1 10812 18.2905
1 1 0 0 0 1 1 0 1 1 1 1 1 1 1 1 1 0 0 0 10813 18.2747
0 0 1 1 1 1 1 1 1 1 1 1 0 1 1 0 0 0 1 1 10815 19.2667
1 1 0 1 1 0 1 0 1 1 1 1 0 0 1 1 1 1 0 0 10816 18.1194
1 1 0 1 0 1 1 1 1 1 1 1 1 1 1 1 1 0 0 0 10817 18.2727
0 0 0 1 1 1 1 1 1 1 1 1 1 1 1 0 1 1 1 1 10818 20.4392
1 1 0 0 0 0 1 0 1 1 1 1 0 1 1 1 0 0 0 0 10819 17.2209
0 0 1 1 0 1 1 1 1 1 1 1 0 0 1 0 1 0 1 1 10821 17.9974
1 1 0 1 0 1 1 0 1 1 1 1 1 1 1 1 0 1 0 0 10822 18.9940
1 1 1 0 0 0 1 1 1 1 1 1 0 1 1 1 1 1 0 0 10823 18.7425
0 0 0 0 1 1 1 1 1 1 1 1 1 1 1 0 0 0 1 1 10824 18.6266
1 1 0 0 0 1 1 0 1 0 1 1 0 1 1 1 1 1 0 0 10825 18.1187
1 1 0 0 0 1 1 1 1 0 1 1 0 1 1 1 1 1 0 0 10830 18.3064
1 1 1 1 1 1 1 0 0 1 1 1 1 0 1 1 1 1 0 0 10834 19.4132
0 0 0 1 0 0 1 1 1 1 0 1 0 0 1 0 1 0 1 1 10841 15.7783
0 0 1 1 1 0 1 1 1 1 0 1 1 1 1 0 1 0 1 1 10845 18.2046
0 0 1 0 1 1 1 0 1 1 0 1 0 1 1 0 1 1 1 1 10849 18.4890
1 1 0 1 1 0 1 1 0 1 1 1 1 0 1 1 1 0 0 0 10853 17.7541
0 0 0 0 0 0 1 1 1 1 0 1 1 0 1 0 0 1 1 1 10858 17.3396
0 0 1 0 1 0 1 1 1 1 0 1 1 1 1 0 0 1 1 1 10864 19.3580
1 1 1 0 0 1 1 1 1 0 1 1 0 1 1 1 1 0 0 0 10868 17.3411
1 1 1 1 1 1 1 1 0 1 1 1 1 0 1 1 1 0 0 0 10872 18.5441
0 0 1 1 0 0 1 0 1 1 0 1 0 0 0 0 0 1 1 1 10878 15.8214
0 0 0 0 0 0 1 1 1 1 0 1 1 0 0 0 0 1 1 1 10882 17.4530
0 0 1 1 1 1 1 1 1 1 0 1 0 1 0 0 0 1 1 1 10887 17.7218
0 0 0 0 1 1 1 0 1 1 0 1 1 1 0 0 0 1 1 1 10891 18.0432
0 0 0 0 0 1 1 1 1 1 0 1 1 0 0 0 0 1 1 1 10896 17.8380
1 1 0 0 0 1 1 1 1 0 1 1 1 1 1 1 0 1 0 0 10901 18.1406
1 1 1 0 1 1 1 0 0 1 1 1 0 0 1 1 0 0 0 0 10905 18.5757
1 1 1 1 1 0 1 0 0 1 1 1 0 0 1 1 0 1 0 0 10910 19.0001
0 0 0 0 0 0 1 0 1 1 0 1 0 0 0 0 1 1 1 1 10915 15.9486
0 0 0 1 1 1 1 1 1 1 0 1 1 1 0 0 1 1 1 1 10919 19.6092
1 0 1 0 0 1 1 0 1 1 1 1 0 1 1 1 1 0 0 0 10921 17.8961
0 1 0 1 1 1 1 0 1 1 1 1 0 1 1 0 1 1 1 1 10922 19.1672
0 1 0 1 1 1 1 1 1 1 1 1 0 1 1 0 0 1 1 1 10923 20.0439
1 0 1 1 1 0 1 0 1 1 1 1 0 0 1 1 1 0 0 0 10924 17.1751
0 1 1 1 1 1 1 0 1 1 1 1 1 1 1 0 0 0 1 1 10926 19.5357
0 1 1 0 1 0 1 0 1 1 1 1 1 1 1 0 1 1 1 1 10927 19.1640
0 1 0 0 1 1 1 0 1 1 1 1 0 1 1 0 0 0 1 1 10928 18.9732
0 1 1 0 0 0 1 0 1 1 1 1 0 0 1 0 1 1 1 1 10929 16.1728
1 0 0 0 0 0 1 1 1 1 1 1 1 1 1 1 0 0 0 0 10930 17.9970
0 1 0 0 0 0 1 1 1 1 1 1 1 0 1 0 1 0 1 1 10932 16.3346
1 0 1 1 1 1 1 1 1 1 1 1 0 0 1 1 0 1 0 0 10933 19.6512
0 1 0 0 1 0 1 0 1 1 1 1 0 1 1 0 1 1 1 1 10935 18.2125
1 0 1 0 1 0 1 1 1 1 1 1 1 0 1 1 0 0 0 0 10936 18.1247
1 0 0 0 0 1 1 1 1 1 1 1 1 1 1 1 1 1 0 0 10937 19.1741
1 0 1 0 0 0 1 1 1 1 1 1 0 1 1 1 0 0 0 0 10938 17.1838
1 0 1 1 0 1 1 1 1 1 1 1 0 1 1 1 1 1 0 0 10939 19.4621
0 1 0 0 0 1 1 0 1 1 1 1 1 0 1 0 0 1 1 1 10941 17.7704
1 0 1 0 0 0 1 1 1 1 1 1 1 1 1 1 1 0 0 0 10942 17.8620
1 0 0 1 0 1 1 1 1 1 1 1 1 1 1 1 0 0 0 0 10943 18.1204
0 1 0 1 1 1 1 1 1 1 1 1 1 1 1 0 0 1 1 1 10944 20.8040
1 0 1 0 1 1 1 0 1 1 0 1 0 0 1 1 1 0 0 0 10945 17.1367
1 0 1 1 1 1 1 0 1 1 0 1 1 0 1 1 0 0 0 0 10950 17.4523
0 1 1 0 0 0 1 0 1 0 1 1 0 0 1 0 0 1 1 1 10955 17.9276
0 1 0 0 0 0 1 1 1 0 1 1 0 0 1 0 1 1 1 1 10961 18.3929
1 0 1 1 0 0 1 1 1 1 0 1 1 1 1 1 1 0 0 0 10965 16.9671
0 1 0 0 1 0 1 0 0 1 1 1 1 1 1 0 1 0 1 1 10969 18.3263
0 1 0 0 0 1 1 1 1 0 1 1 0 0 1 0 1 0 1 1 10974 17.8845
0 1 1 1 1 1 1 0 0 1 1 1 1 1 1 0 1 0 1 1 10978 19.0728
1 0 1 0 0 0 1 1 1 1 0 1 1 1 1 1 0 1 0 0 10984 18.5327
1 0 0 1 1 1 1 0 1 1 0 1 1 0 1 1 0 1 0 0 10988 18.3473
0 1 0 0 0 1 1 0 1 0 1 1 1 0 1 0 1 0 1 1 10993 18.2915
0 1 0 1 0 1 1 1 1 0 1 1 1 0 1 0 1 1 1 1 10998 19.5329
0 1 1 1 1 1 1 0 0 1 1 1 0 1 1 0 1 0 1 1 11002 18.8993
0 1 1 0 1 1 1 0 0 1 1 1 0 1 1 0 1 1 1 1 11007 18.9033
1 0 0 0 0 0 1 0 1 1 0 1 0 1 0 1 0 1 0 0 11011 17.2692
0 1 1 1 1 1 1 1 0 1 1 1 0 1 1 0 1 0 1 1 11016 19.7067
1 0 1 0 1 0 1 0 1 1 0 1 0 0 0 1 1 1 0 0 11021 17.1632
1 0 0 1 1 0 1 1 1 1 0 1 1 0 0 1 1 1 0 0 11025 18.6856
0 1 0 0 0 0 1 0 1 0 1 1 1 0 1 0 0 0 1 1 11031 17.0871
0 1 1 0 0 1 1 1 1 0 1 1 1 0 1 0 0 1 1 1 11035 18.7074
1 0 0 1 0 1 1 1 1 1 0 1 1 1 0 1 1 1 0 0 11039 18.6175
1 0 0 1 1 0 1 1 0 1 1 1 1 0 1 1 0 1 0 0 11043 18.1512
1 0 1 0 0 1 1 0 1 0 1 1 0 1 1 1 0 1 0 0 11048 17.9087
0 1 0 1 1 1 1 0 1 1 0 1 1 1 1 0 1 0 1 1 11054 19.7434
1 0 1 1 1 1 1 1 0 1 1 1 1 0 1 1 0 1 0 0 11058 19.2886
1 0 1 0 1 1 1 1 0 1 1 1 1 0 1 1 1 1 0 0 11063 20.2159
0 0 0 1 0 1 1 1 1 0 1 1 0 0 1 0 0 1 1 1 11067 19.0754
0 0 1 1 0 1 1 0 1 0 1 1 0 0 1 0 1 1 1 1 11072 18.4331
1 1 0 0 0 1 1 0 1 1 0 1 1 1 1 1 1 0 0 0 11077 17.3092
0 0 0 1 1 1 1 1 0 1 1 1 1 1 1 0 1 1 1 1 11082 19.6777
1 1 1 1 0 0 1 1 1 1 0 1 0 1 1 1 1 0 0 0 11087 16.0974
1 1 1 1 0 1 1 0 1 0 0 1 0 1 1 1 1 0 0 0 11090 16.5422
1 1 0 1 1 0 1 0 0 1 0 1 1 0 1 1 0 0 0 0 11095 16.2617
1 1 0 0 1 0 1 1 0 1 0 1 1 0 1 1 1 0 0 0 11100 16.7922
0 1 1 1 0 0 1 1 1 0 0 1 0 0 1 0 0 0 1 1 11106 17.8778
0 1 1 0 0 0 1 1 1 0 0 1 0 0 1 0 1 0 1 1 11111 17.7291
0 0 0 0 1 0 1 1 0 1 0 1 1 1 0 0 0 1 1 1 11116 18.2321
1 1 0 1 1 1 1 0 0 1 0 1 0 0 1 1 1 0 0 0 11126 17.7814
0 1 1 1 0 0 1 1 1 0 0 1 1 0 1 0 1 0 1 1 11136 18.0673
0 0 1 0 1 0 1 0 0 1 0 1 1 1 0 0 1 1 1 1 11144 17.9108
1 1 0 0 0 0 1 1 1 0 0 1 1 1 1 1 0 0 0 0 11154 16.1560
1 0 0 0 1 0 1 0 0 1 1 1 1 0 1 1 1 0 0 0 11161 17.8598
0 1 0 0 0 1 1 0 1 1 0 1 0 0 1 0 1 1 1 1 11167 16.5757
0 1 0 1 1 0 1 1 1 1 0 1 1 1 1 0 1 1 1 1 11171 19.3113
0 1 0 1 1 0 1 1 1 1 0 1 0 1 1 0 1 1 1 1 11177 18.6019
1 0 0 0 1 1 1 0 0 1 1 1 1 0 1 1 0 0 0 0 11181 17.8799
1 1 1 0 0 1 1 0 1 1 0 1 0 1 1 1 1 1 0 0 11185 18.0083
0 0 0 0 1 0 1 1 0 1 1 1 1 1 1 0 1 0 1 1 11190 18.7440
1 1 0 0 0 0 1 1 1 1 0 1 1 1 1 1 0 1 0 0 11194 17.8120
1 1 1 0 1 0 1 1 1 1 0 1 1 0 1 1 0 1 0 0 11200 18.6712
0 0 0 0 0 0 1 0 1 0 1 1 0 0 1 0 0 0 1 1 11205 17.9611
0 1 0 0 0 1 1 0 1 0 0 1 0 0 1 0 1 1 1 1 11209 18.0841
1 1 1 0 0 0 1 0 1 0 0 1 0 1 1 1 0 1 0 0 11213 16.1961
1 1 0 1 1 0 1 1 0 1 0 1 1 0 1 1 0 1 0 0 11217 17.2959
0 1 0 1 0 0 1 0 1 0 0 1 0 0 1 0 1 1 1 1 11224 18.2275
0 1 1 0 1 0 1 1 0 1 0 1 1 1 1 0 1 1 1 1 11228 19.0831
1 1 0 0 1 1 1 1 0 1 0 1 1 0 1 1 0 1 0 0 11232 17.9340
1 0 0 0 1 0 1 0 0 1 0 1 1 0 0 1 0 0 0 0 11240 16.9125
0 1 1 1 1 0 1 1 0 1 0 1 0 1 1 0 1 1 1 1 11251 18.8019
1 1 1 0 1 1 1 0 0 1 0 1 0 0 1 1 0 1 0 0 11259 18.6006
0 0 1 0 1 0 1 1 0 1 0 1 1 1 0 0 1 0 1 1 11270 18.7460
1 0 0 1 1 1 1 1 0 1 0 1 1 0 0 1 1 0 0 0 11279 18.3960
1 0 0 1 0 1 1 1 1 0 1 1 1 1 1 1 1 0 0 0 11285 18.0366
1 0 0 0 0 0 1 0 1 0 1 1 1 1 1 1 1 1 0 0 11289 19.0905
1 0 1 1 0 1 1 0 1 0 1 1 1 1 1 1 1 1 0 0 11294 18.8947
1 0 0 1 1 1 1 1 0 1 1 1 0 0 1 1 1 0 0 0 11298 18.2585
0 1 0 1 0 1 1 1 1 1 0 1 1 0 0 0 0 1 1 1 11303 18.8770
0 0 0 0 0 1 1 1 1 0 1 1 1 0 1 0 1 1 1 1 11309 18.1290
0 0 1 0 1 1 1 0 0 1 1 1 0 1 1 0 1 0 1 1 11313 19.0790
1 1 0 1 1 0 1 0 1 1 0 1 1 0 0 1 0 0 0 0 11317 17.7254
0 0 0 1 0 0 1 1 1 0 1 1 1 0 1 0 1 0 1 1 11322 18.8333
0 0 1 1 1 1 1 1 0 1 1 1 0 1 1 0 1 1 1 1 11326 20.7259
0 0 0 0 1 0 1 1 0 1 0 1 0 1 1 0 1 0 1 1 11334 18.0307
1 1 1 0 1 0 1 1 0 1 0 1 1 0 0 1 0 1 0 0 11344 17.7625
0 0 0 0 0 1 1 0 1 0 0 1 1 0 1 0 1 1 1 1 11353 18.2756
1 1 0 1 1 0 1 1 0 1 0 1 1 0 0 1 0 0 0 0 11361 17.5275
0 0 1 0 1 0 1 1 0 1 0 1 0 1 1 0 1 1 1 1 11372 18.9437
0 0 0 1 1 0 1 0 0 1 0 1 0 1 0 0 1 1 1 1 11378 18.1157
1 1 0 0 0 1 1 0 1 0 0 1 1 1 0 1 0 1 0 0 11383 17.1445
0 0 1 1 1 1 1 0 0 1 0 1 0 1 0 0 1 0 1 1 11388 18.6770
1 1 0 1 1 1 1 1 0 1 0 1 0 0 0 1 0 1 0 0 11393 19.0406
1 0 1 0 1 0 1 1 0 1 0 1 0 0 0 1 1 1 0 0 11398 18.7467
0 1 1 1 0 0 1 0 1 1 0 1 1 0 0 0 1 0 1 1 11403 15.6638
0 1 0 1 1 0 1 0 1 1 0 1 1 1 0 0 1 1 1 1 11407 19.3536
1 0 0 0 0 0 1 1 1 0 1 1 1 1 1 1 0 1 0 0 11411 18.0496
0 1 1 0 1 0 1 1 1 1 0 1 1 1 0 0 1 1 1 1 11416 19.8241
1 0 1 0 0 1 1 1 1 0 1 1 1 1 1 1 0 0 0 0 11420 17.1623
0 0 0 1 1 0 1 0 0 1 1 1 0 1 1 0 0 0 1 1 11426 18.0223
1 1 1 1 1 0 1 0 1 1 0 1 0 0 0 1 1 1 0 0 11430 17.0397
1 1 0 0 1 0 1 1 1 1 0 1 1 0 0 1 1 1 0 0 11434 18.9710
0 0 0 1 0 0 1 0 1 0 1 1 1 0 1 0 0 0 1 1 11440 17.3996
0 0 1 1 0 1 1 1 1 0 1 1 1 0 1 0 0 1 1 1 11444 20.0158
1 0 1 0 0 1 1 0 1 0 0 1 1 1 1 1 0 0 0 0 11449 16.1931
1 1 0 0 1 0 1 1 0 1 0 1 1 0 0 1 1 1 0 0 11458 18.6314
0 1 0 0 1 1 1 0 0 1 0 1 1 1 0 0 1 1 1 1 11469 18.6960
1 1 1 0 1 1 1 0 0 1 0 1 1 0 0 1 1 0 0 0 11477 18.3567
0 0 0 1 1 1 1 0 0 1 0 1 0 1 1 0 0 1 1 1 11488 18.9492
1 1 0 0 1 1 1 1 0 1 0 1 1 0 0 1 1 0 0 0 11496 18.5756
0 1 0 1 0 1 1 1 1 0 0 1 1 0 0 0 1 1 1 1 11501 19.5277
0 1 1 0 1 1 1 0 0 1 0 1 0 1 0 0 1 1 1 1 11505 18.9864
1 1 1 1 0 1 1 1 1 0 0 1 1 1 0 1 1 0 0 0 11511 18.4547
1 1 0 0 1 1 1 0 0 1 0 1 0 0 0 1 1 0 0 0 11515 18.5378
1 0 1 0 0 0 1 1 1 0 0 1 1 1 0 1 0 1 0 0 11520 17.7178
0 0 0 0 1 1 1 0 1 1 1 1 0 1 1 1 1 1 1 1 11521 19.0097
1 1 1 0 0 0 1 0 1 1 1 1 1 0 1 1 1 0 0 0 11521 17.1086
0 1 0 1 0 1 1 0 1 1 1 1 0 0 1 1 1 1 1 0 11522 17.4345
1 0 1 0 0 1 1 0 1 1 1 1 0 0 1 1 0 0 0 1 11522 17.5505
1 0 0 0 1 0 1 0 1 1 1 1 1 1 1 1 0 1 0 1 11522 19.3837
1 0 1 0 0 0 1 0 1 1 1 1 0 0 1 1 1 0 0 1 11523 16.1014
0 1 1 1 1 0 1 0 1 1 1 1 0 1 1 1 1 0 1 0 11524 18.2605
0 0 1 0 0 1 1 0 1 1 1 1 1 0 1 1 0 0 1 1 11525 18.1506
1 1 1 0 1 1 1 0 1 1 1 1 1 1 1 1 0 0 0 0 11525 18.0170
1 0 0 0 0 0 1 1 1 1 1 1 1 0 1 1 1 1 0 1 11526 18.3831
0 1 1 0 0 0 1 0 1 1 1 1 1 0 1 1 1 1 1 0 11527 17.1629
1 0 0 1 0 0 1 0 1 1 1 1 1 0 1 1 0 0 0 1 11527 17.2715
0 0 1 0 0 1 1 0 1 1 1 1 0 0 1 1 0 1 1 1 11528 17.5736
0 1 0 0 1 0 1 0 1 1 1 1 1 1 1 1 0 0 1 0 11528 19.0827
1 1 1 0 1 1 1 0 1 1 1 1 0 1 1 1 0 1 0 0 11528 19.0897
0 0 0 1 1 0 1 1 1 1 1 1 1 1 1 1 0 0 1 1 11529 19.3515
0 1 0 0 0 0 1 1 1 1 1 1 1 0 1 1 0 0 1 0 11530 17.0458
1 0 1 1 1 1 1 0 1 1 1 1 1 1 1 1 1 1 0 1 11530 20.6435
1 1 0 1 0 0 1 1 1 1 1 1 1 0 1 1 1 0 0 0 11531 17.1002
1 0 1 1 0 0 1 0 1 1 1 1 0 0 1 1 0 1 0 1 11532 17.2779
0 1 1 1 1 1 1 1 1 1 1 1 0 1 1 1 0 1 1 0 11533 20.3089
0 0 0 1 0 0 1 0 1 1 1 1 0 0 1 1 1 0 1 1 11534 16.2517
1 1 0 1 1 0 1 0 1 1 1 1 0 1 1 1 1 0 0 0 11534 18.2406
1 0 1 1 0 0 1 1 1 1 1 1 1 0 1 1 0 0 0 1 11535 18.2478
0 1 1 0 1 0 1 1 1 1 1 1 1 1 1 1 0 0 1 0 11536 19.1664
0 1 0 1 0 0 1 1 1 1 1 1 0 0 1 1 1 0 1 0 11537 16.0888
0 1 0 0 1 1 1 1 1 1 1 1 1 1 1 1 1 1 1 0 11537 20.1080
1 0 1 1 1 1 1 1 1 1 1 1 1 1 1 1 0 0 0 1 11537 19.0611
0 0 1 1 1 0 1 1 1 1 1 1 0 1 1 1 0 1 1 1 11538 19.7004
1 1 1 0 0 1 1 1 1 1 1 1 1 0 1 1 0 0 0 0 11538 17.5134
0 1 1 1 0 1 1 1 1 1 1 1 0 0 1 1 1 1 1 0 11539 18.0562
1 0 0 0 1 1 1 0 1 1 1 1 1 1 1 1 0 0 0 1 11539 18.2388
1 1 0 1 0 1 1 0 1 1 1 1 1 0 1 1 0 0 0 0 11540 17.6941
0 0 1 1 1 0 1 1 1 1 1 1 1 1 1 1 1 0 1 1 11541 19.5896
0 1 1 0 0 0 1 1 1 1 1 1 1 0 1 1 1 0 1 0 11542 17.0716
0 0 0 1 0 0 1 1 1 1 1 1 0 0 1 1 0 0 1 1 11543 17.3224
0 0 0 0 1 1 1 1 1 1 1 1 1 1 1 1 0 1 1 1 11543 19.4230
1 1 0 1 1 0 1 1 1 1 1 1 0 1 1 1 0 0 0 0 11543 18.0244
0 1 0 1 0 1 1 1 1 1 1 1 1 0 1 1 0 1 1 0 11544 18.5156
1 0 1 0 0 0 1 1 1 1 1 1 0 0 1 1 1 0 0 1 11544 16.6289
1 0 1 1 1 1 1 1 1 1 1 1 1 1 1 1 1 1 0 1 11544 22.1920
0 0 1 1 1 1 1 0 1 1 0 1 0 1 1 1 1 0 1 1 11546 18.4930
1 0 1 1 1 1 1 0 1 1 0 1 1 1 1 1 1 0 0 1 11548 19.6483
1 1 1 1 0 1 0 0 1 0 1 1 0 0 1 0 0 1 0 0 11551 17.0526
0 0 0 1 0 0 1 1 1 1 0 1 1 0 1 1 0 0 1 1 11553 17.1313
0 1 1 1 1 1 1 0 0 1 1 1 1 1 1 1 0 1 1 0 11556 18.2699
0 0 1 1 1 0 1 1 1 1 0 1 1 1 1 1 0 0 1 1 11559 18.3281
1 1 1 0 1 1 1 1 0 1 1 1 1 1 1 1 0 1 0 0 11561 18.6702
1 0 0 0 0 1 1 0 1 1 0 1 1 0 1 1 0 0 0 1 11563 17.6326
1 1 0 1 1 1 1 0 0 1 1 1 1 1 1 1 0 1 0 0 11566 17.9940
0 0 1 0 1 1 1 1 1 1 0 1 1 1 1 1 1 0 1 1 11568 18.9202
1 0 0 0 0 1 1 1 0 1 1 1 1 1 1 0 0 1 1 1 7367 18.6019
0 1 1 0 1 0 1 1 0 1 1 0 1 0 0 0 1 0 0 0 7369 18.2005
0 1 0 0 1 0 1 0 0 1 1 0 1 0 0 0 0 0 0 0 7378 17.4763
1 0 1 0 1 1 1 1 1 0 0 1 0 0 1 0 1 1 1 1 7388 19.4633
1 1 0 0 1 1 0 0 0 0 1 1 0 0 1 1 1 1 0 1 7395 18.0812
1 1 0 1 0 1 1 1 0 0 1 1 1 0 1 0 1 1 0 1 7398 19.1785
0 1 0 1 1 0 1 0 0 1 1 0 0 0 0 0 1 0 0 0 7403 18.6367
1 1 1 0 1 0 0 0 0 0 1 1 0 1 1 1 1 1 0 1 7405 17.6862
1 1 1 1 0 0 1 0 0 0 1 1 1 0 1 0 1 1 0 1 7408 18.2410
0 0 0 1 0 1 1 1 1 1 0 0 1 1 0 1 0 0 1 0 7413 18.9435
0 1 1 1 1 0 1 1 0 1 1 0 0 0 0 0 0 0 0 0 7418 18.4248
0 0 1 1 1 1 1 1 1 1 0 0 1 0 0 0 1 0 1 0 7421 19.4905
0 0 1 0 0 1 1 1 1 1 0 0 0 1 0 1 1 0 1 0 7426 18.0233
1 1 0 1 1 0 0 1 0 0 1 1 0 0 1 1 0 1 0 1 7428 19.0573
0 0 0 1 1 1 1 1 1 1 0 0 0 0 0 1 1 0 1 0 7431 17.9831
1 1 1 0 1 1 1 1 0 0 1 1 0 0 1 0 0 1 0 1 7435 17.2387
1 1 1 1 0 1 1 1 0 0 1 1 1 1 1 0 0 1 0 1 7438 17.7538
0 0 1 0 1 1 1 1 1 1 1 0 1 0 0 1 1 0 0 0 7443 19.0226
0 0 0 1 1 1 1 1 1 1 1 0 0 0 0 1 1 0 0 0 7448 17.9101
1 1 1 1 1 1 1 1 1 0 1 1 0 1 1 0 0 1 1 1 7453 20.2766
1 1 1 1 0 1 1 1 0 1 1 1 1 0 1 0 0 1 1 1 7458 18.6520
1 1 1 0 0 1 1 1 0 1 1 1 1 0 1 0 1 1 1 1 7463 19.8577
1 0 0 0 1 1 1 0 1 0 1 1 0 0 1 0 1 1 0 1 7465 18.1730
1 1 0 1 1 1 1 1 1 0 1 1 0 0 1 0 0 1 1 1 7467 19.4172
0 1 0 1 0 1 1 1 1 1 1 0 0 1 0 0 0 0 1 0 7471 18.4556
1 1 1 0 0 0 1 0 0 1 1 1 1 1 1 0 0 1 1 1 7472 18.0623
0 1 0 1 1 1 1 0 1 1 1 0 0 0 0 0 1 0 1 0 7475 18.4715
0 1 0 1 1 1 1 1 1 1 1 0 1 0 0 0 1 0 1 0 7478 19.5674
0 1 1 1 1 0 1 0 1 1 1 0 0 0 0 0 0 0 1 0 7481 17.5282
1 1 1 1 1 0 1 1 1 0 1 1 0 0 1 0 0 1 1 1 7482 20.1773
1 0 0 0 1 0 1 0 1 0 1 1 0 0 1 0 0 1 0 1 7485 18.1518
1 1 1 0 1 0 1 1 1 0 1 1 0 0 1 0 1 1 1 1 7487 19.5821
0 1 1 0 1 1 1 1 0 1 1 0 1 0 0 0 1 0 1 0 7491 19.2532
1 0 1 1 1 1 1 1 1 0 0 1 0 0 1 0 0 1 0 1 7501 18.8496
1 0 1 0 0 1 1 1 0 1 0 1 1 1 1 0 1 1 0 1 7511 18.9096
1 1 0 1 0 0 0 0 0 0 1 1 1 1 1 1 1 1 1 1 7516 18.1322
0 0 1 1 0 1 1 1 1 1 0 0 0 1 0 1 0 0 0 0 7521 17.9707
1 0 1 0 1 0 1 0 1 0 0 1 0 0 0 0 0 1 0 1 7523 18.1005
0 0 0 0 1 0 1 1 1 1 0 0 1 0 0 0 0 0 0 0 7526 17.9976
1 0 1 1 1 0 1 1 1 0 0 1 0 0 0 0 0 1 0 1 7530 18.5405
1 1 1 0 1 1 0 1 0 0 1 1 0 1 1 1 1 1 1 1 7533 19.5051
1 1 0 0 0 0 1 0 0 0 1 1 1 1 1 0 0 1 1 1 7539 17.2150
0 0 1 0 1 0 1 1 1 1 0 0 0 0 0 0 1 0 0 0 7542 17.0020
1 1 0 1 1 1 1 0 0 0 1 1 0 1 1 0 0 1 1 1 7546 18.5892
0 0 0 1 1 0 1 1 1 1 0 0 1 0 0 0 1 0 0 0 7549 17.9664
0 0 0 0 0 0 1 1 1 1 0 0 1 1 0 1 1 0 0 0 7552 18.2051
1 1 1 1 1 0 1 1 0 0 1 1 0 1 1 0 0 1 1 1 7556 20.2544
1 0 0 1 1 0 1 1 1 0 0 1 0 0 0 0 1 1 0 1 7560 18.5573
0 0 0 1 0 1 1 0 1 0 1 0 0 1 0 1 1 0 1 0 7565 17.1663
0 0 1 0 1 1 1 1 0 1 1 0 1 0 0 1 1 0 1 0 7569 18.6541
1 1 0 0 0 1 1 0 0 1 0 1 1 0 1 0 1 1 1 1 7575 17.7769
1 1 1 1 1 1 1 1 1 0 0 1 0 1 1 0 1 1 1 1 7579 19.3681
1 1 0 1 0 1 1 1 0 1 0 1 1 0 1 0 0 1 1 1 7584 18.1317
0 0 0 1 1 0 1 1 0 1 1 0 1 0 0 0 1 0 0 0 7592 18.0831
1 1 0 1 0 1 1 1 0 1 0 1 1 1 1 0 1 1 1 1 7602 18.6702
1 1 0 1 1 1 1 0 1 0 0 1 0 0 1 0 1 1 0 1 7610 18.6396
0 0 0 0 1 1 1 1 0 1 1 0 1 0 0 0 1 0 1 0 7621 18.5867
0 0 1 1 1 1 1 0 0 1 1 0 1 0 0 0 1 0 1 0 7631 18.8360
0 0 1 0 1 1 0 1 0 1 0 0 1 0 1 0 0 0 1 0 7637 18.0933
0 0 1 1 1 0 1 1 0 1 0 0 1 0 0 1 0 0 0 0 7641 16.9541
0 0 0 0 0 1 1 1 1 0 0 0 0 1 0 0 0 0 0 0 7646 17.0896
0 0 1 0 1 1 1 1 0 1 0 0 1 0 0 1 0 0 1 0 7650 16.5226
1 1 1 1 0 1 1 1 0 0 0 1 1 1 1 0 1 1 1 1 7654 18.7251
1 1 0 1 1 1 1 0 0 0 0 1 0 0 1 0 0 1 1 1 7660 18.5824
0 0 0 1 0 1 1 1 1 0 0 0 0 1 0 1 1 0 1 0 7665 18.1088
0 0 0 1 1 0 1 1 0 1 0 0 1 0 0 0 1 0 0 0 7669 17.7368
1 1 0 0 0 1 1 1 0 0 0 1 1 1 1 0 0 1 0 1 7673 16.6354
1 1 1 0 1 1 1 1 0 0 0 1 0 1 1 0 0 1 1 1 7677 19.3196
0 0 0 1 1 0 1 0 0 1 1 0 0 0 0 1 1 0 1 0 7685 16.9007
1 1 1 1 1 1 1 1 1 0 0 1 0 1 0 0 0 1 0 1 7695 18.4089
1 1 0 1 0 1 1 1 0 1 0 1 1 0 0 0 0 1 1 1 7704 18.3793
1 1 0 0 1 1 1 1 1 0 0 1 0 0 0 0 0 1 1 1 7708 19.1008
1 0 0 0 0 0 1 0 0 0 1 1 1 0 1 0 1 1 0 1 7713 18.1016
0 1 1 0 1 0 1 1 1 1 0 0 0 0 0 1 0 0 1 0 7716 17.2189
1 0 1 1 1 1 0 0 0 0 1 1 0 0 1 1 1 1 0 1 7718 18.2139
0 1 0 1 1 1 1 1 1 1 0 0 1 0 0 0 0 0 1 0 7723 18.6497
0 0 1 0 1 0 1 0 0 1 1 0 0 0 0 0 1 0 0 0 7726 18.2616
1 1 0 1 1 1 1 1 1 0 0 1 0 0 0 0 0 1 0 1 7731 18.8839
1 0 0 1 1 0 1 1 0 0 1 1 0 1 1 0 1 1 1 1 7734 19.3220
0 1 1 1 1 0 1 1 1 1 0 0 0 0 0 1 0 0 0 0 7739 17.2595
1 0 1 0 1 1 0 0 0 0 1 1 0 0 1 1 1 1 1 1 7741 18.6555
1 0 1 1 0 1 1 0 0 0 1 1 1 1 1 0 1 1 1 1 7744 18.0946
0 0 1 1 1 0 1 0 0 1 1 0 0 0 0 0 1 0 1 0 7749 18.3433
1 0 0 0 1 1 1 0 0 0 0 1 0 0 1 0 1 1 0 1 7753 18.3792
1 0 0 1 0 0 1 1 0 0 0 1 1 1 1 0 1 1 1 1 7758 18.3769
1 0 1 1 0 1 1 0 0 0 0 1 1 1 1 0 1 1 0 1 7762 17.1146
1 0 1 0 1 0 1 0 0 0 0 1 0 0 1 0 1 1 1 1 7767 18.3833
1 0 1 0 1 1 1 1 0 0 0 1 0 0 1 0 1 1 1 1 7771 19.4605
0 1 1 1 0 1 1 1 1 0 0 0 1 1 0 0 0 0 1 0 7777 17.8794
0 0 1 0 0 1 1 1 1 0 0 0 1 1 0 0 1 0 0 0 7780 17.8473
0 0 1 1 0 0 0 1 1 0 0 0 1 1 1 0 1 0 1 0 7782 18.0666
0 0 0 0 1 0 1 1 0 1 0 0 0 0 0 0 1 0 1 0 7784 17.9504
0 1 0 0 1 0 1 1 0 1 0 0 0 0 0 1 0 0 1 0 7786 16.9155
1 0 0 1 0 1 1 1 0 0 0 1 1 1 0 0 1 1 1 1 7788 18.5677
0 0 0 1 1 0 1 1 0 1 0 0 0 0 0 1 1 0 0 0 7791 17.0690
1 0 1 1 1 1 1 0 0 0 0 1 0 1 0 0 1 1 1 1 7792 18.4001
1 1 1 0 0 0 1 1 0 0 0 1 1 1 0 0 0 1 1 1 7795 17.7881
0 0 0 1 0 0 1 1 1 0 0 0 1 1 0 1 1 0 0 0 7797 17.9943
0 1 0 0 1 1 1 1 0 1 0 0 0 0 0 1 0 0 1 0 7800 18.2586
1 1 1 1 1 1 1 0 1 0 0 1 0 1 0 0 1 1 1 1 7807 18.7814
0 0 0 1 0 0 1 0 1 0 1 0 1 1 0 1 0 0 1 0 7818 16.0248
0 1 1 1 0 0 0 1 1 1 0 0 1 1 1 0 1 0 1 0 7827 17.8704
1 0 0 0 1 0 1 1 0 0 1 1 0 1 1 0 0 1 0 1 7829 18.1918
0 1 1 0 1 0 1 1 1 1 0 0 1 0 0 1 1 0 1 0 7834 18.1291
0 1 0 1 0 1 1 1 1 1 0 0 0 1 0 0 1 0 1 0 7837 17.9262
1 0 1 0 0 1 1 0 0 0 1 1 1 1 1 0 0 1 0 1 7839 16.2081
0 1 0 0 1 0 1 1 1 1 0 0 0 0 0 0 1 0 1 0 7844 17.0046
1 1 0 1 1 0 1 0 1 0 0 1 0 0 0 0 1 1 1 1 7846 18.7094
1 0 0 1 0 1 1 0 0 0 1 1 1 0 1 0 0 1 1 1 7852 17.7787
0 1 1 1 0 0 1 1 1 1 0 0 1 1 0 1 1 0 0 0 7857 18.1759
0 1 1 0 0 0 1 1 1 1 0 0 0 1 0 1 1 0 0 0 7860 17.1988
1 0 1 1 0 0 1 0 0 0 1 1 1 1 1 0 0 1 1 1 7862 17.2044
0 1 0 1 0 0 1 1 1 1 0 0 0 1 0 0 1 0 0 0 7867 16.9804
1 1 0 0 1 0 1 0 1 0 0 1 0 0 0 0 1 1 0 1 7869 18.4796
1 0 0 0 0 1 1 0 0 0 0 1 1 0 1 0 0 1 1 1 7875 18.1002
1 0 1 0 1 1 1 0 0 0 0 1 0 0 1 0 0 1 0 1 7879 17.9364
0 1 1 0 0 0 1 1 1 0 0 0 0 1 0 1 1 0 0 0 7884 17.1064
1 0 1 1 0 1 1 0 0 0 0 1 1 1 1 0 0 1 1 1 7888 17.1696
1 0 1 1 1 0 1 1 0 0 0 1 0 1 1 0 0 1 1 1 7892 19.1530
1 1 0 0 1 1 1 0 0 0 0 1 0 0 0 0 1 1 0 1 7897 18.4378
0 0 1 0 0 0 0 1 1 0 0 0 1 1 1 0 0 0 1 0 7901 17.5455
1 0 0 1 0 1 1 1 0 0 0 1 1 0 0 0 0 1 1 1 7902 18.2578
0 1 0 1 0 1 1 1 1 0 0 0 1 1 0 1 1 0 1 0 7905 19.0567
1 1 1 1 0 1 1 0 0 0 0 1 1 1 0 0 1 1 0 1 7906 17.1402
1 0 1 0 0 1 1 0 0 0 0 1 1 0 0 0 0 1 1 1 7909 18.2132
1 0 1 0 1 1 1 0 0 0 0 1 0 1 0 0 0 1 1 1 7911 18.4714
1 0 0 0 1 1 1 1 0 0 0 1 0 1 0 0 0 1 0 1 7913 18.2501
1 1 1 0 1 1 1 1 0 0 0 1 0 0 0 0 1 1 1 1 7915 19.3698
0 0 0 0 0 0 1 1 1 0 0 0 1 1 0 1 0 0 0 0 7918 17.1761
0 1 1 0 0 0 1 1 1 1 1 0 1 1 0 1 1 1 1 0 7921 18.0974
1 0 0 1 0 0 1 1 0 1 1 1 1 0 1 0 1 0 0 1 7925 17.8968
1 0 1 0 1 0 1 0 1 0 1 1 0 1 1 0 1 0 0 1 7929 17.6255
0 1 1 0 0 0 1 0 1 1 1 0 1 1 0 1 0 1 1 0 7936 17.8312
0 1 0 1 1 1 1 1 1 1 1 0 1 0 0 1 0 1 1 0 7940 18.8867
1 0 0 1 1 0 1 1 1 0 1 1 0 1 1 0 0 0 0 1 7944 17.9331
1 0 0 0 1 1 1 1 1 0 1 1 0 1 1 0 0 0 1 1 7948 18.6074
0 1 0 1 0 0 1 0 1 1 1 0 1 1 0 1 0 1 0 0 7953 17.7030
0 1 1 1 1 0 1 0 1 1 1 0 1 0 0 1 0 1 0 0 7959 17.7975
1 0 1 1 0 0 1 1 0 1 1 1 1 0 1 0 1 0 1 1 7963 18.7469
0 1 1 0 1 1 1 0 1 1 1 0 1 0 0 1 1 1 0 0 7968 18.9736
0 1 1 1 0 0 1 1 1 0 1 0 0 1 0 1 1 1 0 0 7972 17.2733
1 0 1 1 0 0 1 0 0 1 0 1 1 0 1 0 1 0 1 1 7976 17.0952
1 0 0 1 0 1 1 0 0 1 0 1 1 0 1 0 1 0 0 1 7982 17.1049
1 0 0 1 1 0 1 1 1 0 0 1 0 1 1 0 1 0 1 1 7986 18.0421
0 1 0 1 0 0 1 0 1 0 1 0 0 1 0 1 0 1 1 0 7992 16.6595
0 1 1 0 1 0 1 1 0 1 1 0 0 0 0 1 1 1 1 0 7999 18.3472
1 0 1 0 0 1 1 1 0 1 0 1 1 0 0 0 0 0 1 1 8009 17.0621
1 0 1 1 1 1 1 0 1 0 0 1 0 1 0 0 1 0 0 1 8017 17.5860
0 1 0 1 1 0 1 0 0 1 1 0 0 0 0 1 0 1 0 0 8027 17.8185
1 0 0 0 1 0 1 0 1 0 0 1 0 1 0 0 1 0 1 1 8037 17.9226
1 1 0 0 1 1 1 0 1 0 1 1 0 1 1 0 0 0 0 1 8042 17.7096
1 1 1 0 1 1 1 0 1 0 1 1 0 1 1 0 1 0 0 1 8047 17.8123
0 0 0 0 0 1 1 1 1 1 1 0 1 1 0 1 1 1 1 0 8053 18.6553
0 0 0 0 0 1 1 0 1 1 1 0 1 1 0 1 1 1 1 0 8058 18.5403
0 0 1 1 1 0 1 0 1 1 1 0 0 0 0 1 1 1 1 0 8063 16.8399
1 1 0 0 0 0 1 0 0 1 1 1 1 1 1 0 1 0 0 1 8065 17.1705
1 0 0 1 0 0 1 1 0 1 1 1 1 1 1 0 0 0 1 1 8067 19.2146
1 1 0 0 0 0 1 1 0 1 1 1 1 1 1 0 1 0 0 1 8070 17.5163
0 1 0 0 1 0 1 1 1 1 1 0 1 0 0 0 0 1 0 0 8072 18.4355
1 1 1 1 1 0 1 0 1 0 1 1 0 0 1 0 1 0 0 1 8074 18.1714
0 1 0 1 0 0 1 1 1 1 1 0 0 1 0 0 1 1 0 0 8078 17.6459
0 1 0 1 0 0 1 0 1 1 1 0 0 1 0 0 1 1 0 0 8081 17.5950
1 0 0 1 0 1 1 1 0 1 1 1 1 1 1 0 1 0 1 1 8082 19.2703
0 1 1 1 1 0 1 0 1 1 1 0 1 0 0 0 1 1 0 0 8085 18.5162
1 0 0 0 1 0 1 1 1 0 1 1 0 0 1 0 0 0 1 1 8087 18.8635
0 1 1 1 1 0 1 1 0 1 1 0 1 0 0 0 1 1 0 0 8090 18.2670
0 1 0 0 1 0 1 0 0 1 1 0 1 0 0 0 1 1 0 0 8100 18.1515
1 0 0 1 1 0 1 0 1 0 0 1 0 0 1 0 0 0 1 1 8110 18.1422
0 1 1 1 1 1 1 1 0 1 1 0 0 0 0 0 1 1 0 0 8116 18.2164
1 0 1 1 1 1 1 0 1 0 0 1 0 0 0 0 0 0 1 1 8119 18.3729
1 1 0 0 0 1 0 1 0 0 1 1 1 1 1 1 1 0 0 1 8123 17.3609
0 0 0 0 0 0 1 1 1 1 0 0 1 1 0 0 0 1 1 0 8126 18.3993
0 1 0 1 1 1 1 0 0 1 1 0 0 0 0 0 1 1 0 0 8129 18.8654
1 1 1 0 0 0 0 1 0 0 1 1 1 0 1 1 1 0 0 1 8133 18.3932
0 1 1 0 1 1 1 1 0 1 1 0 0 0 0 0 0 1 0 0 8139 18.7648
1 1 0 0 1 1 1 1 0 0 1 1 0 0 1 0 0 0 0 1 8141 18.0833
1 1 0 1 0 0 1 0 0 0 1 1 1 0 1 0 0 0 0 1 8146 17.8719
0 0 0 1 0 0 0 1 1 1 0 0 1 1 1 0 1 1 1 0 8149 18.6122
1 1 1 0 1 0 1 0 0 0 1 1 0 0 1 0 0 0 0 1 8151 17.8810
0 0 0 0 1 1 1 1 1 1 0 0 1 0 0 0 1 1 1 0 8156 18.8343
0 1 1 1 1 1 1 0 0 1 1 0 0 0 0 0 0 1 0 0 8159 18.7394
0 0 1 1 1 1 1 1 1 1 1 0 1 0 0 1 1 1 0 0 8164 19.3167
1 1 1 0 1 1 1 0 1 0 1 1 0 1 1 0 0 0 1 1 8168 18.6038
1 1 1 0 1 1 1 1 1 0 1 1 0 1 1 0 0 0 1 1 8174 18.8249
0 0 0 0 0 1 1 1 1 1 1 0 1 1 0 1 0 1 0 0 8179 18.0547
0 0 1 0 0 1 1 0 1 1 1 0 1 1 0 1 1 1 0 0 8184 18.7592
0 1 1 0 0 0 1 1 1 1 1 0 1 1 0 0 0 1 1 0 8186 18.4352
0 1 1 1 1 1 1 1 1 1 1 0 1 0 0 0 1 1 1 0 8188 20.2106
0 1 0 1 1 1 1 1 1 1 1 0 0 0 0 0 0 1 1 0 8191 18.5877
1 1 1 0 1 1 1 0 1 0 1 1 0 0 1 0 0 0 1 1 8192 18.6027
1 0 1 0 1 0 1 0 1 0 1 1 0 0 1 0 0 0 0 1 8195 18.0561
1 1 1 0 1 1 1 1 1 0 1 1 0 0 1 0 0 0 1 1 8198 18.8619
1 0 1 0 0 1 1 1 0 1 1 1 1 1 1 0 0 0 0 1 8201 16.5683
0 1 0 0 0 1 1 1 1 1 1 0 1 1 0 0 0 1 1 0 8203 18.8909
0 1 1 0 1 1 1 0 1 1 1 0 0 0 0 0 1 1 1 0 8206 18.4063
0 1 1 0 0 1 1 0 1 1 1 0 1 1 0 0 1 1 1 0 8208 19.5774
0 1 1 0 1 1 1 1 0 1 1 0 1 0 0 0 0 1 1 0 8213 18.4341
1 0 0 0 1 0 1 0 1 0 0 1 0 0 1 0 1 0 0 1 8223 17.6175
1 0 1 1 0 1 1 1 0 1 0 1 1 1 1 0 1 0 0 1 8232 17.6744
1 0 0 0 1 1 1 1 1 0 0 1 0 0 0 0 0 0 0 1 8236 18.3773
1 1 0 0 0 0 1 0 0 0 1 1 1 0 1 0 1 0 1 1 8241 18.0919
0 0 1 0 1 0 1 1 1 1 0 0 0 0 0 1 0 1 0 0 8244 17.2220
1 1 1 1 1 1 0 0 0 0 1 1 0 0 1 1 1 0 1 1 8246 18.5372
0 0 0 1 1 1 1 1 1 1 0 0 1 0 0 0 0 1 0 0 8251 17.8149
0 1 1 0 1 0 1 0 0 1 1 0 0 0 0 0 1 1 1 0 8254 18.6695
1 0 0 1 1 1 1 1 1 0 0 1 0 0 0 0 1 0 0 1 8259 18.2486
1 1 0 1 1 0 1 1 0 0 1 1 0 1 1 0 0 0 1 1 8262 19.3735
0 0 1 1 1 0 1 1 1 1 0 0 0 0 0 1 1 1 0 0 8267 17.1334
1 1 1 0 1 1 0 0 0 0 1 1 0 0 1 1 0 0 1 1 8269 18.4188
1 1 1 1 0 1 1 0 0 0 1 1 1 1 1 0 0 0 1 1 8272 17.1202
0 1 1 1 1 0 1 0 0 1 1 0 0 0 0 0 0 1 1 0 8277 18.3448
0 0 1 0 1 0 1 1 0 1 1 0 1 0 0 1 1 1 0 0 8281 17.8962
0 0 0 0 0 1 1 0 1 0 1 0 0 1 0 1 1 1 1 0 8286 17.9591
0 0 1 1 1 1 1 1 0 1 1 0 1 0 0 1 1 1 1 0 8290 18.8233
1 1 0 1 0 1 1 0 0 1 0 1 1 0 1 0 1 0 1 1 8296 18.0403
1 1 1 0 1 1 1 1 1 0 0 1 0 1 1 0 1 0 1 1 8300 18.7114
0 0 1 0 0 1 1 1 1 0 1 0 0 1 0 0 1 1 0 0 8305 17.8043
1 1 1 0 1 0 1 0 1 0 0 1 0 0 1 0 1 0 1 1 8313 17.8188
0 0 0 1 1 1 1 1 0 1 1 0 1 0 0 0 0 1 0 0 8324 17.9713
1 1 0 0 1 1 1 1 1 0 0 1 0 0 1 0 0 0 0 1 8332 18.3738
0 0 1 1 1 0 1 0 0 1 1 0 1 0 0 0 0 1 1 0 8343 17.4591
0 0 1 0 1 1 1 0 0 1 1 0 1 0 0 0 1 1 1 0 8352 18.8632
1 1 0 0 1 0 1 1 0 0 0 1 0 1 1 0 1 0 1 1 8357 18.3930
1 1 1 0 1 1 1 0 0 0 0 1 0 1 1 0 1 0 0 1 8361 17.2412
0 0 0 1 0 1 1 1 1 0 0 0 0 1 0 1 0 1 0 0 8367 16.9537
0 0 0 0 0 0 1 1 1 0 0 0 0 1 0 0 0 1 1 0 8371 17.1069
1 1 1 0 0 1 1 1 0 0 0 1 1 1 1 0 1 0 0 1 8375 17.1995
0 0 1 0 1 1 1 1 0 1 0 0 1 0 0 0 1 1 1 0 8381 18.7454
1 1 1 0 0 0 1 0 0 0 0 1 1 0 1 0 0 0 0 1 8385 17.2738
0 0 0 0 1 0 1 1 0 1 0 0 1 0 0 0 1 1 0 0 8390 17.9088
1 1 0 1 0 1 1 1 0 0 0 1 1 1 1 0 0 0 0 1 8394 15.9749
1 1 1 1 1 1 1 1 0 0 0 1 0 1 1 0 0 0 1 1 8398 18.3484
0 0 1 0 0 1 1 1 1 0 1 0 1 1 0 1 1 1 1 0 8407 18.6480
0 0 0 0 1 1 1 0 0 1 1 0 0 0 0 1 1 1 1 0 8417 17.9799
0 0 1 1 1 0 1 1 0 1 1 0 0 0 0 0 1 1 0 0 8426 16.7414
0 1 1 1 1 1 1 1 1 1 0 0 1 0 0 0 0 1 1 0 8429 19.1062
0 1 1 0 0 1 1 1 1 1 0 0 0 1 0 1 0 1 1 0 8434 18.2161
1 0 0 1 1 0 0 1 0 0 1 1 0 0 1 1 1 0 0 1 8436 18.9361
0 1 0 1 1 1 1 1 1 1 0 0 0 0 0 1 0 1 1 0 8439 18.0866
1 0 1 0 1 1 1 1 0 0 1 1 0 0 1 0 1 0 0 1 8443 18.4566
1 0 1 1 0 1 0 1 0 0 1 1 1 1 1 1 1 0 0 1 8446 18.0616
0 1 1 0 1 1 1 1 1 1 0 0 0 0 0 0 0 1 0 0 8452 18.3592
0 0 0 1 1 0 1 1 0 1 1 0 0 0 0 0 1 1 1 0 8456 18.3726
1 0 0 0 1 0 0 1 0 0 1 1 0 0 1 1 1 0 1 1 8459 18.8785
0 0 0 1 1 1 1 1 0 1 1 0 0 0 0 0 1 1 1 0 8462 18.7778
1 1 1 0 1 0 1 1 1 0 0 1 0 0 0 0 0 0 0 1 8465 18.5902
1 0 1 0 0 1 0 1 0 0 1 1 1 1 1 1 1 0 1 1 8469 18.4675
1 0 0 1 1 1 1 0 0 0 0 1 0 0 1 0 1 0 0 1 8474 17.8026
0 1 0 1 0 1 1 1 1 0 0 0 0 1 0 0 0 1 1 0 8479 18.2349
0 1 1 1 1 1 1 1 0 1 0 0 1 0 0 1 0 1 0 0 8483 17.8913
0 1 0 0 1 0 1 1 0 1 0 0 1 0 0 1 0 1 0 0 8488 17.1851
0 1 0 1 1 1 1 1 0 1 0 0 1 0 0 0 0 1 1 0 8492 18.2577
1 1 0 0 0 1 1 0 0 0 0 1 1 0 0 0 0 0 0 1 8497 17.9934
1 0 0 1 0 1 1 0 0 0 0 1 1 0 0 0 1 0 1 1 8500 18.2269
0 0 1 1 1 1 0 1 0 1 0 0 0 0 1 0 1 1 1 0 8502 19.0008
1 0 1 1 1 1 1 0 0 0 0 1 0 0 0 0 1 0 0 1 8504 17.8842
1 1 1 1 0 0 1 0 0 0 0 1 1 0 0 0 0 0 0 1 8506 17.5476
0 0 0 1 0 1 1 1 1 0 0 0 1 1 0 0 1 1 0 0 8509 18.4624
1 0 1 0 0 0 1 0 0 0 0 1 1 0 0 0 1 0 1 1 8511 17.7944
0 0 1 1 1 1 1 1 0 1 0 0 0 0 0 1 1 1 1 0 8513 18.4601
1 1 1 0 1 0 1 1 0 0 0 1 0 1 0 0 0 0 1 1 8515 19.1094
1 0 1 0 0 1 1 1 0 0 0 1 1 1 0 0 1 0 1 1 8517 18.5439
1 1 1 1 1 1 1 1 0 0 0 1 0 1 0 0 0 0 0 1 8520 18.2341
1 1 1 0 1 1 1 0 1 0 0 1 0 1 0 0 1 0 1 1 8528 18.4300
0 0 1 1 1 0 1 0 0 1 1 0 0 0 0 1 0 1 1 0 8539 17.5510
1 0 0 0 0 0 1 0 0 0 1 1 1 1 1 0 0 0 0 1 8547 16.3153
0 1 1 0 1 0 1 1 1 1 0 0 0 0 0 0 1 1 1 0 8550 17.3227
1 0 0 1 1 1 1 0 0 0 1 1 0 1 1 0 0 0 0 1 8554 17.8524
0 1 0 1 1 0 1 1 1 1 0 0 1 0 0 0 1 1 1 0 8557 18.4630
0 1 0 0 0 0 1 1 1 1 0 0 1 1 0 1 1 1 1 0 8560 18.0874
1 0 1 1 1 0 1 1 0 0 1 1 0 1 1 0 0 0 0 1 8564 18.8181
1 1 0 1 1 0 1 1 1 0 0 1 0 0 0 0 1 0 1 1 8568 18.7018
0 1 1 1 0 0 1 1 1 1 0 0 0 1 0 0 1 1 0 0 8573 17.4393
1 0 0 0 0 1 1 0 0 0 1 1 1 1 1 0 0 0 1 1 8577 17.1937
0 1 1 0 1 1 1 1 1 1 0 0 1 0 0 1 1 1 0 0 8580 19.3050
1 1 1 0 1 1 1 1 1 0 0 1 0 0 0 0 1 0 0 1 8582 18.7254
1 0 1 0 0 0 1 1 0 0 1 1 1 1 1 0 0 0 1 1 8587 17.6108
0 1 0 0 1 0 1 1 1 1 0 0 0 0 0 1 1 1 0 0 8590 17.1944
1 0 0 1 0 1 1 0 0 0 0 1 1 0 1 0 0 0 1 1 8596 17.3426
1 0 1 1 1 1 1 0 0 0 0 1 0 0 1 0 0 0 0 1 8600 17.1606
0 1 0 1 0 1 1 1 1 0 0 0 0 1 0 0 1 1 0 0 8605 17.7205
0 1 1 1 1 1 1 1 0 1 0 0 1 0 0 1 1 1 1 0 8609 18.7607
1 0 1 0 0 1 1 1 0 0 0 1 1 1 1 0 0 0 1 1 8613 17.1445
0 1 1 0 1 0 1 1 0 1 0 0 0 0 0 0 1 1 1 0 8618 18.4963
0 0 1 0 1 1 0 1 0 1 0 0 0 0 1 0 0 1 1 0 8621 19.1686
1 0 0 1 1 1 1 1 0 0 0 1 0 0 0 0 0 0 1 1 8622 18.3741
0 1 0 1 1 0 1 1 0 1 0 0 0 0 0 1 1 1 1 0 8625 18.1803
1 1 1 1 1 1 1 0 0 0 0 1 0 1 0 0 1 0 0 1 8626 16.7289
0 0 0 0 0 1 1 1 1 0 0 0 1 1 0 0 0 1 0 0 8630 17.3889
0 0 1 0 0 1 1 1 1 0 0 0 1 1 0 1 0 1 1 0 8632 17.4607
0 0 1 0 1 1 1 1 0 1 0 0 0 0 0 1 0 1 1 0 8634 18.5673
0 1 0 1 0 0 1 1 1 0 0 0 1 1 0 0 1 1 1 0 8636 18.4127
1 0 1 1 0 1 1 1 0 0 0 1 1 1 0 0 0 0 1 1 8638 17.3780
0 1 1 0 1 0 1 1 1 1 1 0 1 0 1 1 0 1 1 0 8642 17.9924
1 0 0 0 1 1 1 1 1 0 1 1 1 1 1 0 1 0 0 1 8646 18.3657
1 0 0 1 1 0 1 0 1 0 1 1 1 1 1 0 1 1 0 1 8650 18.0386
0 1 1 0 0 1 1 0 1 1 1 0 0 1 1 1 0 1 1 0 8656 18.0716
0 1 0 1 0 1 1 1 1 1 1 0 1 1 1 1 0 1 1 0 8660 18.6958
1 0 0 0 0 0 1 0 0 1 1 1 0 0 1 0 1 0 1 1 8665 18.2725
0 1 1 1 1 1 1 1 1 1 1 0 1 0 1 1 0 1 0 0 8670 18.2174
1 0 1 1 0 1 1 0 0 1 1 1 0 0 1 0 1 0 1 1 8674 18.5713
1 0 1 0 0 1 1 0 0 1 1 1 0 0 1 0 1 1 1 1 8679 18.6435
1 0 1 1 1 1 1 1 1 0 1 1 1 1 1 0 1 0 1 1 8683 19.8957
1 0 1 1 1 0 1 1 1 0 1 1 1 1 1 0 1 0 1 1 8688 19.1721
0 1 0 1 1 0 1 0 0 1 1 0 1 0 1 1 0 1 0 0 8697 17.1936
1 0 1 1 1 1 1 1 1 0 0 1 1 1 1 0 1 0 1 1 8707 18.8549
0 1 0 0 1 0 1 0 0 1 1 0 1 0 1 1 0 0 1 0 8716 16.8015
1 0 0 1 1 0 1 0 1 0 0 1 1 1 1 0 1 1 0 1 8726 18.3734
0 1 0 1 0 0 1 0 1 0 1 0 0 1 1 1 0 0 1 0 8736 15.9595
0 1 1 1 1 1 1 1 0 1 1 0 0 0 1 1 0 1 0 0 8740 18.2443
1 0 1 0 1 1 1 0 1 0 0 1 1 1 0 0 1 0 1 1 8744 17.9091
1 0 1 0 1 1 1 1 1 0 0 1 1 1 0 0 1 0 1 1 8750 18.7981
0 1 1 1 0 1 1 0 1 0 1 0 1 1 1 1 0 1 1 0 8755 18.0181
0 1 1 1 0 0 1 0 1 0 1 0 1 1 1 1 0 1 1 0 8760 17.1950
0 0 1 0 1 0 1 1 1 1 1 0 0 0 1 1 0 1 1 0 8765 17.0913
0 0 0 1 1 0 1 0 1 1 1 0 1 0 1 1 0 1 1 0 8769 18.0773
0 0 0 0 0 0 1 1 1 1 1 0 1 1 1 1 0 0 1 0 8774 17.1367
0 0 1 0 1 1 1 0 1 1 1 0 1 0 1 1 0 1 1 0 8778 18.5997
1 1 1 1 0 1 1 1 0 1 1 1 0 0 1 0 1 1 0 1 8782 20.1679
1 1 0 1 1 1 1 0 1 0 1 1 1 0 1 0 1 0 0 1 8786 19.3754
1 0 0 1 0 0 1 1 0 1 1 1 0 1 1 0 1 0 1 1 8789 19.2463
0 1 0 1 0 0 1 1 1 1 1 0 1 1 1 0 0 1 0 0 8791 19.5111
1 1 1 0 0 1 1 0 0 1 1 1 0 1 1 0 1 0 0 1 8793 18.0627
0 1 1 1 1 1 1 0 1 1 1 0 1 0 1 0 0 0 0 0 8795 18.5741
1 0 1 1 0 0 1 0 0 1 1 1 0 1 1 0 1 1 1 1 8798 18.1609
0 1 1 0 1 1 1 0 1 1 1 0 0 0 1 0 0 1 0 0 8800 19.6252
1 0 0 1 1 0 1 1 1 0 1 1 1 0 1 0 1 0 1 1 8802 19.8769
0 1 0 1 1 1 1 1 1 1 1 0 1 0 1 0 0 1 0 0 8804 18.9050
0 1 0 1 0 0 1 0 1 1 1 0 0 1 1 0 0 1 0 0 8807 18.3250
1 1 0 0 0 1 1 0 0 0 1 1 0 0 1 0 1 1 0 1 8811 18.0676
0 0 1 0 1 1 1 1 1 1 0 0 1 0 1 0 0 0 1 0 8814 18.4357
1 1 0 1 0 0 0 0 0 0 1 1 0 0 1 1 1 1 0 1 8818 17.8002
1 1 1 0 0 0 1 0 0 0 1 1 0 1 1 0 1 1 0 1 8821 17.7422
0 0 0 0 1 1 1 1 1 1 0 0 0 0 1 1 0 0 1 0 8824 16.1985
0 0 0 0 1 1 1 1 1 1 0 0 1 0 1 0 0 0 1 0 8828 18.2972
1 0 1 1 1 0 1 1 1 0 0 1 1 0 1 0 1 0 1 1 8832 19.0305
0 0 1 1 1 1 1 1 1 1 0 0 1 0 1 0 0 1 1 0 8837 19.3568
1 1 0 0 0 0 0 0 0 0 1 1 0 0 1 1 1 0 0 1 8841 17.1069
0 0 1 0 1 0 1 1 1 1 0 0 0 0 1 1 0 1 1 0 8844 16.1505
0 0 0 1 1 1 1 1 1 1 0 0 0 0 1 1 0 1 1 0 8847 17.1139
0 0 0 1 1 1 1 1 1 1 0 0 1 0 1 0 0 1 1 0 8851 19.4163
0 0 0 0 0 1 1 1 1 1 0 0 1 1 1 1 0 1 1 0 8854 17.3399
0 1 1 1 1 1 1 1 0 1 1 0 0 0 1 0 0 0 0 0 8862 18.8950
1 0 0 1 1 0 1 0 1 0 0 1 1 0 0 0 1 1 1 1 8872 19.0501
0 0 1 1 0 0 1 1 1 1 1 0 1 1 1 1 0 1 0 0 8881 17.9424
0 0 1 1 0 1 1 1 1 1 1 0 1 1 1 1 0 1 0 0 8886 18.0396
0 0 0 0 1 1 1 0 1 1 1 0 0 0 1 1 0 1 0 0 8890 18.1813
0 0 1 1 1 0 1 0 1 1 1 0 1 0 1 1 0 1 0 0 8895 18.0847
1 1 1 1 0 0 1 1 0 1 1 1 0 0 1 0 1 0 1 1 8899 18.8831
0 0 0 0 1 1 1 0 1 1 1 0 1 0 1 1 0 1 0 0 8904 18.3269
1 0 0 0 1 1 1 0 1 0 1 1 1 0 1 0 1 1 0 1 8907 19.3480
1 1 0 0 1 1 1 1 1 0 1 1 1 0 1 0 1 1 1 1 8909 19.2433
0 1 0 0 0 1 1 1 1 1 1 0 0 1 1 0 0 1 1 0 8912 19.0558
0 1 0 0 0 1 1 0 1 1 1 0 0 1 1 0 0 1 1 0 8914 19.0734
0 1 1 0 1 0 1 0 1 1 1 0 0 0 1 0 0 0 1 0 8916 17.4568
0 1 1 1 0 0 1 0 1 1 1 0 1 1 1 0 0 1 1 0 8919 19.4347
1 0 0 1 1 0 1 0 1 0 1 1 1 0 1 0 1 0 0 1 8920 19.3318
0 1 0 0 1 0 1 1 1 1 1 0 0 0 1 0 0 1 1 0 8923 18.1922
1 1 1 0 1 1 1 1 1 0 1 1 1 0 1 0 1 0 1 1 8924 19.3846
1 1 1 0 1 0 1 1 1 0 1 1 1 0 1 0 1 0 1 1 8927 19.5066
1 1 0 1 0 0 1 0 0 0 1 1 0 1 1 0 1 1 1 1 8932 18.0416
1 0 1 0 1 1 1 0 1 0 0 1 1 0 1 0 1 0 0 1 8935 18.5642
0 0 1 1 1 0 1 1 1 1 0 0 0 0 1 1 0 0 0 0 8939 15.2154
0 0 0 0 1 0 1 1 1 1 0 0 1 0 1 0 0 0 0 0 8942 18.0040
0 1 1 1 1 1 1 0 0 1 1 0 1 0 1 0 0 1 1 0 8945 19.3092
0 0 0 1 0 1 1 1 1 1 0 0 1 1 1 1 0 0 0 0 8949 16.1691
0 0 1 1 1 1 1 1 1 1 0 0 0 0 1 0 0 1 0 0 8955 18.6051
0 0 1 0 0 1 0 1 1 1 0 0 1 1 0 0 0 1 0 0 8958 18.2187
0 1 0 0 1 0 1 0 0 1 1 0 1 0 1 0 0 0 1 0 8962 17.6680
0 0 0 1 0 0 1 1 1 1 0 0 1 1 1 0 0 1 0 0 8965 18.5648
0 0 0 0 0 1 1 1 1 1 0 0 0 1 1 1 0 1 0 0 8968 17.1483
0 0 0 0 0 1 0 1 1 1 0 0 1 1 0 0 0 1 0 0 8972 18.2942
0 1 0 1 1 1 1 0 0 1 1 0 1 0 1 0 0 0 1 0 8975 17.9629
0 1 0 1 1 0 1 1 0 1 1 0 0 0 1 0 0 1 1 0 8984 19.6965
1 0 0 1 0 1 1 1 0 1 0 1 0 1 0 0 1 1 0 1 8994 18.5841
1 1 1 1 1 1 1 0 1 0 0 1 1 1 1 0 1 0 0 1 9002 17.4028
0 0 1 1 1 0 1 0 0 1 1 0 1 0 1 1 0 1 1 0 9013 17.1706
0 0 0 0 1 1 1 0 0 1 1 0 1 0 1 1 0 1 1 0 9023 18.0403
1 0 0 1 1 0 1 0 0 0 1 1 1 1 1 0 1 1 0 1 9028 17.1751
1 1 1 1 1 1 1 0 1 0 0 1 1 0 1 0 1 0 1 1 9032 19.1328
1 0 0 0 0 0 1 1 0 0 1 1 0 0 1 0 1 1 0 1 9035 18.5852
1 0 1 1 0 1 1 0 0 0 1 1 0 0 1 0 1 1 0 1 9038 18.3598
0 0 1 0 1 1 1 0 0 1 1 0 1 0 1 0 0 1 0 0 9042 19.0950
0 1 0 1 1 1 1 1 1 1 0 0 1 0 1 1 0 0 1 0 9045 16.8361
1 0 0 0 0 0 1 0 0 0 1 1 0 1 1 0 1 1 1 1 9051 18.2673
0 1 1 0 1 0 1 1 1 1 0 0 0 0 1 0 0 0 0 0 9054 17.2270
0 1 1 0 1 0 1 1 1 1 0 0 1 0 1 1 0 0 0 0 9058 16.1252
0 1 0 1 1 0 1 1 1 1 0 0 1 0 1 0 0 0 0 0 9061 17.7554
0 0 1 0 1 0 1 0 0 1 1 0 1 0 1 0 0 1 1 0 9064 18.6653
0 1 0 0 1 0 1 1 1 1 0 0 0 0 1 0 0 0 0 0 9068 17.1699
0 0 0 0 1 1 1 0 0 1 1 0 1 0 1 0 0 1 1 0 9072 18.9656
1 1 0 0 1 1 1 0 0 0 0 1 1 0 1 0 1 0 1 1 9075 18.2248
0 0 1 1 0 0 0 1 1 0 0 0 0 1 0 0 0 1 1 0 9078 17.0864
0 1 0 0 0 1 1 1 1 0 0 0 0 1 1 0 0 0 1 0 9080 17.7822
0 1 0 0 0 1 1 1 1 0 0 0 0 1 1 1 0 0 1 0 9082 15.9063
0 1 1 0 1 1 1 1 0 1 0 0 1 0 1 1 0 0 0 0 9084 15.8730
0 0 0 1 1 0 1 1 0 1 0 0 1 0 1 1 0 1 0 0 9087 16.1462
1 0 1 1 1 1 1 0 0 0 0 1 1 1 1 0 1 1 1 1 9088 17.9907
0 1 0 0 1 1 0 1 0 1 0 0 1 0 0 0 0 0 1 0 9091 17.9716
1 1 1 1 1 1 1 1 0 0 0 1 1 0 1 0 1 0 1 1 9092 18.3788
0 0 0 0 0 0 1 1 1 0 0 0 0 1 1 1 0 1 1 0 9096 15.8814
0 1 1 0 0 0 1 1 1 0 0 0 1 1 1 0 0 0 1 0 9101 17.3608
0 1 0 1 1 0 1 1 0 1 0 0 0 0 1 1 0 0 1 0 9105 16.1555
1 0 1 0 1 1 1 0 0 0 0 1 1 0 0 0 1 1 1 1 9109 18.2102
0 1 1 0 0 0 1 1 1 0 0 0 1 1 1 1 0 0 1 0 9114 15.3833
0 1 0 0 1 1 1 1 0 1 0 0 0 0 1 1 0 0 0 0 9118 16.3550
0 0 1 1 1 1 1 1 0 1 1 0 1 0 1 1 0 0 0 0 9126 16.7894
1 1 0 1 1 0 1 0 1 0 0 1 1 1 1 0 1 1 1 1 9136 19.3065
0 0 1 1 1 0 1 1 0 1 1 0 1 0 1 0 0 0 0 0 9145 17.7482
1 0 0 0 0 0 1 1 0 0 1 1 0 1 1 0 1 0 0 1 9149 18.3030
1 0 0 0 0 1 1 0 0 0 1 1 0 1 1 0 1 0 0 1 9153 18.0151
0 1 1 0 1 1 1 1 1 1 0 0 1 0 1 1 0 1 1 0 9156 17.2223
0 1 0 1 1 0 1 1 1 1 0 0 1 0 1 1 0 1 1 0 9159 16.9171
1 0 1 0 0 0 1 1 0 0 1 1 0 1 1 0 1 0 0 1 9163 18.2873
0 1 0 0 1 0 1 1 1 1 0 0 0 0 1 1 0 1 1 0 9166 16.1505
0 1 1 0 1 0 1 1 1 1 0 0 1 0 1 0 0 1 0 0 9172 18.4724
0 0 0 1 1 0 1 1 0 1 1 0 1 0 1 0 0 0 1 0 9175 18.1292
0 1 1 1 0 1 1 1 1 1 0 0 1 1 1 1 0 1 0 0 9179 17.0578
0 1 0 0 1 1 1 1 1 1 0 0 0 0 1 0 0 1 0 0 9182 18.5383
1 1 0 1 1 0 1 0 1 0 0 1 1 0 1 0 1 1 0 1 9184 19.3879
0 1 0 1 0 0 1 1 1 1 0 0 0 1 1 1 0 1 0 0 9189 16.1499
1 1 0 0 0 1 1 0 0 0 0 1 0 0 1 0 1 1 0 1 9193 18.4526
1 0 0 1 1 1 1 0 0 0 0 1 1 0 1 0 1 0 1 1 9196 18.1384
0 1 1 1 1 1 1 1 0 1 0 0 1 0 1 0 0 1 1 0 9198 17.4471
0 0 0 1 0 1 1 1 1 0 0 0 0 1 1 1 0 0 1 0 9201 15.8512
1 0 1 1 0 1 1 0 0 0 0 1 0 1 1 0 1 0 0 1 9202 17.3516
0 0 0 1 1 0 1 1 0 1 0 0 1 0 1 0 0 0 0 0 9205 16.9242
1 1 1 0 0 1 1 0 0 0 0 1 0 1 1 0 1 1 1 1 9207 18.4035
1 0 0 0 0 1 1 1 0 0 0 1 0 1 1 0 1 0 0 1 9209 17.9049
1 0 1 0 1 1 1 1 0 0 0 1 1 0 1 0 1 0 1 1 9211 18.6017
1 0 1 0 1 1 1 1 0 0 0 1 1 1 1 0 1 0 1 1 9213 17.9632
1 1 1 1 1 1 1 1 0 0 0 1 1 1 1 0 1 1 0 1 9216 17.6759
0 1 1 1 0 0 0 1 1 0 0 0 1 1 0 0 0 1 1 0 9222 17.2744
0 1 1 0 0 1 1 1 1 0 0 0 1 1 1 1 0 1 0 0 9226 16.1078
0 1 0 1 1 0 1 1 0 1 0 0 0 0 1 1 0 1 0 0 9231 17.1265
0 1 0 0 1 1 1 1 0 1 0 0 0 0 1 0 0 1 1 0 9235 17.3550
0 1 0 0 0 0 1 1 1 0 0 0 1 1 1 1 0 1 1 0 9240 16.2263
0 0 1 1 1 1 1 1 0 1 1 0 0 0 1 1 0 1 0 0 9244 18.2856
1 1 1 0 1 1 1 0 1 0 0 1 1 1 0 0 1 0 1 1 9248 18.8977
1 1 1 0 1 1 1 1 1 0 0 1 1 1 0 0 1 0 1 1 9254 19.6413
0 0 1 1 0 1 1 0 1 0 1 0 1 1 1 1 0 1 1 0 9259 18.1524
0 0 1 1 0 0 1 0 1 0 1 0 1 1 1 1 0 1 1 0 9264 17.3207
1 1 1 0 0 0 1 0 0 1 0 1 0 1 0 0 1 1 1 1 9271 18.5749
1 1 0 0 1 0 1 1 1 0 0 1 1 0 0 0 1 1 1 1 9281 19.7025
0 0 1 1 0 1 1 1 1 0 1 0 1 1 1 0 0 1 1 0 9290 19.5060
1 1 1 0 1 0 1 0 1 0 0 1 1 0 0 0 1 0 0 1 9299 19.2336
0 0 1 0 1 0 1 0 0 1 1 0 0 0 1 0 0 1 1 0 9310 19.2417
1 1 0 1 1 1 1 0 0 0 0 1 1 0 0 0 1 1 1 1 9316 18.6941
0 0 0 1 0 1 1 1 1 0 0 0 1 1 1 1 0 0 1 0 9321 16.2194
0 0 0 1 1 0 1 1 0 1 0 0 0 0 1 0 0 0 0 0 9325 16.1090
1 1 0 0 0 1 1 1 0 0 0 1 0 1 0 0 1 1 0 1 9329 18.1892
1 1 1 0 1 1 1 1 0 0 0 1 1 1 0 0 1 1 1 1 9333 18.5830
0 0 1 0 0 1 1 1 1 0 0 0 1 1 1 0 0 1 0 0 9340 17.6137
0 0 0 0 1 0 1 1 0 1 0 0 0 0 1 0 0 1 1 0 9344 18.5146
1 1 0 1 0 1 1 1 0 0 0 1 0 1 0 0 1 0 1 1 9348 18.5336
1 1 1 1 1 1 1 0 0 0 0 1 1 1 0 0 1 0 1 1 9352 17.7996
0 0 0 1 0 0 1 1 1 0 0 0 1 1 1 1 0 1 0 0 9357 16.1592
0 1 1 1 1 0 1 1 1 1 1 0 1 0 1 1 1 0 1 0 9363 17.0364
1 0 1 0 0 0 1 0 0 1 1 1 0 0 1 0 0 0 0 1 9367 17.9174
1 0 0 0 1 0 1 1 1 0 1 1 1 1 1 0 0 1 0 1 9371 17.3543
1 0 0 1 0 1 1 0 0 1 1 1 0 0 1 0 0 0 0 1 9376 18.2071
1 0 1 1 0 0 1 1 0 1 1 1 0 0 1 0 0 1 0 1 9380 19.4636
1 0 0 1 0 0 1 0 0 1 1 1 0 0 1 0 0 0 1 1 9386 17.9885
1 0 0 1 1 1 1 1 1 0 1 1 1 1 1 0 0 1 1 1 9390 19.1756
0 1 1 1 0 1 1 0 1 1 1 0 1 1 1 1 1 0 0 0 9395 18.0630
0 1 1 0 0 0 1 0 1 1 1 0 1 1 1 1 1 1 0 0 9400 17.9981
0 1 0 1 1 0 1 1 1 1 1 0 0 0 1 1 1 1 0 0 9404 17.0588
1 0 1 0 1 1 1 0 1 0 0 1 1 1 1 0 0 0 0 1 9409 16.3075
0 1 1 0 1 1 1 1 0 1 1 0 1 0 1 1 1 1 1 0 9419 18.8566
1 0 1 1 1 1 1 1 1 0 0 1 1 1 1 0 0 0 0 1 9429 16.7604
0 1 1 1 1 1 1 1 0 1 1 0 1 0 1 1 1 0 0 0 9438 17.5674
1 0 0 1 1 0 1 0 1 0 0 1 1 1 1 0 0 1 1 1 9448 17.6192
0 1 1 1 0 1 1 1 1 0 1 0 1 1 1 1 1 0 0 0 9457 17.0328
0 1 1 0 1 1 1 1 0 1 1 0 0 0 1 1 1 0 0 0 9461 17.5727
1 0 1 0 0 1 1 0 0 1 0 1 0 0 0 0 0 1 1 1 9465 18.2393
1 0 1 1 1 1 1 1 1 0 0 1 1 1 0 0 0 0 0 1 9471 17.2824
0 1 1 0 0 1 1 0 1 0 1 0 1 1 1 1 1 1 1 0 9476 18.5324
1 0 1 1 0 1 1 1 0 1 0 1 0 0 0 0 0 1 1 1 9480 18.6377
1 1 0 1 1 1 1 1 1 0 1 1 1 1 1 0 0 0 0 1 9485 17.9721
1 1 0 0 1 0 1 0 1 0 1 1 1 1 1 0 0 1 0 1 9489 17.1825
0 0 1 1 0 1 1 0 1 1 1 0 0 1 1 1 1 1 1 0 9495 18.0582
0 0 0 0 0 1 1 1 1 1 1 0 1 1 1 1 1 1 1 0 9499 18.4424
1 1 1 0 0 1 1 1 0 1 1 1 0 0 1 0 0 0 0 1 9503 18.7128
0 1 1 1 1 0 1 1 1 1 1 0 1 0 1 0 1 0 0 0 9507 18.6236
1 0 0 1 1 1 1 1 1 0 1 1 1 0 1 0 0 0 1 1 9509 19.4093
1 1 1 0 0 0 1 0 0 1 1 1 0 1 1 0 0 0 0 1 9511 17.7563
1 1 1 0 1 0 1 0 1 0 1 1 1 0 1 0 0 0 0 1 9513 18.2170
1 1 0 0 1 0 1 1 1 0 1 1 1 0 1 0 0 1 0 1 9515 17.9227
0 0 1 1 0 1 1 0 1 1 1 0 0 1 1 0 1 1 1 0 9519 19.4604
1 0 1 1 0 1 1 0 0 1 1 1 0 1 1 0 0 1 1 1 9520 19.2509
0 0 0 0 0 1 1 1 1 1 1 0 1 1 1 0 1 1 1 0 9523 19.4243
1 1 1 1 0 0 1 1 0 1 1 1 0 1 1 0 0 1 0 1 9524 19.2932
1 0 1 0 0 1 1 1 0 1 1 1 0 1 1 0 0 0 1 1 9527 19.5256
0 0 1 0 0 0 1 1 1 1 0 0 1 1 1 0 1 0 1 0 9532 18.0788
1 1 0 1 1 1 0 1 0 0 1 1 1 0 1 1 0 1 0 1 9534 18.6874
1 0 1 1 1 0 1 0 1 0 0 1 1 0 1 0 0 0 1 1 9538 17.4583
0 0 0 0 0 1 1 1 1 1 0 0 0 1 1 0 1 0 1 0 9542 17.9403
1 1 1 1 1 0 0 0 0 0 1 1 1 0 1 1 0 1 0 1 9544 17.8182
1 1 1 1 1 1 0 1 0 0 1 1 1 0 1 1 0 1 0 1 9548 19.6423
1 0 0 1 1 1 1 0 1 0 0 1 1 0 1 0 0 1 1 1 9554 18.7761
1 1 0 0 1 1 0 1 0 0 1 1 1 0 1 1 0 0 0 1 9557 18.0828
1 0 1 0 1 0 1 0 1 0 0 1 1 0 1 0 0 1 1 1 9561 18.1558
1 1 0 1 1 0 1 1 0 0 1 1 1 0 1 0 0 0 0 1 9564 18.9116
1 1 1 0 1 0 0 0 0 0 1 1 1 0 1 1 0 0 0 1 9567 17.7705
1 1 1 0 1 1 0 1 0 0 1 1 1 0 1 1 0 0 0 1 9571 18.3674
1 1 1 1 0 1 1 1 0 0 1 1 0 1 1 0 0 0 0 1 9574 18.6309
1 0 1 0 0 0 1 0 0 1 0 1 0 1 0 0 0 1 1 1 9583 18.4712
1 0 0 0 1 0 1 1 1 0 0 1 1 0 0 0 0 1 1 1 9593 18.4448
0 0 1 0 0 0 1 1 1 1 1 0 1 1 1 1 1 1 0 0 9602 17.9096
1 1 0 1 0 0 1 1 0 1 1 1 0 0 1 0 0 1 1 1 9606 19.3436
1 1 1 1 1 0 1 0 1 0 1 1 1 1 1 0 0 0 1 1 9610 18.0547
1 1 1 0 1 0 1 0 1 0 1 1 1 1 1 0 0 1 1 1 9615 18.1893
0 0 0 1 0 0 1 1 1 1 1 0 0 1 1 1 1 1 0 0 9620 17.0761
0 1 1 1 0 0 1 1 1 1 1 0 1 1 1 0 1 1 1 0 9625 19.4863
0 1 1 0 1 1 1 1 1 1 1 0 0 0 1 0 1 0 1 0 9628 18.1319
0 1 1 1 0 1 1 1 1 1 1 0 1 1 1 0 1 1 1 0 9630 21.1639
1 0 1 1 0 0 1 0 0 1 1 1 0 1 1 0 0 0 0 1 9632 17.5154
0 1 0 0 1 1 1 0 1 1 1 0 0 0 1 0 1 1 1 0 9634 19.1504
1 0 0 1 1 0 1 1 1 0 1 1 1 0 1 0 0 1 0 1 9636 18.7837
0 1 1 1 1 0 1 0 1 1 1 0 1 0 1 0 1 1 1 0 9639 19.4594
0 1 1 1 0 0 1 0 1 1 1 0 0 1 1 0 1 1 1 0 9641 18.4602
1 0 1 0 0 0 1 1 0 1 1 1 0 1 1 0 0 1 0 1 9643 18.8418
0 1 0 1 1 0 1 0 1 1 1 0 0 0 1 0 1 0 1 0 9645 17.1316
0 1 0 0 1 1 1 0 1 1 1 0 1 0 1 0 1 1 1 0 9648 19.5825
0 0 1 1 0 0 1 1 1 1 0 0 0 1 1 0 1 0 0 0 9653 16.9778
0 0 1 1 0 0 0 1 1 1 0 0 1 1 0 1 1 0 0 0 9657 17.8415
1 1 0 0 1 0 1 1 0 0 1 1 1 0 1 0 0 1 1 1 9659 18.5454
1 1 1 1 1 1 1 0 0 0 1 1 1 0 1 0 0 1 1 1 9662 17.9698
0 0 0 1 0 0 1 1 1 1 0 0 0 1 1 0 1 0 0 0 9667 16.8999
1 1 1 0 0 1 1 1 0 0 1 1 0 1 1 0 0 1 1 1 9669 19.4564
1 1 0 0 1 0 1 0 0 0 1 1 1 1 1 0 0 0 1 1 9675 17.0482
1 1 0 1 0 0 0 1 0 0 1 1 0 1 1 1 0 0 1 1 9678 18.9973
1 1 0 1 0 1 0 0 0 0 1 1 0 1 1 1 0 0 1 1 9682 18.3628
1 1 1 0 0 1 1 0 0 0 1 1 0 0 1 0 0 0 1 1 9685 18.1449
0 0 0 0 1 0 1 1 1 1 0 0 1 0 1 1 1 1 0 0 9688 17.1539
1 1 1 1 0 0 0 1 0 0 1 1 0 1 1 1 0 0 1 1 9692 19.0812
0 1 1 0 0 1 1 1 1 0 1 0 1 1 1 0 1 1 1 0 9697 19.2222
1 0 1 0 1 0 1 0 1 0 0 1 1 0 0 0 0 1 0 1 9705 18.3845
0 1 0 1 1 1 1 1 0 1 1 0 0 0 1 0 1 0 1 0 9716 18.4915
1 1 1 1 1 0 1 0 1 0 0 1 1 1 1 0 0 0 0 1 9724 16.5180
0 0 1 1 1 0 1 0 0 1 1 0 1 0 1 1 1 1 0 0 9735 17.8232
0 0 0 1 1 1 1 0 0 1 1 0 1 0 1 1 1 1 1 0 9744 18.3546
0 0 1 0 1 1 1 1 0 1 1 0 1 0 1 0 1 1 0 0 9749 19.4121
0 1 1 1 1 1 1 1 1 1 0 0 0 0 1 1 1 0 1 0 9753 16.0763
0 1 1 0 0 0 1 1 1 1 0 0 0 1 1 1 1 0 1 0 9756 15.1541
0 1 0 1 0 0 0 1 1 1 0 0 1 1 0 1 1 0 1 0 9759 17.6681
0 0 0 0 1 1 1 1 0 1 1 0 1 0 1 0 1 1 0 0 9763 18.9198
1 0 1 0 1 1 1 1 0 0 1 1 1 1 1 0 0 1 0 1 9765 17.2748
0 1 1 0 0 1 1 1 1 1 0 0 0 1 1 0 1 0 0 0 9772 18.0806
1 0 0 1 1 0 0 1 0 0 1 1 1 1 1 1 0 1 1 1 9774 18.3146
1 0 0 1 1 1 0 0 0 0 1 1 1 1 1 1 0 1 1 1 9778 17.0795
1 0 1 0 1 1 1 0 0 0 1 1 1 0 1 0 0 1 1 1 9781 18.0740
1 0 1 1 0 1 1 0 0 0 1 1 0 1 1 0 0 1 1 1 9784 18.5489
1 0 1 1 1 0 0 1 0 0 1 1 1 1 1 1 0 1 1 1 9788 18.7956
0 0 1 1 1 0 1 1 0 1 0 0 1 0 1 0 1 1 1 0 9793 18.4920
0 1 1 0 1 0 1 1 0 1 0 0 1 0 1 0 1 0 0 0 9796 17.8118
0 0 1 1 1 1 0 1 0 1 0 0 1 0 0 0 1 1 1 0 9798 18.8712
1 1 1 1 0 1 1 0 0 0 0 1 0 0 1 0 0 0 0 1 9800 17.3281
0 1 0 0 1 0 1 1 0 1 0 0 1 0 1 1 1 0 1 0 9802 16.4052
1 1 0 1 1 1 1 1 0 0 0 1 1 1 1 0 0 0 1 1 9804 16.8761
1 0 1 0 0 0 1 0 0 0 0 1 0 0 1 0 0 1 1 1 9807 17.7703
0 1 1 1 0 0 1 1 1 0 0 0 0 1 1 1 1 0 1 0 9809 15.8395
1 1 1 0 0 0 1 1 0 0 0 1 0 1 1 0 0 0 1 1 9811 18.3770
0 1 0 1 1 1 1 1 0 1 0 0 1 0 1 1 1 0 0 0 9813 16.2624
1 0 1 1 0 1 1 1 0 0 0 1 0 1 1 0 0 1 0 1 9816 18.6317
1 0 0 0 0 1 1 1 0 0 0 1 0 0 0 0 0 1 1 1 9821 18.3538
1 0 1 0 1 0 1 0 0 0 0 1 1 0 0 0 0 1 0 1 9825 17.3419
1 0 1 1 1 1 1 0 0 0 0 1 1 0 0 0 0 1 1 1 9830 16.8608
0 1 0 0 0 0 0 1 1 0 0 0 1 1 0 0 1 0 1 0 9835 17.9345
0 1 0 1 1 1 1 1 0 1 0 0 0 0 1 1 1 0 1 0 9839 16.4938
1 1 1 0 0 0 1 0 0 1 0 1 0 0 1 0 0 1 1 1 9847 17.9553
1 1 0 0 1 0 1 1 1 0 0 1 1 1 1 0 0 1 1 1 9857 18.2611
0 1 1 1 0 1 1 1 1 1 0 0 0 1 1 0 1 1 1 0 9867 18.4441
1 1 0 1 1 1 1 1 1 0 0 1 1 0 1 0 0 1 1 1 9869 18.5500
0 1 1 0 0 1 0 1 1 1 0 0 0 1 0 1 1 1 1 0 9874 17.7186
1 0 0 1 1 1 1 1 0 0 1 1 1 1 1 0 0 0 0 1 9876 17.1339
1 0 1 0 1 1 0 0 0 0 1 1 1 1 1 1 0 0 0 1 9879 16.1668
1 1 1 1 1 1 1 1 1 0 0 1 1 0 1 0 0 1 1 1 9883 19.2874
1 0 1 1 1 0 1 1 0 0 1 1 1 0 1 0 0 0 0 1 9886 18.6778
1 0 0 1 1 1 1 0 0 0 1 1 1 0 1 0 0 0 1 1 9892 17.7595
0 1 1 1 0 1 0 1 1 1 0 0 0 1 0 1 1 1 0 0 9897 17.7090
1 0 0 0 0 1 1 1 0 0 1 1 0 1 1 0 0 0 1 1 9899 18.8043
1 0 1 1 1 0 1 0 0 0 1 1 1 1 1 0 0 0 1 1 9902 17.1799
1 1 0 1 1 0 1 1 1 0 0 1 1 0 1 0 0 1 0 1 9906 17.8783
1 0 1 0 0 0 1 1 0 0 1 1 0 0 1 0 0 0 1 1 9909 18.1151
0 1 1 0 0 1 1 1 1 0 0 0 0 1 1 0 1 1 1 0 9914 18.4575
0 1 1 0 0 0 0 1 1 0 0 0 0 1 0 0 1 1 1 0 9917 17.7516
1 1 0 1 0 1 1 1 0 0 0 1 0 0 1 0 0 1 1 1 9918 18.0462
0 0 0 1 1 0 1 1 0 1 0 0 1 0 1 1 1 0 1 0 9921 16.2724
1 0 1 1 1 1 1 0 0 0 0 1 1 1 1 0 0 0 0 1 9922 15.3790
1 0 1 0 1 1 1 0 0 0 0 1 1 0 1 0 0 0 1 1 9925 17.3505
1 1 1 0 1 1 1 0 0 0 0 1 1 1 1 0 0 1 1 1 9927 17.1467
0 0 1 0 0 0 1 1 1 0 0 0 0 1 1 1 1 0 1 0 9930 15.8640
0 0 0 1 0 0 1 1 1 0 0 0 0 1 1 0 1 0 1 0 9932 17.5477
0 0 0 0 1 1 1 1 0 1 0 0 1 0 1 1 1 0 0 0 9934 16.3091
1 0 0 0 1 1 1 0 0 0 0 1 1 0 0 0 0 0 0 1 9937 17.6132
1 0 0 1 0 0 1 1 0 0 0 1 0 1 0 0 0 0 1 1 9942 18.3933
1 0 1 1 0 1 1 0 0 0 0 1 0 1 0 0 0 0 0 1 9946 17.7197
1 0 1 0 1 0 1 0 0 0 0 1 1 0 0 0 0 0 1 1 9951 17.2730
1 0 1 0 1 1 1 1 0 0 0 1 1 0 0 0 0 0 1 1 9955 18.3986
0 0 1 1 0 1 1 1 1 0 1 0 1 1 1 1 1 0 0 0 9961 17.0718
0 0 1 0 1 1 1 1 0 1 1 0 0 0 1 1 1 0 0 0 9965 17.5557
1 1 1 0 0 1 1 0 0 1 0 1 0 0 0 0 0 1 1 1 9969 18.7665
1 1 1 1 1 1 1 1 1 0 0 1 1 1 0 0 0 0 0 1 9975 17.3387
0 0 1 0 0 1 1 0 1 0 1 0 1 1 1 1 1 1 1 0 9980 18.6614
1 1 1 1 0 1 1 1 0 1 0 1 0 0 0 0 0 1 1 1 9984 18.8681
1 1 1 1 0 0 1 0 0 1 0 1 0 1 0 0 0 1 1 1 9992 18.5687
0 1 0 0 0 1 0 0 1 0 1 1 0 0 1 0 0 0 1 0 11570 17.3400
0 0 1 1 0 1 1 0 1 1 0 1 1 0 1 1 1 1 1 1 11572 19.0220
0 1 1 0 0 1 1 0 1 0 1 1 0 0 1 1 1 0 1 0 11575 18.1135
1 0 0 1 0 0 1 0 1 1 0 1 1 0 1 1 1 1 0 1 11576 18.2636
1 1 1 0 0 0 1 0 1 0 1 1 0 0 1 1 0 0 0 0 11579 17.7125
1 0 0 1 0 1 1 0 1 1 0 1 1 0 1 1 1 1 0 1 11582 18.7738
0 0 0 1 1 0 1 1 1 1 0 1 0 1 1 1 1 1 1 1 11585 18.1170
1 0 0 0 1 1 1 1 1 1 0 1 1 1 1 1 1 1 0 1 11586 20.1722
0 1 0 1 0 0 1 0 1 0 1 1 0 0 1 1 0 0 1 0 11590 18.1321
0 0 1 0 0 0 1 1 1 1 0 1 0 0 1 1 1 1 1 1 11592 17.2833
0 1 0 1 1 0 1 0 0 1 1 1 0 1 1 1 1 0 1 0 11594 18.3337
0 1 0 0 0 1 1 1 1 0 1 1 1 0 1 1 1 1 1 0 11597 18.0652
1 1 0 0 1 0 1 1 0 1 1 1 0 1 1 1 1 0 0 0 11598 18.5493
0 1 0 0 1 1 1 0 0 1 1 1 0 1 1 1 1 1 1 0 11601 19.1968
1 0 0 0 1 1 1 1 1 1 0 1 0 1 0 1 0 1 0 1 11602 19.7013
1 0 0 1 1 0 1 0 1 1 0 1 1 1 0 1 0 0 0 1 11605 18.4166
0 0 1 0 0 1 1 1 1 1 0 1 0 0 0 1 0 1 1 1 11608 18.0667
0 1 0 1 0 0 1 1 1 0 1 1 1 0 1 1 1 0 1 0 11610 17.7739
0 1 1 0 0 1 1 1 1 0 1 1 1 0 1 1 1 0 1 0 11612 18.2364
0 0 0 0 1 1 1 1 1 1 0 1 1 1 0 1 0 0 1 1 11614 18.9709
1 1 0 0 0 1 0 0 1 0 1 1 1 0 1 0 0 0 0 0 11617 16.6117
1 0 1 0 0 0 1 0 1 1 0 1 1 0 0 1 1 0 0 1 11620 17.4886
0 0 1 1 1 0 1 0 1 1 0 1 0 1 0 1 1 1 1 1 11622 17.1473
1 0 0 0 1 0 1 0 1 1 0 1 1 1 0 1 1 1 0 1 11624 19.5080
1 0 0 0 0 1 1 1 1 1 0 1 0 0 0 1 1 1 0 1 11626 18.5190
0 0 0 1 0 0 1 0 1 1 0 1 1 0 0 1 1 0 1 1 11629 16.8387
1 1 1 0 0 0 1 0 1 0 1 1 1 0 1 1 0 1 0 0 11631 18.3256
0 0 1 1 1 1 1 1 1 1 0 1 1 1 0 1 1 1 1 1 11633 20.8529
1 1 1 1 1 0 1 1 0 1 1 1 0 1 1 1 0 0 0 0 11635 17.8476
1 0 0 1 0 1 1 1 1 1 0 1 1 0 0 1 1 0 0 1 11637 19.1111
1 1 1 1 1 1 1 1 0 1 1 1 0 1 1 1 0 0 0 0 11640 18.5475
0 1 0 0 1 1 1 0 1 1 1 1 0 1 1 1 1 1 1 1 11641 20.4491
1 0 1 1 1 1 1 0 1 1 1 1 0 1 1 1 0 0 0 0 11641 18.3941
0 0 0 0 0 0 1 0 1 1 1 1 1 0 1 1 0 1 1 0 11642 17.4437
1 1 1 0 0 1 1 0 1 1 1 1 0 0 1 1 0 0 0 1 11642 18.1399
1 1 0 0 1 0 1 0 1 1 1 1 1 1 1 1 0 1 0 1 11642 19.8622
1 0 0 1 0 0 1 1 1 1 1 1 1 0 1 1 0 1 0 0 11643 17.8761
0 1 0 0 1 0 1 1 1 1 1 1 1 1 1 1 0 1 1 1 11644 20.4121
0 0 0 1 0 0 1 1 1 1 1 1 1 0 1 1 1 1 1 0 11645 17.3459
1 1 0 1 1 0 1 1 1 1 1 1 1 1 1 1 1 1 0 1 11645 21.3786
1 0 1 1 1 0 1 0 1 1 1 1 0 1 1 1 0 0 0 0 11646 17.8384
0 0 1 1 1 1 1 0 1 1 1 1 0 1 1 1 0 1 1 0 11647 18.8506
1 1 0 1 0 0 1 0 1 1 1 1 1 0 1 1 0 0 0 1 11647 17.8717
0 1 1 0 0 1 1 0 1 1 1 1 0 0 1 1 0 1 1 1 11648 18.2870
0 0 0 1 1 0 1 0 1 1 1 1 1 1 1 1 1 0 1 0 11648 18.6367
1 0 1 1 1 1 1 0 1 1 1 1 0 1 1 1 1 1 0 0 11648 19.8221
0 0 1 0 1 1 1 0 1 1 1 1 1 1 1 1 1 1 1 0 11649 20.0325
0 1 1 1 0 1 1 0 1 1 1 1 1 0 1 1 1 1 1 1 11650 19.8627
0 0 1 0 0 0 1 0 1 1 1 1 0 0 1 1 0 1 1 0 11651 16.3119
1 1 1 0 1 0 1 0 1 1 1 1 0 1 1 1 0 1 0 1 11651 19.7087
1 0 0 0 0 1 1 1 1 1 1 1 0 0 1 1 1 0 0 0 11652 17.0785
0 1 0 0 1 0 1 0 1 1 1 1 0 1 1 1 1 0 1 1 11653 19.2377
0 0 1 0 0 0 1 1 1 1 1 1 1 0 1 1 0 1 1 0 11654 18.2028
1 1 1 0 1 0 1 1 1 1 1 1 1 1 1 1 0 1 0 1 11654 20.7511
1 0 0 0 0 1 1 0 1 1 1 1 1 0 1 1 1 1 0 0 11655 18.6125
0 1 0 1 1 1 1 0 1 1 1 1 1 1 1 1 1 1 1 1 11656 21.3235
0 0 1 1 0 1 1 1 1 1 1 1 1 0 1 1 0 0 1 0 11657 18.1801
1 0 1 0 0 0 1 1 1 1 1 1 0 0 1 1 0 1 0 0 11657 17.8797
1 1 1 1 1 1 1 1 1 1 1 1 1 1 1 1 0 0 0 1 11657 19.6529
0 1 1 1 1 0 1 1 1 1 1 1 0 1 1 1 0 1 1 1 11658 20.9858
1 0 0 0 0 1 1 1 1 1 1 1 1 0 1 1 1 0 0 0 11658 17.5527
0 1 0 0 0 1 1 0 1 1 1 1 1 0 1 1 0 0 1 1 11659 18.7047
1 0 1 1 1 0 1 1 1 1 1 1 1 1 1 1 1 1 0 0 11659 20.4814
1 1 1 0 0 0 1 1 1 1 1 1 1 0 1 1 1 1 0 1 11660 19.7467
1 0 0 0 0 0 1 0 1 1 1 1 0 0 1 1 0 1 0 0 11661 17.2584
0 1 0 1 1 0 1 0 1 1 1 1 0 1 1 1 0 1 1 1 11662 19.5440
0 1 0 1 0 0 1 1 1 1 1 1 0 0 1 1 0 0 1 1 11663 17.8091
0 1 0 0 1 1 1 1 1 1 1 1 1 1 1 1 0 1 1 1 11663 20.8631
1 0 1 1 1 0 1 1 1 1 1 1 0 1 1 1 1 0 0 0 11663 18.1373
0 0 1 1 0 1 1 1 1 1 1 1 1 0 1 1 1 1 1 0 11664 19.7526
1 1 1 0 0 0 1 1 1 1 1 1 0 0 1 1 1 0 0 1 11664 17.2183
1 1 1 1 1 1 1 1 1 1 1 1 1 1 1 1 1 1 0 1 11664 22.7624
1 1 0 0 0 1 0 0 1 0 1 1 0 0 1 0 0 1 0 1 11666 16.8240
0 0 1 0 0 1 1 0 1 1 0 1 1 0 1 1 0 0 1 0 11669 16.9130
1 1 1 0 0 1 1 0 1 0 1 1 0 0 1 1 1 1 0 1 11671 19.4480
0 0 0 1 1 0 1 1 1 1 0 1 1 1 1 1 0 0 1 0 11673 17.2285
1 1 1 1 0 0 1 0 1 0 1 1 0 0 1 1 0 1 0 1 11676 19.4633
1 0 1 1 0 0 1 1 1 1 0 1 1 0 1 1 0 0 0 0 11679 16.2103
1 0 0 1 1 0 1 1 1 1 0 1 0 1 1 1 1 0 0 0 11681 17.1884
1 0 0 0 1 1 1 0 1 1 0 1 1 1 1 1 0 0 0 0 11683 17.0937
0 1 0 0 0 0 0 1 1 0 1 1 0 0 1 0 0 1 1 1 11687 17.5646
1 0 1 0 0 0 1 1 1 1 0 1 0 0 1 1 1 0 0 0 11688 15.2206
0 1 0 1 0 1 1 0 1 0 1 1 0 0 1 1 1 0 1 1 11690 18.9555
0 0 1 1 1 1 1 0 1 1 0 1 1 1 1 1 1 1 1 0 11692 19.5694
0 1 1 1 1 0 1 0 0 1 1 1 1 1 1 1 0 0 1 1 11695 19.0292
1 1 1 1 1 0 1 0 0 1 1 1 1 1 1 1 1 0 0 1 11696 19.0322
1 1 1 0 1 1 1 0 0 1 1 1 1 1 1 1 0 0 0 1 11699 17.9954
1 0 0 1 1 1 1 0 1 1 0 1 1 1 1 1 1 1 0 0 11702 19.1520
1 1 1 0 0 0 0 1 1 0 1 1 0 0 1 0 0 0 0 1 11705 17.2170
0 0 0 0 0 1 1 0 1 1 0 1 1 0 1 1 0 1 1 0 11707 17.1206
0 1 0 1 1 1 1 0 0 1 1 1 1 1 1 1 0 0 1 1 11710 18.8964
0 0 1 0 0 1 1 1 1 1 0 1 1 0 1 1 1 1 1 0 11712 18.5310
1 0 1 0 0 0 1 0 1 1 0 1 1 0 0 1 0 1 0 0 11714 16.9644
0 1 0 0 1 0 1 1 0 1 1 1 0 1 1 1 1 1 1 1 11717 20.0432
1 0 1 1 1 0 1 0 1 1 0 1 0 1 0 1 0 1 0 0 11718 17.3112
0 0 0 1 1 0 1 1 1 1 0 1 1 1 0 1 0 1 1 0 11721 17.8432
0 0 1 1 0 1 1 1 1 1 0 1 1 0 0 1 0 0 1 0 11723 17.9120
0 1 1 1 0 1 1 0 1 0 1 1 1 0 1 1 1 1 1 1 11726 19.9641
0 1 0 1 0 0 1 0 1 0 1 1 1 0 1 1 1 0 1 1 11728 19.0133
0 0 1 0 1 1 1 1 1 1 0 1 1 1 0 1 0 1 1 0 11730 18.0676
0 1 1 0 1 0 1 1 0 1 1 1 0 1 1 1 1 0 1 1 11732 19.5546
1 1 1 1 0 0 1 1 1 0 1 1 1 0 1 1 1 1 0 1 11734 21.5533
1 1 0 0 1 0 1 0 0 1 1 1 0 1 1 1 0 0 0 1 11737 18.7608
1 0 1 0 1 0 1 0 1 1 0 1 1 1 0 1 1 0 0 0 11740 18.4539
1 0 1 1 0 0 1 0 1 1 0 1 0 0 0 1 1 1 0 0 11742 15.7672
0 1 1 0 0 0 1 0 1 0 1 1 1 0 1 1 0 0 1 1 11745 18.3401
1 1 0 1 0 0 1 0 1 0 1 1 1 0 1 1 0 1 0 1 11746 19.1515
0 0 0 1 1 0 1 0 1 1 0 1 1 1 0 1 1 0 1 0 11749 17.3458
1 1 0 0 1 1 1 0 0 1 1 1 0 1 1 1 0 0 0 1 11751 19.5413
1 0 1 1 0 1 1 1 1 1 0 1 1 0 0 1 1 1 0 0 11753 18.7342
1 0 0 0 1 0 1 0 1 1 0 1 0 1 0 1 1 1 0 0 11755 17.7956
1 0 0 1 1 1 1 1 1 1 0 1 1 1 0 1 1 0 0 0 11757 19.3267
0 0 0 1 0 1 1 0 1 0 1 1 0 0 1 1 0 1 1 0 11761 18.7114
1 0 0 1 0 1 0 0 1 0 1 1 0 0 1 0 1 1 0 0 11762 17.1536
0 0 0 1 1 0 1 1 0 1 1 1 1 1 1 1 1 1 1 0 11765 18.9481
1 1 0 0 0 0 1 0 1 1 0 1 1 0 1 1 1 0 0 1 11767 16.4105
1 0 1 0 0 0 0 0 1 0 1 1 0 0 1 0 1 1 0 0 11769 17.0129
1 1 0 0 0 0 1 1 1 1 0 1 1 0 1 1 1 0 0 1 11772 17.0323
1 0 0 0 1 1 1 0 0 1 1 1 1 1 1 1 1 1 0 0 11775 19.2111
1 1 0 1 1 1 1 1 1 1 0 1 1 1 1 1 1 0 0 1 11777 19.0319
0 0 1 0 0 1 0 1 1 0 1 1 0 0 1 0 1 1 1 0 11780 18.6236
0 0 1 0 0 0 0 1 1 0 1 1 0 0 1 0 1 1 1 0 11783 18.4039
1 1 1 0 0 0 1 1 1 1 0 1 0 0 1 1 1 0 0 1 11784 16.1259
0 1 1 1 0 0 1 0 1 1 0 1 1 0 1 1 1 0 1 0 11786 16.1538
1 0 0 0 0 1 1 1 1 0 1 1 0 0 1 1 0 1 0 1 11788 19.0762
0 0 1 0 1 0 1 0 0 1 1 1 1 1 1 1 1 1 1 1 11791 18.7550
1 1 0 1 1 1 1 0 1 1 0 1 0 1 1 1 1 0 0 0 11792 18.1213
1 1 0 1 1 0 1 1 1 1 0 1 1 1 1 1 1 0 0 0 11795 18.0012
0 0 0 0 0 0 0 0 1 0 1 1 0 0 1 0 1 1 1 1 11799 16.8530
1 0 0 0 0 0 0 1 1 0 1 1 0 0 1 0 1 1 0 1 11801 17.3513
0 0 1 1 1 0 1 1 0 1 1 1 1 1 1 1 1 1 1 1 11803 20.4664
0 1 1 0 1 0 1 1 1 1 0 1 1 1 1 1 1 0 1 0 11806 18.2509
0 0 0 1 1 1 1 1 0 1 1 1 1 1 1 1 0 1 1 1 11808 19.6324
1 1 1 1 1 0 1 0 0 1 0 1 1 1 1 1 0 0 0 0 11809 16.1868
1 1 0 1 1 0 1 1 0 1 0 1 1 1 1 1 0 0 0 1 11811 17.0667
1 1 0 0 1 0 1 1 0 1 0 1 1 1 1 1 1 0 0 1 11814 18.2845
1 0 1 0 0 1 1 0 1 0 0 1 0 0 1 1 0 1 0 1 11816 19.0426
0 1 0 1 0 1 1 1 1 0 0 1 0 0 1 1 1 0 1 0 11819 16.7835
0 1 1 0 1 0 1 1 0 1 0 1 1 1 1 1 0 0 1 1 11822 18.0580
0 1 0 1 0 0 1 1 1 0 0 1 0 0 1 1 1 0 1 0 11825 16.8740
1 0 1 1 1 1 1 1 0 1 0 1 1 1 1 1 0 1 0 1 11826 18.6169
1 1 1 1 0 1 1 1 1 0 0 1 0 0 1 1 1 0 0 0 11829 16.8377
1 0 1 1 1 1 1 1 0 1 0 1 1 1 1 1 1 1 0 0 11831 19.3125
1 0 1 1 1 0 1 0 0 1 0 1 1 1 0 1 0 1 0 0 11833 16.4570
0 0 1 1 0 1 1 0 1 0 0 1 0 0 0 1 0 1 1 1 11839 18.2571
0 0 1 0 1 1 1 0 0 1 0 1 1 1 0 1 0 1 1 1 11843 17.7268
0 1 0 1 1 1 1 1 0 1 0 1 0 1 1 1 1 0 1 0 11849 17.6488
1 0 0 0 1 1 1 0 0 1 0 1 1 1 0 1 0 1 0 1 11853 17.5167
1 0 1 1 0 1 1 0 1 0 0 1 0 0 0 1 1 1 0 0 11857 17.9910
0 0 1 1 1 1 1 0 0 1 0 1 1 1 0 1 1 1 1 0 11862 18.1758
1 1 1 1 0 0 1 0 1 0 0 1 1 0 1 1 0 0 0 1 11866 17.6604
1 0 1 0 1 0 1 1 0 1 0 1 1 1 0 1 1 1 0 0 11872 18.5172
0 1 1 1 0 1 1 1 1 0 0 1 1 0 1 1 0 0 1 0 11877 17.0436
0 0 0 0 0 1 0 0 1 0 1 1 0 0 1 0 1 0 1 0 11881 17.3672
1 1 1 1 0 1 1 0 1 1 0 1 0 0 1 1 1 1 0 1 11882 18.1223
0 1 1 0 1 1 1 0 1 1 0 1 1 1 1 1 0 1 1 1 11885 19.6421
1 0 1 1 1 0 1 0 0 1 1 1 1 1 1 1 0 0 0 0 11887 17.1929
1 1 0 1 0 0 1 1 1 1 0 1 1 0 1 1 0 1 0 1 11889 17.9979
1 0 1 1 1 1 1 0 0 1 1 1 1 1 1 1 0 0 0 0 11892 17.0978
1 1 1 1 1 0 1 1 1 1 0 1 1 1 1 1 0 1 0 1 11895 19.6320
0 0 1 1 0 0 1 1 1 0 1 1 0 0 1 1 0 0 1 0 11898 18.2162
0 1 0 1 0 1 1 0 1 1 0 1 1 0 1 1 0 1 1 1 11900 18.5079
0 1 1 1 0 0 1 1 1 1 0 1 0 0 1 1 1 1 1 1 11903 17.1628
1 1 1 0 0 1 1 1 1 1 0 1 1 0 1 1 1 1 0 1 11904 19.8984
0 0 0 0 1 0 1 0 0 1 1 1 1 1 1 1 0 0 1 1 11906 18.3643
1 1 1 1 0 1 1 0 1 1 0 1 1 0 1 1 1 1 0 0 11908 18.2925
0 1 0 0 1 1 1 0 1 1 0 1 0 1 1 1 1 1 1 0 11911 18.6575
1 1 0 1 1 0 1 0 1 1 0 1 1 1 1 1 1 1 0 0 11912 19.2338
0 0 1 1 0 0 1 0 1 0 1 1 0 0 1 1 0 0 1 1 11916 18.4586
0 1 1 1 0 0 1 1 1 1 0 1 1 0 1 1 0 1 1 0 11919 17.2013
1 1 0 1 0 0 1 1 1 1 0 1 0 0 1 1 1 1 0 0 11921 16.3226
0 1 0 0 1 1 1 0 1 1 0 1 1 1 1 1 0 1 1 0 11923 18.8273
1 0 0 1 0 0 1 0 1 0 1 1 0 0 1 1 0 0 0 1 11926 18.0154
0 0 1 1 1 1 1 1 0 1 1 1 1 1 1 1 1 0 1 1 11928 20.2149
1 0 1 0 1 0 1 0 0 1 0 1 1 1 1 1 1 0 0 0 11929 17.2217
1 1 1 0 1 1 1 0 0 1 0 1 1 1 1 1 1 1 0 0 11931 18.6430
0 0 1 1 0 1 1 0 1 0 0 1 0 0 1 1 0 0 1 1 11935 18.4154
1 1 1 0 0 1 1 0 1 0 0 1 0 0 1 1 0 1 0 1 11936 18.8654
0 1 1 0 1 1 1 0 0 1 0 1 1 1 1 1 0 1 1 1 11939 18.2333
0 1 0 1 1 1 1 0 0 1 0 1 1 1 1 1 1 1 1 0 11942 18.0204
0 0 1 1 1 1 1 1 0 1 0 1 1 1 1 1 0 0 1 0 11945 17.0130
1 1 1 1 1 1 1 1 0 1 0 1 1 1 1 1 0 1 0 1 11946 18.5998
1 1 0 0 1 1 1 0 0 1 0 1 1 1 1 1 0 1 0 1 11949 18.0807
1 1 1 1 1 1 1 1 0 1 0 1 1 1 1 1 1 1 0 0 11951 19.2907
0 0 1 0 0 1 1 0 1 0 0 1 0 0 0 1 0 0 1 0 11954 17.3249
0 1 1 0 0 1 1 0 1 0 0 1 1 0 1 1 1 1 1 1 11959 18.6861
1 1 0 1 0 1 1 1 1 0 0 1 1 0 1 1 1 1 0 0 11963 18.0716
0 0 1 1 1 1 1 1 0 1 0 1 1 1 0 1 0 0 1 0 11969 17.7807
0 1 1 0 0 1 1 1 1 0 0 1 1 0 1 1 1 1 1 0 11974 18.4828
1 1 1 0 0 1 1 0 1 0 0 1 1 0 1 1 0 1 0 0 11977 17.4098
1 1 0 0 0 1 1 1 1 0 0 1 1 0 1 1 0 1 0 1 11982 17.8160
1 0 0 0 1 0 1 1 0 1 0 1 1 1 0 1 1 0 0 0 11986 18.6728
0 0 1 1 0 0 1 1 1 0 0 1 0 0 0 1 1 0 1 0 11993 17.8853
0 0 0 0 1 1 1 0 0 1 0 1 1 1 0 1 1 0 1 1 11997 18.2168
0 0 0 0 1 0 1 0 0 1 1 1 0 1 1 1 1 0 1 0 12001 18.1634
0 1 1 0 1 0 1 0 1 1 0 1 1 1 0 1 0 0 1 1 12004 19.2744
0 0 0 0 1 0 1 1 0 1 1 1 0 1 1 1 1 0 1 0 12006 18.1580
1 0 1 1 0 1 1 0 1 0 1 1 1 0 1 1 1 0 0 0 12008 18.5178
0 1 0 0 1 1 1 1 1 1 0 1 0 1 0 1 0 1 1 1 12010 20.1608
1 1 1 0 1 1 1 1 1 1 0 1 1 1 0 1 0 0 0 1 12012 19.4685
1 1 1 1 0 1 1 1 1 1 0 1 0 0 0 1 0 1 0 1 12015 18.8544
0 0 0 0 0 0 1 1 1 0 1 1 1 0 1 1 1 0 1 0 12017 17.6955
1 0 1 1 0 1 1 1 1 0 1 1 1 0 1 1 1 0 0 0 12019 18.4686
0 1 0 1 1 1 1 1 1 1 0 1 1 1 0 1 0 0 1 1 12021 20.7345
1 1 0 0 0 1 1 1 1 1 0 1 1 0 0 1 0 1 0 1 12024 18.9074
1 0 0 0 0 1 1 0 1 0 1 1 1 0 1 1 1 1 0 1 12027 19.2851
1 1 1 0 1 0 1 0 1 1 0 1 0 1 0 1 0 1 0 0 12029 18.1654
1 1 0 1 1 0 1 0 1 1 0 1 1 1 0 1 0 1 0 0 12031 18.2255
0 1 0 0 0 1 1 1 1 1 0 1 0 0 0 1 0 1 1 0 12034 17.2964
0 0 0 1 0 0 1 1 1 0 1 1 1 0 1 1 1 1 1 1 12036 19.2506
0 0 0 0 0 0 1 0 1 0 1 1 1 0 1 1 1 0 1 1 12039 18.1651
1 0 1 1 0 0 1 0 1 0 1 1 1 0 1 1 1 1 0 1 12040 19.4818
0 0 1 1 1 0 1 1 0 1 1 1 0 1 1 1 1 0 1 1 12043 19.1548
1 0 1 1 1 0 1 1 0 1 1 1 0 1 1 1 1 1 0 1 12044 20.6863
1 0 1 0 1 1 1 1 0 1 1 1 0 1 1 1 1 0 0 1 12047 19.1748
1 1 1 0 1 0 1 0 0 1 0 1 1 1 0 1 0 1 0 0 12050 17.3037
0 1 1 0 0 1 1 0 1 0 0 1 0 0 0 1 0 1 1 1 12056 18.4605
0 1 1 1 1 0 1 1 0 1 0 1 1 1 0 1 0 1 1 1 12061 19.2121
0 0 0 1 1 1 1 1 0 1 0 1 0 1 1 1 1 0 1 1 12066 18.5968
0 1 0 1 1 1 1 1 0 1 0 1 1 1 0 1 0 1 1 0 12071 18.1314
1 1 1 0 0 1 1 0 1 0 0 1 0 0 0 1 0 0 0 0 12074 17.6462
1 0 1 0 0 1 1 0 1 0 0 1 1 0 1 1 1 1 0 1 12079 19.1418
1 0 0 0 0 1 1 1 1 0 0 1 1 0 1 1 1 1 0 0 12084 17.6549
1 1 1 1 1 1 1 1 0 1 0 1 1 1 0 1 0 0 0 0 12089 17.3831
0 1 0 1 0 0 1 1 1 0 0 1 0 0 0 1 0 0 1 0 12095 18.0980
1 1 1 0 0 1 1 0 1 0 0 1 1 0 0 1 0 1 0 0 12097 17.3100
0 1 1 0 1 1 1 0 0 1 0 1 0 1 0 1 0 1 1 0 12099 18.4482
0 0 1 1 1 1 1 0 0 1 0 1 0 1 0 1 1 0 1 0 12102 18.4486
0 1 1 0 1 0 1 0 0 1 0 1 0 1 0 1 0 0 1 1 12104 18.2804
1 0 0 0 0 1 1 1 1 0 0 1 1 0 0 1 1 0 0 0 12106 18.3965
1 1 0 0 1 1 1 0 0 1 0 1 0 1 0 1 0 1 0 0 12109 18.8155
1 0 0 1 1 1 1 0 0 1 0 1 0 1 0 1 1 1 0 1 12112 17.5478
1 1 1 1 0 0 1 1 1 0 0 1 1 0 0 1 0 0 0 1 12114 19.1065
0 0 1 1 0 1 1 1 1 0 0 1 1 0 0 1 1 1 1 0 12117 18.6807
1 0 0 1 0 0 1 1 1 0 0 1 1 0 0 1 1 0 0 0 12119 18.4928
0 1 1 1 1 0 1 0 1 1 0 1 1 1 0 1 1 1 1 1 12121 19.3317
1 0 0 1 0 1 0 0 1 0 1 1 1 0 1 0 0 1 0 0 12124 16.9339
0 0 0 1 1 0 1 1 0 1 1 1 0 1 1 1 0 1 1 0 12126 18.5296
1 0 1 1 1 0 1 0 0 1 1 1 0 1 1 1 0 0 0 0 12128 17.8444
0 1 0 0 1 0 1 1 1 1 0 1 1 1 0 1 1 1 1 1 12130 20.2583
0 0 1 0 0 1 0 0 1 0 1 1 1 0 1 0 0 1 1 0 12133 16.8819
1 0 0 0 0 0 1 0 1 0 1 1 1 0 1 1 0 0 0 0 12135 17.2756
0 0 0 0 1 1 1 1 0 1 1 1 0 1 1 1 0 0 1 0 12137 18.4828
1 1 0 0 0 1 1 0 1 1 0 1 1 0 0 1 1 1 0 1 12139 18.2922
1 0 1 0 0 0 0 1 1 0 1 1 1 0 1 0 0 1 0 0 12141 17.8779
1 1 0 0 0 1 1 1 1 1 0 1 1 0 0 1 1 1 0 1 12144 19.0295
1 0 0 0 1 0 1 0 0 1 1 1 0 1 1 1 0 1 0 1 12147 19.0913
1 1 1 0 1 1 1 0 1 1 0 1 1 1 0 1 1 1 0 0 12149 19.6478
0 0 1 1 0 1 0 0 1 0 1 1 1 0 1 0 0 0 1 1 12152 17.3084
0 0 1 1 0 0 1 0 1 0 1 1 1 0 1 1 0 0 1 1 12154 17.7138
0 0 0 1 1 1 1 1 0 1 1 1 0 1 1 1 0 1 1 1 12156 20.0777
0 1 1 1 0 0 1 1 1 1 0 1 1 0 0 1 1 1 1 0 12159 17.0360
1 0 0 1 1 1 1 0 0 1 1 1 0 1 1 1 0 0 0 1 12160 18.6229
0 0 1 0 1 0 1 1 0 1 1 1 0 1 1 1 0 1 1 1 12163 19.7284
1 1 0 1 1 0 1 0 1 1 0 1 0 1 0 1 1 1 0 0 12164 18.1284
1 1 0 1 1 1 1 1 1 1 0 1 1 1 0 1 1 1 0 0 12167 19.6438
0 0 1 0 0 0 1 0 1 0 0 1 1 0 1 1 0 0 1 0 12171 16.3629
0 0 1 1 0 1 1 0 1 0 0 1 1 0 1 1 0 0 1 1 12176 18.0237
1 0 0 0 0 0 1 0 1 0 0 1 1 0 1 1 0 0 0 0 12181 16.3066
0 1 1 1 1 1 1 1 0 1 0 1 1 1 0 1 1 1 1 1 12186 20.3011
1 1 0 1 0 0 1 1 1 0 0 1 0 0 0 1 1 1 0 0 12191 18.2413
1 0 1 1 0 1 1 0 1 0 0 1 1 0 1 1 0 1 0 0 12194 17.6423
1 0 1 0 1 0 1 0 0 1 0 1 0 1 1 1 0 1 0 1 12199 18.7352
1 1 1 1 1 1 1 0 0 1 0 1 1 1 0 1 1 0 0 1 12204 19.1801
0 1 1 1 0 0 1 1 1 0 0 1 0 0 0 1 1 0 1 1 12210 19.0578
0 0 1 1 0 0 1 1 1 0 0 1 1 0 1 1 0 1 1 0 12215 17.5546
1 1 1 1 0 1 1 0 1 0 0 1 1 0 0 1 1 0 0 0 12217 18.0994
0 1 1 0 1 1 1 0 0 1 0 1 0 1 0 1 1 1 1 0 12219 18.3698
1 0 0 0 0 1 1 1 1 0 0 1 1 0 0 1 0 1 0 1 12222 18.7397
0 0 1 1 1 0 1 0 0 1 0 1 0 1 0 1 0 1 1 1 12224 18.0578
1 0 1 1 1 1 1 0 0 1 0 1 0 1 0 1 0 1 0 1 12226 19.0500
1 1 0 0 1 1 1 0 0 1 0 1 0 1 0 1 1 1 0 0 12229 19.1794
0 0 1 1 0 0 1 1 1 0 0 1 1 0 0 1 0 0 1 0 12233 17.4319
1 0 0 1 0 0 1 1 1 0 0 1 1 0 0 1 0 1 0 1 12234 19.0851
0 0 0 0 1 1 1 0 0 1 0 1 0 1 0 1 0 0 1 1 12237 18.9443
1 1 1 1 0 0 1 1 1 0 0 1 1 0 0 1 1 1 0 0 12239 19.0124
0 1 1 1 1 1 1 1 1 1 1 0 0 1 0 1 0 0 1 0 12241 18.9950
1 1 0 0 1 1 1 0 1 0 1 1 0 1 1 1 0 1 0 0 12242 18.6562
1 0 0 1 1 1 1 1 1 0 1 1 0 1 1 1 1 1 0 1 12245 19.7826
1 1 1 0 1 1 1 0 1 0 1 1 0 1 1 1 1 1 0 0 12247 18.5243
0 1 0 0 0 1 1 0 1 1 1 0 0 0 0 1 0 0 1 0 12250 16.0192
0 1 0 0 0 1 1 1 1 1 1 0 1 0 0 1 1 0 1 0 12253 17.5307
0 1 1 0 1 1 1 0 1 1 1 0 0 1 0 1 0 0 1 0 12256 18.0524
0 1 0 0 0 1 1 0 1 1 1 0 1 0 0 1 1 0 1 0 12258 16.7068
1 0 1 0 0 0 1 1 0 1 1 1 1 0 1 1 1 1 0 1 12260 18.9477
0 1 1 1 1 0 1 0 1 1 1 0 0 1 0 1 1 0 1 0 12263 17.0622
1 0 1 1 1 0 1 1 1 0 1 1 0 1 1 1 1 1 0 1 12264 20.1869
1 1 0 0 1 1 1 1 1 0 1 1 0 0 1 1 0 1 0 0 12268 19.0543
0 0 0 1 0 0 1 0 1 1 1 0 1 0 0 0 0 0 1 1 12273 17.5695
0 0 1 1 1 0 1 0 1 1 1 0 1 1 0 0 0 0 1 1 12279 17.5243
1 1 1 1 0 0 1 1 0 1 1 1 1 1 1 1 1 1 0 0 12283 18.7029
0 0 1 0 1 1 1 0 1 1 1 0 1 1 0 0 1 0 1 1 12288 19.5906
0 1 1 1 0 1 1 1 1 0 1 0 0 0 0 1 1 0 1 0 12296 18.0584
0 1 0 1 1 1 1 0 0 1 1 0 1 1 0 1 1 0 1 0 12306 17.3171
0 0 1 1 1 1 1 1 1 1 0 0 0 1 0 0 0 0 1 1 12315 18.3747
0 0 1 0 0 1 1 1 1 1 0 0 1 0 0 0 0 0 1 1 12318 17.8908
0 1 1 1 1 1 1 1 0 1 1 0 0 1 0 1 1 0 1 0 12322 18.1611
0 0 0 1 0 0 1 1 1 1 0 0 1 0 0 0 0 0 1 1 12325 17.2779
0 0 0 0 0 1 1 1 1 1 0 0 0 0 0 1 0 0 1 1 12328 17.4373
0 0 0 0 0 1 1 1 1 1 0 0 1 0 0 0 0 0 1 1 12332 17.8045
0 1 1 0 1 1 1 0 0 1 1 0 0 1 0 1 1 0 1 0 12335 17.7137
0 0 1 1 0 1 0 1 1 1 0 0 1 0 1 0 1 0 1 1 12341 18.4134
0 1 1 0 1 1 1 1 0 1 1 0 0 1 0 1 0 0 1 0 12345 18.7562
1 1 0 0 1 1 1 1 0 0 1 1 0 1 1 1 0 1 0 0 12347 18.9703
0 0 0 1 0 1 1 1 1 1 0 0 0 0 0 1 1 0 1 1 12351 17.5232
0 0 0 1 0 1 0 1 1 1 0 0 1 0 1 0 1 0 1 1 12355 17.8272
1 1 1 0 1 0 1 1 0 0 1 1 0 0 1 1 0 1 0 0 12357 19.4900
1 1 0 0 0 0 1 0 0 1 1 1 1 0 1 1 1 1 0 1 12361 18.5435
1 0 0 1 0 0 1 1 0 1 1 1 1 0 1 1 0 1 0 0 12363 17.2129
1 1 0 0 0 0 1 1 0 1 1 1 1 0 1 1 1 1 0 1 12366 19.0270
0 1 0 0 1 0 1 1 1 1 1 0 1 1 0 1 0 0 1 1 12368 19.7499
1 1 1 1 1 0 1 0 1 0 1 1 0 1 1 1 1 1 0 1 12370 19.3266
0 1 0 1 0 0 1 1 1 1 1 0 0 0 0 1 1 0 1 1 12374 16.6925
0 1 0 1 0 0 1 0 1 1 1 0 0 0 0 1 1 0 1 1 12377 15.9823
1 0 0 1 0 1 1 1 0 1 1 1 1 0 1 1 1 1 0 0 12378 18.4125
0 1 1 1 1 0 1 0 1 1 1 0 1 1 0 1 1 0 1 1 12381 18.9305
1 0 0 0 1 0 1 1 1 0 1 1 0 1 1 1 0 1 0 0 12383 17.9382
1 1 0 0 0 0 1 0 0 1 1 1 1 1 1 1 1 1 0 1 12385 18.9741
1 1 0 0 0 0 1 1 0 1 1 1 1 1 1 1 1 1 0 1 12390 19.3449
1 1 1 1 1 0 1 0 1 0 1 1 0 0 1 1 1 1 0 1 12394 19.8328
0 0 0 1 0 0 1 0 1 1 1 0 0 0 0 0 1 0 1 0 12401 16.2685
0 0 1 1 1 0 1 0 1 1 1 0 1 1 0 0 1 0 1 0 12405 18.3336
1 0 1 0 0 0 1 0 0 1 0 1 1 0 1 1 1 1 0 0 12409 16.9162
1 0 0 0 1 1 1 1 1 0 0 1 0 1 1 1 0 1 0 0 12418 17.9292
0 1 0 0 1 1 1 1 0 1 1 0 1 1 0 1 0 0 1 1 12429 18.6634
0 0 1 0 0 0 1 1 1 1 0 0 1 0 0 0 0 0 1 0 12436 16.4544
1 1 0 1 1 1 0 1 0 0 1 1 0 0 1 0 1 1 0 1 12438 18.1314
1 0 0 0 1 1 1 1 1 0 0 1 0 1 0 1 0 1 0 0 12442 18.2992
0 0 0 0 0 1 1 1 1 1 0 0 0 0 0 0 0 0 1 0 12446 15.2877
1 1 1 1 1 0 0 0 0 0 1 1 0 0 1 0 1 1 0 1 12448 17.0936
1 1 1 1 1 1 0 1 0 0 1 1 0 0 1 0 1 1 0 1 12452 18.5941
1 0 1 0 1 1 1 0 1 0 0 1 0 1 0 1 1 1 0 0 12458 17.5533
1 1 0 0 1 1 0 1 0 0 1 1 0 0 1 0 0 1 0 1 12461 17.1295
1 0 0 1 1 1 1 1 1 0 0 1 0 1 0 1 1 1 0 0 12465 18.1642
1 1 0 1 1 0 1 1 0 0 1 1 0 0 1 1 0 1 0 1 12468 20.7031
1 1 1 0 1 0 0 0 0 0 1 1 0 0 1 0 0 1 0 1 12471 16.9181
1 1 1 0 1 1 0 1 0 0 1 1 0 0 1 0 0 1 0 1 12475 18.0489
1 1 1 1 0 1 1 1 0 0 1 1 1 1 1 1 0 1 0 1 12478 19.2518
1 0 0 1 0 0 1 1 0 1 1 1 1 1 1 1 0 1 0 0 12483 18.0732
0 1 0 1 1 0 1 1 1 1 1 0 1 1 0 0 1 0 1 1 12488 19.6627
0 1 0 1 0 1 1 1 1 1 1 0 1 0 0 0 1 0 1 1 12494 18.7751
1 0 0 1 0 1 1 1 0 1 1 1 1 1 1 1 1 1 0 0 12498 18.1584
1 0 0 0 1 0 1 1 1 0 1 1 0 0 1 1 0 1 0 0 12503 19.1221
1 0 0 1 1 1 1 0 1 0 1 1 0 0 1 1 1 1 0 1 12506 19.3205
0 1 0 1 0 1 1 1 1 1 1 0 0 0 0 0 1 0 1 0 12512 17.5527
0 1 0 0 1 1 1 1 1 1 1 0 1 1 0 0 1 0 1 0 12517 20.2529
0 1 0 0 1 0 1 0 1 1 1 0 0 1 0 0 1 0 1 0 12522 18.5552
0 1 1 1 1 1 1 0 1 1 1 0 1 1 0 0 1 0 1 0 12527 21.1358
1 0 1 0 0 0 1 0 0 1 0 1 1 1 1 1 0 1 0 0 12530 17.0481
1 0 1 0 0 0 1 0 0 1 0 1 1 1 1 1 1 1 0 1 12535 17.9393
1 0 0 0 0 0 1 1 0 1 0 1 1 1 1 1 1 1 0 0 12540 17.2307
1 0 0 1 1 0 1 1 1 0 0 1 0 0 1 1 1 1 0 0 12545 18.2473
0 1 0 1 0 0 1 0 1 0 1 0 0 0 0 0 0 0 1 0 12551 18.5757
1 0 0 1 1 1 1 1 1 0 0 1 0 0 0 1 0 1 0 1 12555 19.8158
0 1 0 1 1 1 1 1 0 1 1 0 0 1 0 0 1 0 1 0 12566 19.4439
1 0 0 1 1 0 1 1 1 0 0 1 0 0 0 1 0 1 0 0 12575 18.6570
0 1 1 1 0 1 1 1 1 0 1 0 1 0 0 0 0 0 1 1 12584 18.8563
0 1 0 1 1 1 1 0 0 1 1 0 0 1 0 0 0 0 1 1 12594 19.3554
1 1 1 1 0 0 1 0 0 1 0 1 1 0 1 1 1 1 0 1 12602 17.8437
1 1 0 0 1 1 1 1 1 0 0 1 0 1 1 1 1 1 0 1 12612 18.7712
0 0 1 0 0 0 1 0 1 0 1 0 0 0 0 1 1 0 1 0 12623 16.8605
0 0 1 0 1 0 1 1 0 1 1 0 1 1 0 1 1 0 1 1 12631 18.3666
1 1 0 1 0 1 1 1 0 1 0 1 1 0 1 1 1 1 0 0 12641 17.4389
0 0 1 0 1 0 1 1 0 1 1 0 1 1 0 0 1 0 1 0 12649 18.5102
0 0 0 0 0 1 1 0 1 0 1 0 0 0 0 0 1 0 1 1 12654 17.9792
0 0 1 1 1 1 1 1 0 1 1 0 1 1 0 0 1 0 1 1 12658 19.7164
1 1 0 1 0 1 1 0 0 1 0 1 1 1 1 1 1 1 0 1 12664 18.4174
1 1 1 0 1 1 1 1 1 0 0 1 0 0 1 1 1 1 0 1 12668 19.8328
0 0 0 1 0 1 1 1 1 0 0 0 0 0 0 0 0 0 1 1 12673 18.4181
0 0 1 0 1 1 1 1 0 1 0 0 1 1 0 0 0 0 1 0 12677 17.7549
1 1 1 0 0 1 1 0 0 0 0 1 1 1 1 1 1 1 0 1 12681 18.0148
1 1 0 0 1 1 1 0 0 0 0 1 0 1 1 1 1 1 0 1 12687 18.7898
0 0 0 1 0 0 1 1 1 0 0 0 0 0 0 0 0 0 1 0 12692 18.1133
1 1 1 1 0 1 1 1 0 0 0 1 1 1 1 1 1 1 0 1 12696 18.6669
1 1 1 1 0 1 1 0 0 0 0 1 1 1 1 1 0 1 0 0 12700 16.1763
1 1 1 1 1 1 1 0 0 0 0 1 0 0 1 1 0 1 0 1 12704 18.8447
0 0 1 1 0 1 1 1 1 0 0 0 0 0 0 1 1 0 1 0 12711 18.2972
0 0 0 0 1 1 1 1 0 1 0 0 1 1 0 0 1 0 1 0 12715 18.2744
0 0 0 1 1 1 0 1 0 1 0 0 1 1 1 1 1 0 1 1 12720 17.5960
1 0 0 1 1 1 1 0 0 0 1 1 0 0 1 1 1 1 0 0 12724 19.2742
0 1 1 1 0 1 1 1 1 1 0 0 0 0 0 1 0 0 1 1 12729 17.7400
1 0 0 0 0 1 1 1 0 0 1 1 1 1 1 1 1 1 0 0 12731 18.1476
1 0 1 1 1 0 1 0 0 0 1 1 0 1 1 1 1 1 0 0 12734 18.5239
1 1 1 0 1 0 1 1 1 0 0 1 0 1 0 1 0 1 0 1 12738 18.4717
1 0 1 0 0 0 1 1 0 0 1 1 1 0 1 1 1 1 0 0 12741 19.7012
1 0 0 0 0 1 1 0 0 0 1 1 1 0 1 1 1 1 0 1 12747 19.6162
0 1 1 0 1 1 1 1 1 1 0 0 1 1 0 0 0 0 1 0 12750 19.0552
1 0 0 1 0 0 0 0 0 0 1 1 1 0 1 0 1 1 0 1 12754 17.3007
1 0 1 0 0 0 1 0 0 0 1 1 1 1 1 1 1 1 0 1 12757 18.2322
0 1 0 0 1 1 1 1 1 1 0 0 0 1 0 1 0 0 1 0 12760 19.2686
0 1 0 0 1 1 1 1 1 1 0 0 1 1 0 0 0 0 1 0 12764 19.1106
1 1 0 0 1 0 1 1 1 0 0 1 0 1 0 1 0 1 0 0 12768 17.7478
0 0 1 0 1 1 1 1 0 1 1 0 0 1 0 0 1 0 1 1 12777 19.6871
1 1 0 0 1 0 1 0 1 0 0 1 0 0 0 1 0 1 0 0 12787 18.4572
0 1 0 0 1 0 1 1 0 1 0 0 1 1 0 0 0 0 1 1 12794 18.3405
0 1 1 1 1 0 1 1 0 1 0 0 1 1 0 0 0 0 1 1 12799 16.4936
0 1 1 1 0 0 1 1 1 0 0 0 0 0 0 0 0 0 1 1 12804 18.1713
1 0 0 1 0 1 1 1 0 0 0 1 1 1 1 1 1 1 0 0 12809 17.2123
1 0 1 0 0 1 1 1 0 0 0 1 1 0 1 1 1 1 0 0 12814 19.1779
0 0 1 1 1 0 1 1 0 1 0 0 0 1 0 0 1 0 1 0 12817 17.8788
0 1 0 1 0 1 1 1 1 0 0 0 1 0 0 1 0 0 1 1 12819 18.2542
0 0 1 1 0 0 1 1 1 0 0 0 1 0 0 0 1 0 1 0 12822 18.1186
0 0 0 0 0 1 1 1 1 0 0 0 1 0 0 0 1 0 1 0 12824 18.0212
0 0 0 0 1 0 1 1 0 1 0 0 0 1 0 1 1 0 1 0 12826 18.1385
1 1 0 0 0 1 1 0 0 0 0 1 1 1 0 1 0 1 0 0 12829 16.3501
1 0 0 1 0 1 1 0 0 0 0 1 1 1 0 1 1 1 0 1 12832 17.7328
0 0 1 1 1 1 0 1 0 1 0 0 0 1 1 1 1 0 1 1 12834 18.1484
1 0 1 0 1 1 1 1 0 0 0 1 0 0 0 1 1 1 0 1 12836 19.7303
1 1 1 1 0 0 1 1 0 0 0 1 1 0 0 1 0 1 0 0 12839 18.3232
1 1 1 1 1 1 1 0 1 0 0 1 0 1 0 1 1 1 0 1 12841 18.7682
1 0 0 0 0 1 1 1 0 0 1 1 1 0 1 1 0 1 0 0 12845 18.5933
1 0 0 0 1 0 0 0 0 0 1 1 0 0 1 0 0 1 0 0 12849 17.0254
1 0 0 1 0 0 1 1 0 0 1 1 1 0 1 1 0 1 0 0 12852 19.0150
1 0 1 0 0 0 1 0 0 0 1 1 1 0 1 1 0 1 0 0 12855 18.4062
1 0 1 0 0 1 1 1 0 0 1 1 1 0 1 1 0 1 0 0 12859 19.7836
0 1 0 0 1 1 1 1 1 1 0 0 1 1 0 1 1 0 1 1 12862 20.2023
1 0 0 1 0 0 1 0 0 0 1 1 1 1 1 1 0 1 0 1 12868 17.3677
1 1 0 1 1 1 1 0 1 0 0 1 0 1 0 1 1 1 0 0 12871 17.8931
0 1 1 1 1 0 1 1 1 1 0 0 0 1 0 1 1 0 1 0 12875 18.3427
0 1 0 0 1 0 1 1 1 1 0 0 1 1 0 0 1 0 1 0 12878 19.1120
0 0 0 0 1 1 1 0 0 1 1 0 0 1 0 1 0 0 1 1 12881 18.0277
0 1 0 1 0 1 1 1 1 1 0 0 1 0 0 1 1 0 1 0 12885 18.2421
1 1 1 0 0 0 1 0 0 1 0 1 1 1 0 1 1 1 0 0 12890 17.2935
1 1 1 1 1 0 1 0 1 0 0 1 0 0 0 1 1 1 0 1 12900 18.9995
0 0 1 1 0 0 1 0 1 0 1 0 1 0 0 0 0 0 1 0 12911 17.9213
0 1 0 1 1 0 1 1 0 1 0 0 1 1 0 1 1 0 1 1 12915 19.1069
0 1 0 0 1 0 1 1 0 1 0 0 1 1 0 0 1 0 1 0 12920 18.2948
1 0 0 0 1 1 1 0 0 0 0 1 0 1 1 1 0 1 0 0 12925 17.9067
1 0 0 1 0 0 1 1 0 0 0 1 1 0 1 1 0 1 0 1 12930 19.1315
1 0 1 1 0 1 1 1 0 0 0 1 1 1 1 1 0 1 0 0 12935 16.8269
1 1 1 0 1 0 1 0 0 0 0 1 0 1 0 1 1 1 0 0 12937 17.8837
1 1 1 0 1 1 1 0 0 0 0 1 0 1 0 1 1 1 0 0 12939 18.0039
0 0 0 1 0 1 1 1 1 0 0 0 1 0 0 0 0 0 1 0 12943 18.0528
1 0 1 1 0 1 1 0 0 0 0 1 1 0 0 1 0 1 0 1 12944 18.7350
0 0 1 0 1 1 1 1 0 1 0 0 0 1 0 0 0 0 1 1 12947 19.3031
0 1 1 0 1 0 1 1 0 1 0 0 0 1 0 1 1 0 1 1 12950 18.7993
0 0 1 1 1 1 0 1 0 1 0 0 0 1 1 1 0 0 1 0 12953 17.2725
1 0 0 1 1 1 1 1 0 0 0 1 0 1 0 1 0 1 0 1 12954 18.0566
1 0 1 1 1 1 1 1 0 0 0 1 0 0 0 1 0 1 0 0 12957 18.3299
1 1 1 1 1 1 1 1 0 0 0 1 0 1 0 1 1 1 0 0 12959 18.4409
1 0 0 1 0 0 1 0 0 1 1 1 1 0 1 1 0 0 0 1 12961 16.3619
0 1 1 0 0 1 1 1 1 1 1 0 1 0 0 1 1 1 1 0 12963 18.6119
0 1 1 1 1 0 1 1 1 1 1 0 0 1 0 1 0 1 1 0 12966 18.5834
0 1 0 1 0 0 1 1 1 1 1 0 1 0 0 1 1 1 1 0 12968 17.2389
1 0 1 1 0 1 1 0 0 1 1 1 1 0 1 1 1 0 0 1 12970 18.1136
1 1 1 1 0 0 1 1 0 1 1 1 1 0 1 1 0 0 0 0 12973 16.1354
1 0 0 1 1 0 1 0 1 0 1 1 0 1 1 1 1 0 0 1 12976 17.6780
0 1 0 0 1 1 1 0 1 1 1 0 1 1 0 1 1 1 1 0 12978 19.7137
0 1 1 1 0 1 1 0 1 1 1 0 0 0 0 1 1 1 1 0 12981 16.8292
1 1 0 0 0 1 1 1 0 1 1 1 1 0 1 1 0 0 0 0 12983 16.8144
0 0 1 0 1 1 1 1 1 1 1 0 0 1 0 0 1 1 1 1 12985 18.5176
1 1 0 1 1 1 1 1 1 0 1 1 0 0 1 1 1 0 0 0 12989 18.2591
0 0 0 0 0 0 1 0 1 1 1 0 1 0 0 0 0 1 1 1 12994 17.3751
0 0 1 0 1 0 1 0 1 1 1 0 1 1 0 0 0 1 1 1 13000 18.3282
1 1 1 0 0 0 1 1 0 1 1 1 1 1 1 1 1 0 0 0 13004 17.0917
1 1 1 1 1 0 1 1 1 0 1 1 0 0 1 1 1 0 0 0 13008 18.1363
0 1 1 0 1 1 1 1 0 1 1 0 1 1 0 1 1 1 1 0 13017 19.2501
1 0 0 0 1 0 1 0 1 0 0 1 0 1 1 1 0 0 0 1 13027 16.9308
1 1 0 0 1 0 1 0 0 0 1 1 0 1 1 1 1 0 0 0 13035 17.7098
1 1 0 1 0 0 0 1 0 0 1 1 1 1 1 0 1 0 0 0 13038 15.6177
1 1 0 1 0 1 0 0 0 0 1 1 1 1 1 0 1 0 0 0 13042 16.1867
1 1 1 0 0 1 1 0 0 0 1 1 1 0 1 1 1 0 0 0 13045 17.8233
0 0 0 0 1 0 1 1 1 1 0 0 1 1 0 1 0 1 1 1 13048 18.3817
1 1 1 1 0 0 0 1 0 0 1 1 1 1 1 0 1 0 0 0 13052 16.9813
0 1 0 0 1 0 1 1 0 1 1 0 0 1 0 1 0 1 1 0 13057 18.1574
1 1 0 0 0 0 1 1 0 0 1 1 1 1 1 1 0 0 0 0 13061 16.2305
1 1 0 0 0 1 1 0 0 0 1 1 1 1 1 1 0 0 0 0 13065 16.2213
0 0 1 0 1 1 1 1 1 1 0 0 1 1 0 1 1 1 1 1 13068 19.6871
0 0 0 1 1 0 1 1 1 1 0 0 1 1 0 1 1 1 1 1 13071 18.7348
1 1 1 0 0 0 1 1 0 0 1 1 1 1 1 1 0 0 0 0 13075 16.2069
0 0 0 0 1 0 1 1 1 1 0 0 0 1 0 1 1 1 1 1 13078 17.6128
1 1 0 0 1 1 1 0 1 0 1 1 0 1 1 1 1 0 0 1 13081 18.5411
0 1 1 1 0 0 1 1 1 1 1 0 0 0 0 1 1 1 1 1 13084 17.1392
0 1 0 0 0 1 1 1 1 1 1 0 0 0 0 1 1 1 1 1 13087 17.9644
1 0 1 1 0 0 1 0 0 1 1 1 1 0 1 1 1 0 0 0 13088 16.9127
0 1 0 1 1 0 1 0 1 1 1 0 1 1 0 1 1 1 1 1 13091 20.0144
1 0 1 0 0 0 1 1 0 1 1 1 1 0 1 1 0 0 0 0 13094 16.2064
0 1 0 1 1 0 1 0 1 1 1 0 0 1 0 1 1 1 1 1 13097 19.0512
1 0 0 1 1 0 1 1 1 0 1 1 0 1 1 1 1 0 0 0 13098 17.5010
1 1 0 0 1 0 1 0 1 0 1 1 0 1 1 1 0 0 0 1 13101 17.7758
0 1 0 0 0 0 1 0 1 1 1 0 0 0 0 1 0 1 1 1 13104 17.0067
0 0 1 1 0 0 1 1 1 1 1 0 1 0 0 0 1 1 1 0 13106 17.2879
0 0 0 0 1 1 1 1 1 1 1 0 0 1 0 0 1 1 1 0 13111 18.2975
1 1 1 0 1 0 1 0 1 0 1 1 0 0 1 1 0 0 0 1 13115 19.0453
1 1 1 0 0 1 1 1 0 1 1 1 1 1 1 1 0 0 0 1 13121 18.1803
0 0 1 0 1 0 1 0 1 1 1 0 1 1 0 0 1 1 1 0 13126 18.1449
1 0 1 1 0 0 1 0 0 1 0 1 1 0 1 1 1 0 0 0 13130 15.1947
1 0 0 0 1 1 1 1 1 0 0 1 0 1 1 1 1 0 0 0 13140 16.6716
0 1 1 0 0 0 1 0 1 0 1 0 0 0 0 1 1 1 1 1 13151 18.5828
1 1 0 1 0 1 1 0 0 0 1 1 1 0 1 1 1 0 0 1 13156 19.2472
0 1 1 1 1 0 1 1 0 1 1 0 0 1 0 1 1 1 1 1 13160 19.2514
0 0 1 1 1 1 1 1 1 1 0 0 1 1 0 1 0 1 1 0 13163 18.6683
1 1 1 1 0 0 1 0 0 0 1 1 1 1 1 1 1 0 0 1 13166 18.0275
1 0 1 1 1 0 1 1 1 0 0 1 0 1 0 1 0 0 0 0 13169 17.0681
0 0 0 1 1 0 1 1 1 1 0 0 0 1 0 1 0 1 1 0 13173 17.1494
0 0 1 1 1 0 1 1 1 1 0 0 1 1 0 0 1 1 1 0 13179 18.5257
0 1 0 0 1 0 1 0 0 1 1 0 0 1 0 1 0 1 1 1 13182 18.9161
0 0 1 0 1 1 1 1 1 1 0 0 0 1 0 1 1 1 1 0 13186 18.0946
0 0 0 1 1 1 1 1 1 1 0 0 0 1 0 0 1 1 1 0 13189 18.5751
0 0 0 0 0 0 0 1 1 1 0 0 1 0 1 1 1 1 1 0 13192 16.3128
0 1 1 0 1 0 1 0 0 1 1 0 0 1 0 1 0 1 1 1 13196 18.7880
1 0 0 1 1 0 1 1 1 0 0 1 0 1 0 1 1 0 0 0 13199 17.7696
1 0 0 0 0 0 1 1 0 1 1 1 1 1 1 1 0 0 0 0 13204 17.0981
1 0 1 1 1 1 1 0 1 0 1 1 0 0 1 1 1 0 0 0 13208 18.2862
0 1 1 1 0 0 1 0 1 1 1 0 1 0 0 0 0 1 1 1 13215 17.7852
0 1 0 0 1 1 1 1 1 1 1 0 1 1 0 0 0 1 1 1 13219 19.8609
0 1 1 0 1 0 1 0 1 1 1 0 0 1 0 0 1 1 1 1 13224 18.7320
1 0 0 1 1 1 1 1 1 0 1 1 0 0 1 1 0 0 0 1 13227 18.4496
1 0 1 0 0 0 1 0 0 1 1 1 1 1 1 1 0 0 0 1 13232 17.4060
0 1 0 1 1 1 1 1 1 1 1 0 1 1 0 0 1 1 1 0 13238 20.5995
1 0 1 1 1 0 1 1 1 0 1 1 0 0 1 1 0 0 0 1 13242 19.1152
1 0 1 0 1 0 1 1 1 0 1 1 0 0 1 1 1 0 0 1 13247 18.4106
0 1 1 0 0 0 1 1 1 0 1 0 0 0 0 0 1 1 1 0 13251 18.0981
0 1 1 1 0 1 1 1 1 0 1 0 0 0 0 0 1 1 1 1 13256 18.8402
1 0 0 0 0 1 1 0 0 1 0 1 1 1 1 1 1 0 0 0 13261 16.3425
0 1 0 1 1 1 1 0 0 1 1 0 1 1 0 0 1 1 1 1 13266 19.0811
1 0 0 1 0 1 1 1 0 1 0 1 1 1 1 1 0 0 0 0 13271 16.1299
1 0 1 0 1 0 1 0 1 0 0 1 0 0 0 1 0 0 0 0 13277 17.6938
0 1 0 1 1 1 1 1 0 1 1 0 0 1 0 0 1 1 1 1 13288 19.5681
1 0 0 1 1 0 1 1 1 0 0 1 0 0 0 1 0 0 0 1 13296 19.4709
0 1 1 0 1 1 1 1 0 1 1 0 0 1 0 0 0 1 1 1 13305 19.4987
1 0 0 0 1 0 1 0 1 0 0 1 0 0 0 1 1 0 0 0 13315 17.7652
0 0 0 0 1 0 1 0 0 1 1 0 1 1 0 1 0 1 1 0 13324 17.9067
1 1 0 1 1 0 1 0 1 0 0 1 0 1 1 1 1 0 0 1 13334 17.6069
0 0 1 1 0 0 1 0 1 0 1 0 0 0 0 1 1 1 1 0 13344 17.8939
0 0 1 1 1 0 1 1 0 1 1 0 1 1 0 1 1 1 1 1 13352 18.8532
1 1 0 0 0 1 1 1 0 1 0 1 1 0 1 1 1 0 0 0 13362 16.2582
1 1 1 0 1 1 1 0 1 0 0 1 0 0 1 1 1 0 0 0 13369 17.2998
0 0 1 1 0 1 1 1 1 0 1 0 0 0 0 0 0 1 1 1 13375 18.8848
0 0 0 1 1 0 1 0 0 1 1 0 1 1 0 0 1 1 1 0 13379 18.6097
0 0 1 1 1 1 1 0 0 1 1 0 1 1 0 0 0 1 1 0 13385 18.1217
1 1 1 1 1 1 1 1 1 0 0 1 0 0 1 1 1 0 0 0 13389 17.3387
1 1 1 0 0 0 1 0 0 0 0 1 1 1 1 1 1 0 0 0 13393 16.1979
0 0 1 1 1 1 1 1 0 1 0 0 1 1 0 0 0 1 1 0 13398 18.1108
1 1 1 1 0 1 1 0 0 0 0 1 1 1 1 1 1 0 0 1 13402 17.1193
1 1 0 1 1 1 1 0 0 0 0 1 0 1 1 1 1 0 0 1 13408 17.8327
0 0 0 0 0 0 1 1 1 0 0 0 0 0 0 0 0 1 1 1 13413 18.2590
0 0 1 1 0 1 1 1 1 0 0 0 0 0 0 0 1 1 1 0 13417 18.6487
1 1 0 1 0 1 1 1 0 0 0 1 1 0 1 1 0 0 0 1 13421 17.6214
1 1 1 0 1 1 1 0 0 0 0 1 0 1 1 1 0 0 0 1 13425 17.9478
0 0 1 0 0 1 1 1 1 0 0 0 0 0 0 1 1 1 1 0 13432 18.1583
0 0 0 1 1 1 1 1 0 1 0 0 1 1 0 0 1 1 1 0 13436 18.6282
1 1 1 1 1 0 1 1 0 0 0 1 0 0 1 1 0 0 0 1 13440 17.8102
0 1 1 1 1 0 1 1 1 1 0 0 0 1 0 0 0 1 1 1 13445 18.9368
0 1 1 1 1 0 1 1 1 1 0 0 1 1 0 1 0 1 1 1 13449 19.6480
0 1 1 0 0 1 1 1 1 1 0 0 1 0 0 1 0 1 1 1 13452 18.1729
0 0 0 0 1 1 1 1 0 1 1 0 0 1 0 1 1 1 1 0 13455 18.8021
0 1 0 1 1 0 1 1 1 1 0 0 0 1 0 0 0 1 1 1 13459 18.9665
0 1 0 0 0 0 1 1 1 1 0 0 0 0 0 1 0 1 1 1 13462 16.7720
0 1 1 0 0 0 1 1 1 1 0 0 1 0 0 0 0 1 1 0 13468 17.4230
1 0 0 1 1 1 0 1 0 0 1 1 0 0 1 0 1 0 0 1 13470 18.1861
1 1 0 0 1 1 1 1 1 0 0 1 0 1 0 1 0 0 0 0 13474 18.2814
0 1 0 0 0 1 1 1 1 1 0 0 0 0 0 0 0 1 1 0 13478 17.5496
1 0 1 1 1 0 0 0 0 0 1 1 0 0 1 0 1 0 0 1 13480 17.0539
1 0 1 1 1 1 0 1 0 0 1 1 0 0 1 0 1 0 0 1 13484 18.2665
1 1 1 1 1 1 1 0 1 0 0 1 0 0 0 1 0 0 0 0 13489 18.1024
0 0 0 1 1 0 1 0 0 1 1 0 0 1 0 0 1 1 1 0 13499 18.4012
1 1 0 0 1 0 1 0 1 0 0 1 0 0 0 1 0 0 0 1 13509 18.6677
1 0 1 1 1 0 1 0 0 0 0 1 0 1 1 1 1 0 0 0 13514 16.7616
1 0 1 0 1 1 1 0 0 0 0 1 0 0 1 1 1 0 0 1 13519 18.0752
0 1 1 1 0 1 1 1 1 0 0 0 0 0 0 1 0 1 1 1 13525 18.9897
0 1 1 1 0 0 1 1 1 0 0 0 0 0 0 1 0 1 1 1 13530 18.7408
0 1 0 1 1 1 0 1 0 1 0 0 1 1 1 1 0 1 1 0 13535 17.1006
1 0 1 0 0 1 1 0 0 0 0 1 1 0 0 1 1 0 0 0 13537 18.2115
1 1 1 0 0 1 1 0 0 0 0 1 1 1 0 1 0 0 0 0 13539 15.9502
1 0 0 0 0 1 1 1 0 0 0 1 1 0 0 1 1 0 0 1 13542 19.7125
0 0 0 0 1 0 1 1 0 1 0 0 0 1 0 0 1 1 1 0 13544 17.6930
1 0 1 1 1 1 1 0 0 0 0 1 0 1 0 1 1 0 0 1 13546 18.2215
0 1 1 0 0 1 1 1 1 0 0 0 1 0 0 1 0 1 1 1 13550 18.0513
0 1 1 1 0 0 1 1 1 0 0 0 1 0 0 1 0 1 1 0 13553 17.6624
1 0 0 1 0 0 1 1 0 0 0 1 1 0 0 1 1 0 0 1 13554 19.6616
0 0 0 0 1 1 1 1 0 1 0 0 0 1 0 0 1 1 1 1 13557 19.6096
1 1 1 1 1 0 1 1 0 0 0 1 0 0 0 1 0 0 0 0 13559 18.2531
0 1 1 1 0 0 1 1 1 1 0 0 1 0 0 0 1 1 1 1 13563 17.6842
0 1 1 0 0 0 1 1 1 1 0 0 0 0 0 0 1 1 1 1 13566 16.7667
0 1 1 0 0 0 0 1 1 1 0 0 1 0 1 1 1 1 1 1 13570 17.1703
0 1 0 1 0 1 1 1 1 1 0 0 0 0 0 0 1 1 1 1 13573 17.7069
1 1 1 1 1 1 1 1 1 0 0 1 0 1 0 1 1 0 0 1 13575 19.3294
0 1 0 0 0 0 1 1 1 1 0 0 0 0 0 0 1 1 1 1 13580 16.7986
1 0 1 1 1 1 1 1 0 0 1 1 0 1 1 1 0 0 0 0 13582 17.8812
0 1 1 1 0 0 1 1 1 1 0 0 0 0 0 0 1 1 1 0 13589 16.4914
0 1 1 1 0 0 0 1 1 1 0 0 1 0 1 1 1 1 1 0 13593 16.2018
1 0 0 0 1 0 1 1 0 0 1 1 0 0 1 1 0 0 0 1 13595 18.3148
1 0 1 1 1 1 1 0 0 0 1 1 0 0 1 1 0 0 0 1 13598 18.0884
0 1 0 1 0 0 1 1 1 1 0 0 0 0 0 0 1 1 1 0 13603 16.5518
1 0 1 0 0 1 1 1 0 0 1 1 1 1 1 1 0 0 0 1 13605 16.6541
0 0 1 1 1 1 1 1 0 1 1 0 0 1 0 0 0 1 1 0 13612 19.5561
1 1 1 0 1 1 1 1 1 0 0 1 0 0 0 1 1 0 0 1 13622 19.6773
0 0 1 1 0 0 1 0 1 0 1 0 1 0 0 0 0 1 1 1 13632 18.0903
0 1 0 0 1 0 1 1 0 1 0 0 1 1 0 1 1 1 1 1 13636 18.9355
1 0 1 1 1 0 1 0 0 0 0 1 0 1 1 1 0 0 0 1 13640 17.8033
1 0 0 1 1 1 1 0 0 0 0 1 0 1 1 1 0 0 0 0 13646 16.9502
0 1 0 0 0 0 1 1 1 0 0 0 0 0 0 0 1 1 1 0 13651 17.8979
0 1 0 1 0 0 1 1 1 0 0 0 0 0 0 1 1 1 1 1 13656 18.5437
0 1 0 0 0 1 1 1 1 0 0 0 1 0 0 0 1 1 1 1 13658 18.8134
0 1 0 0 1 0 1 1 0 1 0 0 0 1 0 1 1 1 1 1 13660 18.9196
0 0 0 1 1 0 1 1 0 1 0 0 0 1 0 0 0 1 1 0 13663 18.5017
1 0 1 1 1 1 1 0 0 0 0 1 0 0 0 1 0 0 0 1 13664 18.2786
1 0 0 1 1 1 1 1 0 0 0 1 0 0 0 1 0 0 0 0 13667 18.1182
1 1 0 1 1 1 1 0 0 0 0 1 0 1 0 1 1 0 0 0 13670 17.5418
1 0 0 1 0 0 1 1 0 0 0 1 1 0 0 1 0 0 0 0 13673 18.3049
0 1 0 0 0 0 1 1 1 0 0 0 1 0 0 0 1 1 1 0 13675 18.1709
0 0 0 1 1 1 1 1 0 1 0 0 0 1 0 0 0 1 1 1 13678 19.6338
0 1 0 1 0 0 1 1 1 0 0 0 1 0 0 1 1 1 1 1 13680 18.6497
1 0 0 1 0 0 1 0 0 1 1 1 0 0 1 1 1 0 0 1 13682 18.2956
0 1 1 0 1 0 1 1 1 1 1 0 0 1 1 1 0 1 1 0 13685 18.2966
1 1 0 0 1 1 1 1 1 0 1 1 1 1 1 1 1 0 0 0 13686 17.9863
0 1 0 1 1 0 1 0 1 1 1 0 1 1 1 1 0 1 1 0 13689 18.9918
0 1 1 1 0 0 1 0 1 1 1 0 0 0 1 1 0 0 1 0 13691 15.2262
0 1 0 0 0 0 1 1 1 1 1 0 1 0 1 1 0 0 1 0 13694 16.2201
0 0 1 0 0 0 1 0 1 1 1 0 1 0 1 1 0 1 1 1 13696 17.5720
0 1 1 0 1 1 1 0 1 1 1 0 1 1 1 1 0 1 1 0 13698 19.4727
0 0 0 1 1 0 1 1 1 1 1 0 0 1 1 1 0 1 1 1 13700 18.7755
1 1 1 1 0 1 1 1 0 1 1 1 0 0 1 1 1 1 0 0 13702 20.0394
1 1 0 1 0 0 1 0 0 1 1 1 0 1 1 1 1 0 0 0 13706 17.5315
1 1 0 1 1 1 1 1 1 0 1 1 1 0 1 1 1 1 0 0 13710 20.0525
0 0 1 1 0 1 1 0 1 1 1 0 1 0 1 0 0 0 1 1 13715 18.4124
0 0 1 0 0 0 1 0 1 1 1 0 1 0 1 0 0 1 1 1 13720 17.9688
0 0 0 1 1 0 1 1 1 1 1 0 0 1 1 0 0 1 1 1 13724 18.8200
1 0 1 1 1 1 1 0 1 0 0 1 1 1 1 1 1 0 0 1 13730 17.9674
1 1 0 0 0 0 1 1 0 0 1 1 0 1 1 1 1 1 0 0 13733 17.9440
0 0 1 0 0 0 1 1 1 1 0 0 1 0 1 1 0 0 1 1 13738 16.2097
1 1 0 1 1 1 0 1 0 0 1 1 1 1 1 0 1 1 0 0 13740 16.8616
0 0 0 1 1 0 1 1 1 1 0 0 1 1 1 1 0 0 1 1 13743 17.2895
0 0 0 0 0 0 1 1 1 1 0 0 0 0 1 0 0 0 1 1 13748 16.1454
1 1 1 1 1 0 0 1 0 0 1 1 1 0 1 0 1 1 0 0 13750 18.9040
0 0 1 0 1 0 1 1 1 1 0 0 1 1 1 0 0 1 1 1 13756 18.9954
1 0 0 1 1 1 1 0 1 0 0 1 1 1 1 1 1 1 0 1 13760 18.9387
1 1 0 0 1 1 0 1 0 0 1 1 1 1 1 0 1 0 0 0 13763 16.5318
0 0 0 0 1 1 1 1 1 1 0 0 0 1 1 0 0 1 1 1 13766 18.9685
0 1 1 1 1 1 1 0 0 1 1 0 1 1 1 1 0 0 1 0 13770 17.0548
1 1 1 0 1 0 0 1 0 0 1 1 1 0 1 0 1 0 0 0 13773 18.0004
0 1 0 1 1 0 1 0 0 1 1 0 0 1 1 1 0 0 1 0 13779 17.2305
1 0 0 0 1 0 1 0 1 0 0 1 1 1 0 1 1 1 0 1 13789 18.6444
1 0 1 1 0 1 1 1 0 1 0 1 0 0 0 1 1 1 0 1 13799 20.0302
0 1 1 1 1 0 1 1 1 1 1 0 1 1 1 1 0 0 1 1 13803 19.6788
1 0 0 1 1 1 1 1 1 0 1 1 1 1 1 1 1 0 0 0 13805 17.9842
1 1 1 0 0 0 1 0 0 1 1 1 0 0 1 1 1 0 0 1 13807 19.1327
1 1 1 0 1 0 1 0 1 0 1 1 1 1 1 1 1 0 0 1 13809 19.0684
1 1 0 0 1 0 1 1 1 0 1 1 1 1 1 1 1 1 0 1 13811 19.9990
0 0 1 1 0 1 1 0 1 1 1 0 0 0 1 1 0 1 1 0 13815 17.2116
1 0 1 1 0 1 1 0 0 1 1 1 0 0 1 1 1 1 0 0 13816 19.4070
0 0 0 0 0 1 1 1 1 1 1 0 1 0 1 1 0 1 1 0 13819 17.5209
1 1 1 1 0 0 1 1 0 1 1 1 0 0 1 1 1 1 0 1 13820 21.3009
1 0 1 0 0 1 1 1 0 1 1 1 0 0 1 1 1 0 0 0 13823 18.6146
0 0 1 0 1 0 1 1 1 1 1 0 1 1 1 0 0 0 1 0 13828 18.4236
1 1 1 1 0 0 1 0 0 1 1 1 0 1 1 1 1 0 0 1 13832 18.3182
1 1 0 1 1 0 1 1 1 0 1 1 1 0 1 1 1 1 0 1 13836 21.2385
0 0 1 1 0 1 1 0 1 1 1 0 1 0 1 0 0 1 1 0 13841 19.2509
0 0 0 1 1 1 1 0 1 1 1 0 1 1 1 0 0 0 1 0 13845 19.0612
1 1 0 0 0 1 0 0 0 0 1 1 0 0 1 0 1 1 0 1 13851 17.0865
0 0 1 0 1 1 1 1 1 1 0 0 1 1 1 0 0 0 1 0 13854 18.6950
0 0 1 1 0 0 1 1 1 1 0 0 0 0 1 1 0 0 1 0 13859 14.2457
1 1 1 0 0 0 0 0 0 0 1 1 0 1 1 0 1 1 0 1 13861 15.9351
0 0 0 0 1 1 1 1 1 1 0 0 0 1 1 1 0 0 1 0 13864 16.5569
1 1 1 1 1 1 1 1 0 0 1 1 1 0 1 1 1 1 0 1 13868 21.7126
0 1 0 1 1 0 1 1 0 1 1 0 1 1 1 1 0 0 1 1 13873 18.7319
0 0 1 1 0 1 1 1 1 1 0 0 1 0 1 0 0 1 1 0 13877 18.7122
1 1 0 0 1 0 1 0 0 0 1 1 1 0 1 1 1 0 0 1 13881 19.3785
1 1 0 1 0 0 0 1 0 0 1 1 0 0 1 0 1 0 0 1 13884 17.8681
0 0 0 1 0 1 1 1 1 1 0 0 0 0 1 1 0 1 1 0 13887 16.2137
1 1 1 0 0 1 1 1 0 0 1 1 0 0 1 1 1 0 0 1 13891 19.0869
0 0 0 0 1 1 1 1 1 1 0 0 1 1 1 1 0 1 1 0 13894 17.5712
1 0 1 1 1 0 1 0 1 0 0 1 1 1 0 1 1 0 0 0 13902 17.6846
0 1 0 0 0 0 1 0 1 0 1 0 1 0 1 1 0 1 1 1 13913 18.4571
0 1 1 1 1 0 1 1 1 1 1 0 1 1 1 0 0 1 1 1 13921 20.5874
0 1 1 1 1 0 1 1 1 1 1 0 0 1 1 0 0 1 1 1 13926 19.8249
0 1 0 0 1 0 1 0 1 1 1 0 1 1 1 0 0 1 1 1 13930 19.9970
1 0 0 0 0 1 1 0 0 1 1 1 0 1 1 1 1 0 0 0 13935 18.1434
1 0 1 0 0 0 1 1 0 1 1 1 0 1 1 1 1 1 0 0 13939 19.1053
1 0 1 1 0 1 1 1 0 1 1 1 0 1 1 1 1 0 0 0 13944 17.9660
1 0 0 0 1 1 1 1 1 0 1 1 1 0 1 1 1 1 0 1 13949 20.1200
0 1 0 0 0 1 1 0 1 1 1 0 0 0 1 0 0 1 1 0 13954 18.2286
0 1 1 1 0 0 1 0 1 1 1 0 1 0 1 0 0 1 1 0 13959 18.5088
0 1 0 0 1 0 1 1 1 1 1 0 0 1 1 0 0 1 1 0 13963 19.3193
1 0 1 0 1 0 1 1 1 0 1 1 1 0 1 1 1 0 0 1 13967 19.8227
0 1 1 0 0 1 1 1 1 0 1 0 0 0 1 0 0 1 1 1 13976 19.1259
0 1 1 1 1 1 1 0 0 1 1 0 1 1 1 0 0 1 1 1 13986 19.0941
1 0 1 1 0 0 1 0 0 1 0 1 0 1 1 1 1 1 0 0 13994 17.4108
1 0 0 0 1 1 1 1 1 0 0 1 1 0 1 1 1 1 0 0 14004 18.7377
0 1 0 1 0 0 1 0 1 0 1 0 0 0 1 0 0 0 1 0 14015 18.1383
0 1 1 0 1 1 1 1 0 1 1 0 0 1 1 0 0 1 1 0 14019 19.8923
0 1 1 0 1 0 1 1 0 1 1 0 0 1 1 0 0 0 1 1 14024 18.1988
1 0 1 1 1 1 1 1 1 0 0 1 1 0 0 1 1 0 0 1 14029 20.8008
1 0 1 1 0 1 1 1 0 1 0 1 0 1 0 1 1 0 0 1 14034 19.3884
1 0 1 1 0 1 1 1 0 1 0 1 0 1 0 1 1 1 0 0 14039 18.4113
0 1 1 0 0 1 0 1 1 1 0 0 0 0 0 0 0 0 1 1 14044 17.3279
1 0 0 1 1 1 1 1 0 0 1 1 1 0 1 1 1 1 0 0 14046 19.1482
0 1 1 1 1 1 1 1 1 1 0 0 1 1 1 1 0 0 1 1 14051 18.6786
1 1 0 0 1 0 1 0 1 0 0 1 1 1 1 1 1 0 0 1 14053 18.1341
1 0 1 1 1 0 1 0 0 0 1 1 1 0 1 1 1 1 0 0 14056 19.3770
0 1 0 1 1 0 1 1 1 1 0 0 0 1 1 1 0 0 1 1 14061 17.3316
0 1 1 1 0 1 0 1 1 1 0 0 0 0 0 0 0 0 1 0 14067 17.0061
1 0 0 0 0 1 1 1 0 0 1 1 0 0 1 1 1 1 0 1 14069 19.3681
0 1 1 0 1 1 1 1 1 1 0 0 0 1 1 1 0 0 1 0 14074 17.3126
1 1 0 0 1 1 1 1 1 0 0 1 1 1 1 1 1 0 0 0 14076 17.0214
1 0 1 0 0 0 1 0 0 0 1 1 0 0 1 1 1 1 0 1 14079 19.0400
0 1 0 0 0 1 1 1 1 1 0 0 1 0 1 0 0 0 1 0 14084 17.5830
1 0 1 1 1 1 0 1 0 0 1 1 1 1 1 0 1 1 0 1 14086 17.6837
1 1 1 0 1 1 1 0 1 0 0 1 1 0 1 1 1 0 0 1 14095 19.3742
0 0 1 1 0 0 1 0 1 0 1 0 0 0 1 0 0 1 1 1 14106 18.9579
0 0 1 1 1 0 1 1 0 1 0 0 1 1 1 0 0 1 1 0 14113 18.5364
1 1 1 1 1 0 1 0 0 0 0 1 1 1 1 1 1 0 0 0 14114 16.1911
1 1 0 1 1 1 1 1 0 0 0 1 1 0 1 1 1 0 0 1 14117 18.4144
0 0 0 0 0 1 1 1 1 0 0 0 0 0 1 0 0 1 1 0 14120 18.6351
0 1 0 0 0 1 1 1 1 0 0 0 0 0 1 1 0 0 1 0 14122 15.9022
0 0 1 1 1 0 1 1 0 1 0 0 1 1 1 1 0 1 1 1 14125 18.0453
0 1 1 0 1 0 1 1 0 1 0 0 1 1 1 1 0 0 1 0 14128 16.1608
0 0 1 1 1 1 0 1 0 1 0 0 1 1 0 1 0 1 1 1 14130 18.5529
1 1 1 0 0 1 1 1 0 0 0 1 0 0 1 1 1 0 0 1 14132 17.9934
0 1 0 1 1 1 0 1 0 1 0 0 1 1 0 1 0 0 1 0 14135 17.5908
1 1 1 1 1 1 1 1 0 0 0 1 1 1 1 1 1 0 0 1 14136 16.9882
0 1 1 0 0 0 1 1 1 0 0 0 1 0 1 0 0 0 1 0 14141 17.4013
0 1 0 1 1 0 1 1 0 1 0 0 0 1 1 1 0 0 1 0 14145 16.2092
1 0 0 0 0 1 1 0 0 0 0 1 0 1 0 1 1 1 0 1 14151 18.5377
1 0 1 1 1 1 1 1 0 0 0 1 1 0 0 1 1 1 0 1 14155 18.8189
1 0 1 1 0 0 1 1 0 0 0 1 0 0 0 1 1 1 0 1 14160 19.4789
1 0 0 1 1 0 0 0 0 0 1 1 1 1 1 0 1 0 0 0 14164 16.3008
0 1 1 1 1 1 1 1 1 1 0 0 0 1 1 1 0 1 1 1 14169 19.2071
0 1 1 0 0 1 0 1 1 1 0 0 1 0 0 1 0 1 1 1 14172 17.7804
1 0 1 1 0 1 1 0 0 0 1 1 0 0 1 1 1 0 0 0 14174 18.3945
0 1 0 1 0 1 1 1 1 1 0 0 1 0 1 0 0 1 1 1 14179 18.4846
0 1 0 0 0 0 0 1 1 1 0 0 0 0 0 1 0 1 1 1 14182 16.4109
1 0 0 0 1 0 0 0 0 0 1 1 1 1 1 0 1 0 0 1 14187 16.2803
1 0 0 1 0 0 1 1 0 0 1 1 0 1 1 1 1 0 0 1 14190 19.0593
0 1 1 1 0 1 0 1 1 1 0 0 1 0 0 1 0 1 1 0 14195 17.8939
1 0 1 0 0 1 1 0 0 0 1 1 0 0 1 1 1 0 0 1 14197 18.6390
0 1 0 0 1 0 1 1 1 1 0 0 1 1 1 1 0 1 1 0 14200 18.0870
0 1 0 1 0 0 0 1 1 1 0 0 0 0 0 1 0 1 1 0 14205 15.7866
0 0 1 1 1 0 1 1 0 1 1 0 1 1 1 0 0 0 1 0 14209 18.7267
0 0 0 0 1 0 1 0 0 1 1 0 1 1 1 0 0 0 1 0 14218 18.2113
1 1 1 0 1 1 1 1 1 0 0 1 1 0 1 1 1 1 0 1 14228 20.7868
1 0 1 0 1 0 1 0 0 0 0 1 1 1 1 1 1 0 0 0 14233 16.2189
1 1 1 0 0 1 1 0 0 0 0 1 0 1 1 1 1 1 0 0 14235 17.7307
1 0 0 0 1 1 1 1 0 0 0 1 1 0 1 1 1 0 0 1 14238 18.4490
0 1 1 0 1 0 1 1 0 1 0 0 1 1 1 0 0 1 1 1 14240 18.5327
0 0 1 0 0 0 1 1 1 0 0 0 0 0 1 0 0 0 1 1 14243 17.9870
0 1 1 0 0 1 1 1 1 0 0 0 0 0 1 1 0 1 1 1 14246 18.2445
0 1 1 1 0 0 0 1 1 0 0 0 0 0 0 1 0 1 1 0 14249 17.8454
1 1 0 1 0 1 1 1 0 0 0 1 0 1 1 1 1 1 0 1 14250 18.7285
1 0 1 1 0 1 1 1 0 0 0 1 0 0 1 1 1 0 0 0 14253 16.6059
1 0 1 1 1 1 1 1 0 0 0 1 1 1 1 1 1 0 0 0 14255 16.0592
1 0 1 0 1 0 1 0 0 0 0 1 1 1 0 1 1 0 0 0 14257 16.7617
1 0 0 0 1 1 1 1 0 0 0 1 1 0 0 1 1 0 0 1 14262 19.7327
0 1 1 0 0 0 1 1 1 0 0 0 1 0 1 0 0 1 1 1 14267 17.7865
0 1 1 1 0 0 1 1 1 0 0 0 1 0 1 1 0 1 1 0 14273 16.5104
1 0 1 1 0 1 1 1 0 0 0 1 0 0 0 1 1 0 0 0 14277 18.6099
1 1 1 0 1 1 1 0 1 0 0 1 1 1 0 1 1 1 0 1 14281 18.7630
0 0 1 0 1 1 1 1 0 1 1 0 0 1 1 1 0 0 1 0 14291 18.1068
1 1 1 1 1 1 1 1 1 0 0 1 1 1 0 1 1 1 0 1 14301 19.5762
0 0 0 0 1 0 1 0 0 1 1 0 0 1 1 1 0 1 1 1 14310 18.3394
1 1 1 0 1 1 1 1 1 0 0 1 1 1 0 1 1 0 0 0 14320 18.4566
0 0 1 1 0 1 1 1 1 0 1 0 1 0 1 0 0 0 1 0 14329 18.8155
0 0 1 0 1 1 1 1 0 1 1 0 0 1 1 0 0 0 1 0 14333 19.2146
1 1 1 0 0 1 1 0 0 1 0 1 0 1 0 1 1 1 0 1 14337 18.9698
1 1 1 1 1 1 1 1 1 0 0 1 1 0 0 1 1 0 0 0 14343 19.8650
0 0 1 0 0 1 1 0 1 0 1 0 1 0 1 0 0 1 1 1 14348 18.5314
1 1 1 1 0 1 1 1 0 1 0 1 0 1 0 1 1 1 0 1 14352 19.7127
1 1 1 1 0 1 1 0 0 0 0 1 0 1 0 1 1 1 0 0 14356 17.7210
1 1 1 1 1 1 1 0 0 0 0 1 1 0 0 1 1 1 0 1 14360 19.4248
0 0 1 1 0 1 1 1 1 0 0 0 1 0 1 1 0 0 1 0 14367 16.2624
0 0 0 0 1 1 1 1 0 1 0 0 0 1 1 0 0 0 1 0 14371 18.8223
0 0 0 1 1 1 0 1 0 1 0 0 0 1 0 1 0 0 1 1 14376 19.4146
1 1 1 0 1 1 1 0 0 0 0 1 1 1 0 1 1 0 0 0 14379 16.8251
1 1 1 1 0 0 1 0 0 0 0 1 0 1 0 1 1 0 0 1 14384 18.1713
0 0 1 0 1 0 1 1 0 1 0 0 0 1 1 1 0 1 1 1 14390 18.0321
1 1 0 1 1 0 1 1 0 0 0 1 1 0 0 1 1 0 0 1 14394 19.9473
1 1 1 1 1 1 1 1 0 0 0 1 1 1 0 1 1 0 0 0 14399 17.3905
0 1 1 1 0 1 1 1 1 1 1 0 0 0 1 1 1 0 1 0 14403 16.0666
1 0 0 0 0 0 1 1 0 1 1 1 0 0 1 1 0 1 0 1 14405 19.6499
0 1 0 1 1 1 1 1 1 1 1 0 0 1 1 1 1 1 1 0 14407 19.1670
1 1 0 0 0 1 1 0 0 1 1 1 0 0 1 1 0 1 0 0 14409 19.2967
1 0 0 0 0 1 1 1 0 1 1 1 0 0 1 1 0 1 0 1 14411 19.3432
1 1 1 1 0 0 1 0 0 1 1 1 0 0 1 1 0 1 0 0 14414 18.7879
0 0 1 0 1 0 1 0 1 1 1 0 1 1 1 1 1 1 1 1 14416 18.9189
1 1 0 1 1 0 1 1 1 0 1 1 1 1 1 1 0 0 0 0 14418 17.0876
1 0 1 0 0 0 1 1 0 1 1 1 0 0 1 1 0 0 0 1 14420 18.3172
0 1 0 1 0 1 1 0 1 1 1 0 1 0 1 1 1 1 1 0 14423 18.2528
1 1 0 0 0 0 1 0 0 1 1 1 0 1 1 1 0 1 0 0 14427 18.6441
1 1 1 0 1 1 1 0 1 0 1 1 1 0 1 1 0 0 0 0 14431 18.3040
0 0 1 0 0 1 1 0 1 1 1 0 1 0 1 0 1 0 1 1 14436 18.5063
1 1 1 1 0 1 1 0 0 1 1 1 0 1 1 1 0 1 0 0 14440 19.1901
1 1 1 0 1 1 1 1 1 0 1 1 1 0 1 1 0 0 0 0 14444 18.0653
0 0 1 1 1 1 1 1 1 1 0 0 0 1 1 0 1 0 1 1 14451 18.2742
0 0 1 0 0 0 1 1 1 1 0 0 0 0 1 0 1 0 1 1 14454 16.1584
1 1 0 1 0 1 1 0 0 0 1 1 0 1 1 1 0 1 0 0 14458 18.6994
0 1 1 1 1 0 1 0 0 1 1 0 1 1 1 1 1 1 1 0 14461 18.3818
1 1 1 0 1 1 1 0 0 0 1 1 1 1 1 1 0 1 0 0 14463 16.8050
1 1 1 1 0 0 1 1 0 0 1 1 0 1 1 1 0 1 0 0 14468 19.2247
1 0 1 1 1 0 1 1 1 0 0 1 1 1 1 1 0 0 0 1 14471 17.0754
1 1 0 1 1 1 0 0 0 0 1 1 1 0 1 0 0 0 0 0 14476 17.0252
0 0 1 1 1 0 1 1 1 1 0 0 1 1 1 1 1 1 1 1 14481 18.5092
0 1 1 1 1 1 1 1 0 1 1 0 1 1 1 1 1 0 1 0 14484 18.1697
1 1 1 1 1 0 0 0 0 0 1 1 1 1 1 0 0 0 0 0 14486 15.2354
0 0 0 1 1 0 1 1 1 1 0 0 0 1 1 0 1 1 1 1 14491 17.9105
0 0 0 0 0 1 0 1 1 1 0 0 1 0 0 1 1 1 1 1 14494 17.8488
0 1 0 1 1 0 1 0 0 1 1 0 0 1 1 1 1 1 1 0 14501 18.2977
1 0 1 1 1 1 1 1 1 0 0 1 1 1 0 1 0 0 0 1 14511 17.5826
1 0 1 0 0 1 1 1 0 1 0 1 0 0 0 1 0 1 0 1 14520 19.9840
1 1 0 0 1 1 1 0 1 0 1 1 1 1 1 1 0 1 0 1 14523 18.7360
0 0 1 1 0 0 1 1 1 1 1 0 0 0 1 1 1 1 1 0 14526 16.0661
0 1 0 0 0 0 1 1 1 1 1 0 1 0 1 1 1 1 1 1 14528 18.2562
0 0 0 0 0 0 1 0 1 1 1 0 1 0 1 1 1 1 1 0 14530 17.1560
0 1 1 0 1 1 1 0 1 1 1 0 1 1 1 1 1 0 1 1 14532 20.7869
0 0 1 1 1 1 1 0 1 1 1 0 0 1 1 1 1 1 1 0 14535 18.5614
1 0 1 1 1 0 1 0 1 0 1 1 1 1 1 1 0 1 0 0 14536 17.9955
0 0 0 0 1 1 1 1 1 1 1 0 1 1 1 1 1 1 1 0 14539 18.9336
1 1 1 1 1 1 1 1 1 0 1 1 1 1 1 1 0 1 0 1 14540 20.1490
0 1 0 0 0 0 1 0 1 1 1 0 0 0 1 1 1 1 1 1 14544 17.2377
0 0 1 0 0 1 1 1 1 1 1 0 1 0 1 0 1 1 1 0 14549 18.9531
0 0 0 1 1 1 1 0 1 1 1 0 0 1 1 0 1 1 1 0 14553 19.0126
1 1 1 0 1 1 1 0 1 0 1 1 1 0 1 1 0 1 0 1 14557 19.9782
0 0 1 0 0 1 1 0 1 1 1 0 1 0 1 0 1 1 1 0 14562 19.3268
0 0 0 0 1 1 1 0 1 1 1 0 1 1 1 0 1 0 1 0 14566 18.8414
0 0 1 0 0 1 1 1 1 1 0 0 0 0 1 0 1 0 1 0 14572 17.1449
1 1 0 1 1 1 1 1 0 0 1 1 1 0 1 1 0 1 0 1 14574 20.1006
0 0 1 1 1 1 1 1 1 1 0 0 1 1 1 1 1 0 1 0 14579 18.1845
1 0 0 0 1 0 1 0 1 0 0 1 1 1 1 1 0 0 0 0 14581 15.3872
1 1 1 1 1 0 1 0 0 0 1 1 1 0 1 1 0 1 0 1 14584 18.2040
0 0 0 1 1 0 1 1 1 1 0 0 0 1 1 1 1 0 1 0 14589 15.6450
0 0 1 1 0 1 1 1 1 1 0 0 0 0 1 0 1 1 1 0 14595 17.5794
1 1 0 0 0 1 1 1 0 0 1 1 0 0 1 1 0 0 0 1 14597 18.8998
0 0 1 0 1 1 1 1 1 1 0 0 0 1 1 1 1 1 1 0 14602 17.5703
1 0 0 0 1 1 1 1 1 0 0 1 1 1 1 1 0 1 0 0 14604 17.1251
1 1 1 0 0 0 1 0 0 0 1 1 0 0 1 1 0 0 0 1 14607 18.9052
0 0 0 0 0 1 1 1 1 1 0 0 1 0 1 0 1 1 1 0 14612 18.0785
1 1 1 1 1 1 0 1 0 0 1 1 1 1 1 0 0 0 0 1 14614 16.1637
1 0 0 0 1 1 1 0 1 0 0 1 1 1 0 1 0 1 0 0 14623 16.6292
0 1 0 1 0 0 1 0 1 0 1 0 1 0 1 1 1 1 1 1 14634 19.1533
0 1 1 0 1 0 1 1 1 1 1 0 1 1 1 0 1 1 1 1 14642 20.0294
1 0 0 0 1 1 1 1 1 0 1 1 1 0 1 1 0 0 0 0 14646 17.8453
1 0 0 1 1 0 1 0 1 0 1 1 1 0 1 1 0 1 0 0 14650 19.2814
0 1 1 0 0 1 1 0 1 1 1 0 0 0 1 0 1 1 1 1 14656 18.2486
0 1 0 1 0 1 1 1 1 1 1 0 1 0 1 0 1 1 1 1 14660 19.9027
1 0 0 0 0 0 1 0 0 1 1 1 0 1 1 1 0 0 0 1 14665 17.8482
0 1 1 1 1 1 1 1 1 1 1 0 1 1 1 0 1 1 1 0 14670 22.1368
1 0 1 1 0 1 1 0 0 1 1 1 0 1 1 1 0 0 0 1 14674 18.3429
1 0 1 0 0 1 1 0 0 1 1 1 0 1 1 1 0 1 0 1 14679 19.1356
1 0 1 1 1 1 1 1 1 0 1 1 1 0 1 1 0 0 0 1 14683 19.4577
1 0 1 1 1 0 1 1 1 0 1 1 1 0 1 1 0 0 0 1 14688 19.3948
0 1 0 1 1 0 1 0 0 1 1 0 1 1 1 0 1 1 1 0 14697 19.6262
1 0 1 1 1 1 1 1 1 0 0 1 1 0 1 1 0 0 0 1 14707 18.3886
0 1 0 0 1 0 1 0 0 1 1 0 1 1 1 0 1 0 1 1 14716 18.2490
1 0 0 1 1 0 1 0 1 0 0 1 1 0 1 1 0 1 0 0 14726 17.1627
0 1 0 1 0 0 1 0 1 0 1 0 0 0 1 0 1 0 1 1 14736 17.8290
0 1 1 1 1 1 1 1 0 1 1 0 0 1 1 0 1 1 1 0 14740 20.3834
1 0 1 0 1 1 1 0 1 0 0 1 1 0 0 1 0 0 0 1 14744 18.5041
1 0 1 0 1 1 1 1 1 0 0 1 1 0 0 1 0 0 0 1 14750 19.6474
0 1 1 1 0 1 1 0 1 0 1 0 1 0 1 0 1 1 1 1 14755 20.0249
0 1 1 1 0 0 1 0 1 0 1 0 1 0 1 0 1 1 1 1 14760 19.3297
0 1 1 0 1 0 1 1 1 1 0 0 1 1 1 0 1 0 1 1 14764 19.2961
1 1 0 1 1 1 1 0 1 0 0 1 1 1 1 1 0 0 0 1 14768 17.1224
1 0 0 0 1 1 0 1 0 0 1 1 1 1 1 0 0 1 0 0 14771 15.7141
0 1 0 0 1 1 1 1 1 1 0 0 0 1 1 0 1 0 1 1 14774 19.2036
0 0 1 1 1 1 1 0 0 1 1 0 1 1 1 1 1 1 1 0 14778 18.3689
1 0 1 0 1 0 0 1 0 0 1 1 1 0 1 0 0 1 0 0 14781 18.0047
0 1 1 1 1 0 1 1 1 1 0 0 1 1 1 0 1 0 1 0 14787 19.1231
0 1 1 0 0 1 1 1 1 1 0 0 1 0 1 0 1 0 1 0 14790 18.4295
1 0 0 1 1 0 1 0 0 0 1 1 1 0 1 1 0 1 0 1 14794 19.0676
0 1 0 1 1 1 1 1 1 1 0 0 0 1 1 0 1 0 1 0 14797 19.0392
0 1 0 0 0 1 1 1 1 1 0 0 0 0 1 1 1 0 1 0 14800 15.1829
1 0 1 1 0 1 1 1 0 0 1 1 0 0 1 1 0 1 0 1 14804 20.4975
0 0 0 1 1 1 1 0 0 1 1 0 1 1 1 1 1 1 1 1 14808 18.6239
1 1 1 1 1 1 1 0 1 0 0 1 1 0 1 1 0 0 0 1 14816 18.4547
0 0 0 0 1 1 1 1 0 1 1 0 1 1 1 0 1 1 1 0 14827 19.1908
1 0 1 0 0 1 1 0 0 0 0 1 0 0 1 1 0 1 0 0 14833 18.0692
0 0 0 1 1 0 1 1 0 1 0 0 1 1 1 1 1 1 1 1 14835 18.4405
0 1 1 1 1 1 1 1 0 1 0 0 1 1 1 0 1 0 1 0 14838 19.0899
0 0 0 0 1 0 1 1 0 1 0 0 1 1 1 0 1 1 1 0 14840 18.8824
1 1 1 1 0 1 1 0 0 0 0 1 0 1 1 1 0 0 0 1 14842 17.8750
1 0 0 0 1 1 1 0 0 0 0 1 1 1 1 1 0 1 0 0 14845 16.2194
1 1 0 1 1 1 1 0 0 0 0 1 1 1 1 1 0 0 0 1 14848 16.1472
1 0 0 1 0 0 1 1 0 0 0 1 0 0 1 1 0 1 0 1 14850 18.9960
0 1 0 0 0 0 1 1 1 0 0 0 0 0 1 0 1 0 1 1 14853 17.6114
1 1 1 1 0 0 1 1 0 0 0 1 0 0 1 1 0 0 0 0 14855 16.7928
0 1 1 1 1 0 1 1 0 1 0 0 0 1 1 0 1 0 1 0 14857 17.4580
0 1 1 1 0 0 1 1 1 0 0 0 1 0 1 0 1 0 1 0 14862 18.1979
0 1 0 0 1 0 1 1 0 1 0 0 0 1 1 1 1 0 1 0 14866 16.4605
1 0 0 1 0 1 1 0 0 0 0 1 0 1 0 1 0 1 0 1 14872 17.2911
1 0 1 0 1 1 1 1 0 0 0 1 1 0 0 1 0 1 0 1 14876 19.4914
0 0 0 1 1 0 1 1 0 1 1 0 1 1 1 1 1 0 1 0 14881 17.5062
0 1 1 1 0 1 1 1 1 1 0 0 1 0 1 0 1 1 1 1 14885 19.0346
1 0 0 0 1 0 1 0 0 0 1 1 1 0 1 1 0 0 0 0 14889 17.8094
1 0 0 1 0 0 1 1 0 0 1 1 0 0 1 1 0 0 0 0 14892 17.8583
0 1 0 1 0 1 1 1 1 1 0 0 0 0 1 1 1 1 1 1 14895 17.0584
1 0 1 0 0 1 1 1 0 0 1 1 0 0 1 1 0 0 0 0 14899 17.9965
0 1 0 0 1 1 1 1 1 1 0 0 1 1 1 1 1 1 1 1 14902 19.6249
0 1 1 0 0 0 0 1 1 1 0 0 1 0 0 0 1 1 1 0 14908 17.0484
0 0 1 1 1 0 1 1 0 1 1 0 1 1 1 1 1 0 1 1 14911 18.5564
1 0 0 0 0 0 1 1 0 0 1 1 0 0 1 1 0 0 0 1 14915 18.2765
0 1 0 0 0 1 0 1 1 1 0 0 0 0 0 0 1 1 1 0 14918 17.1150
1 0 1 1 1 1 1 0 0 0 1 1 1 1 1 1 0 0 0 1 14920 16.3520
0 1 0 1 1 1 1 1 1 1 0 0 1 1 1 1 1 1 1 0 14925 19.1311
0 0 1 0 1 0 1 1 0 1 1 0 1 1 1 0 1 0 1 0 14930 18.3905
0 0 1 1 1 1 1 1 0 1 1 0 1 1 1 0 1 0 1 1 14940 20.1535
1 1 1 0 1 1 1 1 1 0 0 1 1 0 1 1 0 1 0 0 14950 18.7521
0 0 0 0 0 1 1 1 1 0 0 0 0 0 1 0 1 0 1 1 14954 18.0128
0 1 0 0 0 1 1 1 1 0 0 0 0 0 1 1 1 1 1 1 14956 17.6059
0 1 0 1 0 1 1 1 1 0 0 0 0 0 1 0 1 1 1 0 14959 18.4714
1 1 1 1 0 1 1 0 0 0 0 1 0 0 1 1 0 1 0 1 14960 18.9649
1 0 0 1 0 1 1 1 0 0 0 1 0 0 1 1 0 0 0 0 14963 16.8156
1 1 0 1 0 1 1 0 0 0 0 1 0 1 1 1 0 1 0 0 14966 17.8760
0 1 1 1 1 1 0 1 0 1 0 0 1 1 0 1 1 1 1 0 14969 18.8316
1 1 0 1 1 1 1 1 0 0 0 1 1 1 1 1 0 1 0 1 14970 17.1271
0 0 0 1 0 0 1 1 1 0 0 0 0 0 1 0 1 0 1 1 14974 17.8055
0 0 0 1 0 0 1 1 1 0 0 0 0 0 1 1 1 0 1 1 14976 17.0604
0 1 0 0 1 0 1 1 0 1 0 0 0 1 1 0 1 1 1 1 14978 18.8203
0 1 1 1 1 0 1 1 0 1 0 0 0 1 1 0 1 1 1 1 14983 18.5245
0 1 1 1 0 0 1 1 1 0 0 0 1 0 1 0 1 1 1 1 14988 18.5757
1 0 0 1 0 1 1 1 0 0 0 1 0 1 0 1 0 0 0 0 14993 18.2738
1 0 1 0 0 1 1 1 0 0 0 1 0 0 0 1 0 0 0 0 14998 18.3988
1 1 1 1 1 1 1 0 1 0 0 1 1 1 0 1 0 1 0 1 15002 17.6401
0 0 1 1 1 0 1 0 0 1 1 0 0 1 1 1 1 0 1 0 15013 17.1821
0 0 1 0 1 1 1 0 0 1 1 0 0 1 1 1 1 1 1 0 15023 19.0068
1 1 0 0 0 0 1 0 0 1 0 1 0 0 0 1 0 1 0 0 15031 18.3039
1 1 0 1 1 0 1 1 1 0 0 1 1 1 0 1 0 1 0 0 15041 17.7892
1 1 1 1 0 0 1 0 0 1 0 1 0 1 0 1 0 0 0 0 15049 17.4519
0 0 1 1 1 1 1 1 0 1 1 0 0 1 1 0 1 0 1 0 15054 19.7379
1 1 1 1 0 1 1 0 0 1 0 1 0 1 0 1 0 1 0 1 15058 19.1724
1 1 1 0 1 1 1 1 1 0 0 1 1 0 0 1 0 0 0 0 15064 18.5150
0 0 1 1 0 1 1 0 1 0 1 0 1 0 1 0 1 1 1 0 15069 20.2352
0 0 1 1 0 1 1 1 1 0 0 0 1 0 1 0 1 0 1 0 15073 18.8356
1 1 0 1 0 1 1 1 0 0 0 1 0 0 0 1 0 1 0 1 15077 19.5624
1 1 1 0 1 1 1 0 0 0 0 1 1 1 0 1 0 1 0 1 15081 17.0029
0 0 1 0 0 1 1 1 1 0 0 0 1 0 1 1 1 0 1 0 15088 16.3700
0 0 0 1 1 1 1 1 0 1 0 0 0 1 1 0 1 0 1 0 15092 18.8176
1 1 1 1 1 0 1 1 0 0 0 1 1 0 0 1 0 1 0 1 15096 19.5011
1 1 1 1 1 1 1 0 0 0 0 1 1 1 0 1 0 0 0 0 15100 15.8297
0 0 0 1 0 1 1 1 1 0 0 0 1 0 1 1 1 1 1 0 15105 17.4850
0 0 1 1 1 0 1 1 0 1 0 0 0 1 1 1 1 1 1 0 15111 17.1217
1 1 1 1 0 1 1 1 0 0 0 1 0 0 0 1 0 0 0 1 15115 19.3636
0 0 0 1 1 1 1 1 0 1 0 0 0 1 1 1 1 1 1 1 15120 18.8570
1 1 1 1 0 0 1 0 1 1 1 1 1 1 1 1 0 0 1 1 15121 18.9773
0 0 0 0 1 0 1 0 1 1 1 1 1 1 1 0 0 1 0 0 15122 18.0392
0 0 0 1 1 0 1 1 1 1 1 1 1 1 1 0 0 1 0 0 15123 18.2277
1 1 1 1 1 1 1 0 1 1 1 1 1 0 1 1 1 0 1 1 15124 20.5169
1 1 1 1 0 0 1 0 1 1 1 1 0 1 1 1 0 0 1 1 15126 17.9862
1 1 1 1 0 1 1 0 1 1 1 1 0 1 1 1 0 1 1 1 15127 19.8007
0 0 0 1 1 1 1 0 1 1 1 1 0 1 1 0 1 0 0 0 15128 18.3657
0 0 1 0 0 1 1 0 1 1 1 1 1 0 1 0 1 1 0 0 15129 18.4954
1 1 0 0 1 1 1 1 1 1 1 1 0 0 1 1 0 0 1 1 15130 19.0466
0 0 0 0 1 1 1 1 1 1 1 1 0 1 1 0 1 0 0 0 15132 18.4547
1 1 1 1 1 0 1 1 1 1 1 1 1 0 1 1 0 1 1 1 15133 21.1745
0 0 0 0 1 1 1 0 1 1 1 1 1 1 1 0 1 1 0 0 15135 18.4266
0 0 1 1 0 0 1 1 1 1 1 1 0 0 1 0 0 0 0 0 15137 16.5670
1 1 1 0 1 0 1 1 1 1 1 1 0 0 1 1 0 1 1 1 15137 19.8430
1 1 0 0 0 0 1 1 1 1 1 1 0 1 1 1 1 0 1 1 15138 18.1765
1 1 1 1 0 0 1 1 1 1 1 1 1 1 1 1 1 1 1 1 15139 21.1990
0 0 0 0 1 0 1 0 1 1 1 1 0 1 1 0 0 1 0 0 15141 17.4851
1 1 1 0 1 1 1 1 1 1 1 1 0 0 1 1 1 0 1 1 15142 19.1108
1 1 1 1 0 1 1 1 1 1 1 1 1 1 1 1 1 0 1 1 15143 21.2710
0 0 1 1 1 1 1 1 1 1 1 1 1 1 1 0 1 1 0 0 15144 20.0923
0 0 1 1 0 1 1 0 1 1 0 1 0 0 1 0 1 0 0 0 15146 16.2246
0 0 0 0 0 0 1 0 1 1 0 1 1 0 1 0 1 0 0 0 15151 16.3241
1 1 1 0 0 0 1 0 1 0 1 1 0 1 1 1 0 1 1 1 15155 18.5839
0 0 0 1 1 1 1 1 1 1 0 1 1 1 1 0 1 0 0 0 15161 18.1885
0 0 1 0 0 0 1 1 1 1 0 1 1 0 1 0 1 0 0 0 15166 16.9830
1 1 0 0 0 1 1 0 1 0 1 1 0 1 1 1 1 0 1 1 15169 18.8448
1 1 0 0 0 1 1 1 1 0 1 1 0 1 1 1 1 0 1 1 15174 19.0145
1 1 1 1 1 1 1 0 0 1 1 1 1 0 1 1 1 0 1 1 15178 19.6847
0 0 0 1 0 0 1 1 1 1 0 1 0 0 1 0 1 1 0 0 15185 16.6751
0 0 1 1 1 0 1 1 1 1 0 1 1 1 1 0 1 1 0 0 15189 18.9788
1 1 0 0 0 1 1 0 1 0 1 1 1 1 1 1 1 0 1 1 15193 17.6272
0 0 1 1 1 1 1 0 1 1 0 1 1 1 0 0 0 1 0 0 15198 17.8184
1 1 1 1 0 0 1 0 1 0 1 1 1 1 1 1 1 0 1 1 15202 19.0264
1 1 1 0 0 0 1 0 1 0 1 1 1 1 1 1 1 1 1 1 15207 19.8677
1 1 1 1 1 0 1 1 0 1 1 1 0 0 1 1 1 0 1 1 15211 19.9720
1 1 1 1 1 1 1 1 0 1 1 1 0 0 1 1 1 0 1 1 15216 20.1864
0 0 1 1 0 0 1 0 1 1 0 1 0 0 0 0 1 1 0 0 15222 15.9360
0 0 0 0 0 0 1 1 1 1 0 1 1 0 0 0 1 1 0 0 15226 17.5157
0 0 1 1 1 1 1 1 1 1 0 1 0 1 0 0 1 1 0 0 15231 18.6637
0 0 0 0 1 1 1 0 1 1 0 1 1 1 0 0 1 1 0 0 15235 18.2986
0 0 0 0 0 1 1 1 1 1 0 1 1 0 0 0 1 1 0 0 15240 17.9878
1 0 0 1 0 0 1 0 1 1 1 1 1 1 1 1 0 1 1 1 15241 19.2558
0 1 1 1 1 0 1 0 1 1 1 1 1 1 1 0 1 0 0 0 15242 18.2397
0 1 1 0 1 1 1 0 1 1 1 1 1 1 1 0 1 0 0 0 15243 19.2373
0 1 1 0 0 0 1 0 1 1 1 1 0 0 1 0 0 0 0 0 15245 16.3053
1 0 0 0 0 1 1 1 1 1 1 1 0 1 1 1 1 1 1 1 15246 19.2707
1 0 0 0 0 1 1 0 1 1 1 1 0 1 1 1 1 0 1 1 15247 18.2888
0 1 1 1 1 1 1 0 1 1 1 1 0 1 1 0 1 1 0 0 15248 18.3538
0 1 0 1 1 1 1 1 1 1 1 1 0 1 1 0 0 0 0 0 15249 18.6610
1 0 1 1 1 0 1 0 1 1 1 1 0 0 1 1 1 1 1 1 15250 18.1124
0 1 1 1 1 1 1 0 1 1 1 1 1 1 1 0 0 1 0 0 15252 18.0908
1 0 0 0 1 1 1 0 1 1 1 1 1 0 1 1 1 0 1 1 15253 18.9318
1 0 1 1 0 1 1 1 1 1 1 1 0 1 1 1 0 0 1 1 15255 19.1517
0 1 1 0 0 0 1 1 1 1 1 1 0 0 1 0 0 1 0 0 15257 17.5137
1 0 0 1 1 0 1 1 1 1 1 1 0 0 1 1 1 0 1 1 15257 18.1338
1 0 0 1 0 0 1 1 1 1 1 1 0 1 1 1 1 1 1 1 15258 19.1599
1 0 0 0 1 0 1 0 1 1 1 1 0 0 1 1 0 0 1 1 15259 17.3429
0 1 1 1 1 1 1 1 1 1 1 1 0 1 1 0 1 0 0 0 15261 18.5899
1 0 0 1 1 1 1 0 1 1 1 1 1 0 1 1 0 1 1 1 15262 19.8333
1 0 1 0 0 1 1 1 1 1 1 1 1 1 1 1 1 1 1 1 15263 21.3235
1 0 0 0 0 0 1 1 1 1 1 1 0 1 1 1 0 0 1 1 15264 17.5882
0 1 0 1 0 1 1 0 1 0 1 1 0 0 1 0 1 1 0 0 15266 17.8548
0 1 1 1 1 0 1 0 0 1 1 1 1 1 1 0 0 1 0 0 15271 17.1635
1 0 0 1 1 0 1 1 1 1 0 1 1 0 1 1 1 0 1 1 15275 18.0193
1 0 0 1 0 0 1 1 1 1 0 1 0 1 1 1 1 0 1 1 15281 17.0370
0 1 0 1 1 1 1 0 0 1 1 1 1 1 1 0 0 1 0 0 15286 17.0838
1 0 1 0 1 1 1 0 1 1 0 1 0 0 1 1 1 1 1 1 15289 18.9987
1 0 1 1 1 1 1 0 1 1 0 1 1 0 1 1 0 1 1 1 15294 19.7748
0 1 1 0 0 0 1 0 1 0 1 1 0 0 1 0 0 0 0 0 15299 17.8198
0 1 0 0 0 0 1 1 1 0 1 1 0 0 1 0 1 0 0 0 15305 17.6726
1 0 1 1 0 0 1 1 1 1 0 1 1 1 1 1 1 1 1 1 15309 19.5793
1 0 1 1 1 0 1 0 1 1 0 1 1 0 0 1 0 1 1 1 15313 18.8641
1 0 1 1 0 0 1 0 1 1 0 1 0 1 0 1 0 1 1 1 15318 17.7408
1 0 0 0 0 0 1 1 1 1 0 1 1 1 0 1 0 1 1 1 15322 19.7802
1 0 1 1 1 1 1 1 1 1 0 1 0 0 0 1 0 1 1 1 15327 19.7204
1 0 0 0 1 1 1 0 1 1 0 1 1 0 0 1 0 1 1 1 15331 19.0395
0 1 0 0 0 1 1 0 1 0 1 1 1 0 1 0 0 0 0 0 15337 17.4307
0 1 0 1 0 1 1 1 1 0 1 1 1 0 1 0 0 1 0 0 15342 18.0625
0 1 1 1 1 1 1 0 0 1 1 1 0 1 1 0 0 0 0 0 15346 18.0903
0 1 1 0 1 1 1 0 0 1 1 1 0 1 1 0 0 1 0 0 15351 18.1905
1 0 0 0 0 0 1 0 1 1 0 1 0 1 0 1 1 1 1 1 15355 17.9177
0 1 1 1 1 1 1 1 0 1 1 1 0 1 1 0 0 0 0 0 15360 18.4419
1 0 0 0 0 1 1 1 1 0 1 1 0 1 1 1 0 1 1 1 15364 19.3444
1 0 1 1 1 0 1 0 0 1 1 1 1 0 1 1 1 1 1 1 15368 19.2083
0 1 1 1 0 0 1 1 1 1 0 1 1 0 1 0 0 0 0 0 15375 16.9230
0 1 0 0 1 1 1 0 1 1 0 1 1 1 1 0 0 0 0 0 15379 17.1253
0 1 1 0 1 0 1 1 1 1 0 1 0 1 1 0 1 0 0 0 15384 17.5259
1 1 1 0 1 1 1 0 1 1 0 1 1 0 1 1 1 0 1 1 15387 19.3700
1 1 0 1 0 1 1 0 1 1 0 1 0 1 1 1 1 0 1 1 15392 18.1087
0 0 1 0 1 0 1 1 0 1 1 1 1 1 1 0 0 1 0 0 15398 18.2930
1 1 0 0 1 0 1 1 1 1 0 1 0 0 1 1 1 0 1 1 15402 17.0635
1 1 1 1 1 1 1 1 1 1 0 1 1 0 1 1 1 0 1 1 15407 19.4986
0 1 0 1 0 1 1 1 1 0 0 1 0 0 1 0 0 0 0 0 15411 17.6416
0 1 1 1 0 1 1 0 1 0 0 1 0 0 1 0 1 0 0 0 15416 16.9381
1 1 0 0 0 0 1 0 1 0 0 1 0 1 1 1 1 0 1 1 15421 17.0299
0 1 0 1 1 1 1 1 0 1 0 1 1 1 1 0 1 0 0 0 15426 17.1872
1 1 0 1 0 0 1 1 1 0 0 1 0 1 1 1 0 0 1 1 15431 16.8139
1 0 1 0 1 1 1 0 0 1 0 1 1 0 0 1 0 1 1 1 15437 18.5005
0 1 0 1 1 1 1 0 0 1 0 1 0 1 1 0 1 0 0 0 15448 17.3121
1 0 0 0 1 1 1 1 0 1 0 1 1 0 0 1 0 1 1 1 15456 19.3885
0 1 1 0 1 1 1 0 0 1 0 1 0 1 1 0 0 0 0 0 15465 17.1710
1 0 0 0 1 1 1 0 0 1 0 1 1 0 0 1 1 1 1 1 15475 18.9081
0 1 1 1 1 1 1 0 1 1 0 1 0 1 1 0 1 1 0 0 15482 18.0696
0 1 0 0 1 0 1 0 1 1 0 1 1 1 1 0 1 1 0 0 15487 18.1200
0 1 0 0 0 0 1 1 1 1 0 1 1 0 1 0 1 1 0 0 15492 17.0843
1 0 0 0 0 0 1 1 1 0 1 1 0 1 1 1 1 0 1 1 15497 18.2603
1 0 0 1 0 0 1 0 1 0 1 1 0 1 1 1 0 0 1 1 15502 17.0179
1 1 1 0 1 0 1 0 1 1 0 1 1 0 1 1 1 1 1 1 15505 19.0096
0 0 1 1 0 1 1 0 1 0 1 1 0 0 1 0 0 0 0 0 15511 18.2297
0 0 1 0 1 1 1 0 0 1 1 1 1 1 1 0 0 0 0 0 15515 17.0356
0 0 1 0 1 1 1 1 0 1 1 1 1 1 1 0 0 0 0 0 15521 17.2518
1 1 1 1 1 0 1 1 1 1 0 1 1 0 1 1 1 1 1 1 15525 19.5817
1 1 1 1 0 1 1 0 1 0 0 1 0 1 1 1 0 1 1 1 15529 18.8529
0 1 0 0 1 0 1 1 0 1 0 1 1 1 1 0 1 1 0 0 15534 17.5603
1 1 0 0 0 1 1 1 1 0 0 1 0 1 1 1 0 1 1 1 15538 18.9397
1 1 1 0 1 0 1 1 0 1 0 1 1 0 1 1 0 1 1 1 15544 19.2013
0 1 0 0 0 0 1 0 1 0 0 1 0 0 1 0 0 1 0 0 15549 17.4406
0 0 0 1 1 0 1 0 0 1 0 1 1 1 0 0 0 0 0 0 15553 16.9226
0 1 1 1 1 1 1 0 0 1 0 1 0 1 1 0 1 1 0 0 15562 17.8228
1 0 0 1 1 1 1 0 0 1 0 1 1 0 0 1 0 0 1 1 15572 18.3278
0 1 0 1 1 0 1 1 0 1 0 1 0 1 1 0 0 1 0 0 15581 17.5933
1 0 1 1 1 0 1 1 0 1 0 1 1 0 0 1 1 0 1 1 15591 19.3173
1 1 1 0 0 0 1 1 1 0 0 1 1 1 1 1 0 1 1 1 15600 18.9842
1 0 0 0 1 0 1 1 0 1 1 1 0 0 1 1 1 1 1 1 15605 19.8474
0 1 0 0 0 1 1 1 1 1 0 1 0 0 0 0 0 1 0 0 15610 17.9420
0 1 1 1 0 0 1 1 1 1 0 1 1 0 0 0 0 1 0 0 15615 17.7742
0 1 0 0 1 0 1 0 1 1 0 1 0 1 0 0 0 1 0 0 15619 18.0980
1 0 1 0 1 1 1 1 0 1 1 1 0 0 1 1 1 0 1 1 15623 19.0680
1 1 1 0 0 0 1 0 1 1 0 1 0 1 0 1 0 1 1 1 15629 18.0678
1 1 0 1 0 0 1 1 1 1 0 1 1 1 0 1 0 1 1 1 15633 19.6464
1 1 0 0 0 0 1 0 1 1 0 1 1 1 0 1 0 0 1 1 15638 18.5489
1 1 1 0 1 1 1 1 1 1 0 1 1 0 0 1 0 1 1 1 15642 19.8524
0 0 1 0 0 0 1 1 1 0 1 1 1 0 1 0 1 0 0 0 15647 18.7909
0 1 1 1 1 0 1 0 0 1 0 1 1 1 0 0 0 1 0 0 15655 17.2064
1 0 0 1 0 0 1 1 1 0 0 1 1 1 1 1 1 0 1 1 15665 18.0952
1 1 1 1 1 0 1 0 0 1 0 1 1 0 0 1 0 0 1 1 15673 18.1083
0 1 1 0 1 1 1 0 0 1 0 1 1 1 0 0 0 0 0 0 15683 16.8954
1 0 1 1 1 0 1 1 0 1 0 1 0 0 1 1 1 1 1 1 15693 19.7147
1 1 1 1 1 0 1 0 0 1 0 1 0 0 0 1 0 1 1 1 15698 18.7114
1 0 0 0 1 0 1 0 0 1 0 1 0 0 0 1 1 1 1 1 15703 19.0112
0 0 1 1 0 1 1 1 1 0 0 1 1 0 0 0 1 0 0 0 15709 18.7940
0 0 0 1 0 0 1 1 1 0 0 1 1 0 0 0 1 1 0 0 15714 17.8393
0 1 1 0 1 1 1 1 0 1 0 1 0 1 0 0 0 1 0 0 15719 18.7463
1 0 0 0 1 0 1 0 0 1 1 1 0 0 1 1 0 1 1 1 15723 19.3160
0 1 0 0 0 0 1 0 1 1 0 1 1 0 0 0 1 1 0 0 15728 17.4735
0 1 1 0 1 1 1 1 1 1 0 1 1 1 0 0 1 0 0 0 15732 19.5935
1 0 0 1 1 1 1 0 0 1 1 1 0 0 1 1 0 0 1 1 15736 18.4117
1 0 1 1 1 0 1 1 0 1 1 1 0 0 1 1 0 1 1 1 15740 20.4685
0 0 0 0 0 1 1 0 1 0 1 1 1 0 1 0 0 1 0 0 15747 17.5760
0 0 1 0 1 0 1 0 0 1 1 1 0 1 1 0 0 0 0 0 15751 17.2351
1 1 1 1 0 1 1 1 1 1 0 1 1 1 0 1 1 0 1 1 15755 21.1057
0 0 1 1 1 1 1 0 0 1 1 1 0 1 1 0 0 1 0 0 15760 17.9724
1 1 0 1 0 0 1 0 1 1 0 1 0 1 0 1 1 1 1 1 15764 17.8261
0 1 0 0 1 0 1 0 0 1 0 1 1 1 0 0 1 1 0 0 15770 17.7828
0 1 1 1 1 1 1 0 0 1 0 1 1 1 0 0 1 1 0 0 15780 18.2803
1 0 1 0 1 0 1 1 0 1 0 1 0 0 1 1 0 0 1 1 15790 17.9089
0 0 1 0 0 1 1 0 1 0 0 1 1 0 1 0 0 1 0 0 15799 17.3490
0 1 1 0 1 1 1 1 0 1 0 1 1 1 0 0 1 0 0 0 15809 18.6159
0 0 0 0 1 0 1 0 0 1 0 1 0 1 0 0 0 1 0 0 15817 17.4798
1 1 1 0 1 1 1 0 0 1 0 1 0 0 0 1 1 0 1 1 15821 18.4170
0 1 1 1 0 0 1 0 1 0 0 1 1 0 0 0 1 1 0 0 15826 18.6143
0 1 0 1 1 1 1 0 0 1 0 1 0 1 0 0 1 1 0 0 15832 18.2492
1 1 0 1 0 0 1 0 1 0 0 1 1 1 0 1 1 0 1 1 15836 18.5793
1 1 1 0 1 1 1 1 0 1 0 1 0 0 0 1 1 1 1 1 15840 20.1953
1 1 1 1 1 1 1 0 1 1 1 1 0 0 1 1 0 0 1 0 15841 18.1421
1 1 0 0 0 1 1 0 1 1 1 1 0 1 1 1 0 1 1 0 15842 18.8594
1 1 0 1 0 0 1 1 1 1 1 1 1 1 1 1 0 1 1 0 15843 18.7085
0 0 0 1 0 0 1 1 1 1 1 1 1 0 1 0 1 1 0 1 15845 18.1976
1 1 1 1 1 0 1 0 1 1 1 1 0 0 1 1 0 0 1 0 15846 16.0149
1 1 1 1 0 0 1 0 1 1 1 1 1 1 1 1 0 1 1 0 15847 18.9736
0 0 0 1 1 0 1 0 1 1 1 1 1 1 1 0 1 0 0 1 15848 18.2677
0 0 1 0 1 1 1 0 1 1 1 1 1 1 1 0 1 1 0 1 15849 19.1186
0 0 1 0 0 0 1 0 1 1 1 1 0 0 1 0 0 1 0 1 15851 16.3315
1 1 0 0 0 1 1 1 1 1 1 1 0 1 1 1 1 0 1 0 15852 17.9769
0 0 1 0 0 0 1 1 1 1 1 1 1 0 1 0 0 1 0 1 15854 18.3470
1 1 0 0 0 1 1 0 1 1 1 1 1 1 1 1 1 1 1 0 15855 19.5407
0 0 1 1 0 1 1 1 1 1 1 1 1 0 1 0 0 0 0 1 15857 18.8350
1 1 1 0 1 1 1 1 1 1 1 1 1 0 1 1 0 1 1 0 15857 19.9278
1 1 0 0 0 1 1 1 1 1 1 1 1 1 1 1 1 0 1 0 15858 18.4674
1 1 1 1 1 0 1 1 1 1 1 1 1 0 1 1 1 1 1 0 15859 19.5523
1 1 0 0 0 0 1 0 1 1 1 1 0 1 1 1 0 1 1 0 15861 18.0350
0 0 0 0 0 0 1 1 1 1 1 1 0 0 1 0 0 1 0 1 15863 16.9110
1 1 1 1 1 0 1 1 1 1 1 1 0 0 1 1 1 0 1 0 15863 17.0423
1 1 1 1 0 0 1 1 1 1 1 1 0 1 1 1 1 1 1 0 15864 18.5669
1 1 0 0 0 1 1 0 1 0 1 1 0 1 1 1 0 1 1 0 15866 18.7117
1 1 1 0 0 1 1 0 1 0 1 1 0 1 1 1 1 1 1 0 15871 18.8175
1 1 1 1 0 0 1 0 1 0 1 1 0 1 1 1 0 1 1 0 15876 17.7026
1 1 0 0 1 1 1 1 0 1 1 1 1 0 1 1 1 1 1 0 15881 19.5894
0 0 1 1 0 0 1 1 1 1 0 1 0 0 1 0 1 0 0 1 15887 15.8276
0 0 1 1 0 0 1 0 1 1 0 1 1 0 1 0 1 1 0 1 15890 17.0654
0 0 0 0 1 1 1 0 1 1 0 1 0 1 1 0 1 1 0 1 15895 18.5490
1 1 1 0 1 1 1 0 0 1 1 1 1 0 1 1 0 0 1 0 15899 18.2433
1 1 1 0 0 0 1 1 1 0 1 1 0 1 1 1 0 0 1 0 15905 16.8617
0 0 1 0 1 0 1 1 1 1 0 1 1 1 1 0 1 1 0 1 15910 19.0391
1 1 0 1 0 1 1 0 1 0 1 1 1 1 1 1 1 0 1 0 15914 18.9181
1 1 0 1 1 0 1 1 0 1 1 1 0 0 1 1 1 1 1 0 15918 19.4403
0 0 1 1 0 1 1 1 1 1 0 1 1 0 0 0 0 0 0 1 15923 18.2269
0 0 1 0 0 0 1 1 1 1 0 1 1 0 0 0 0 1 0 1 15928 17.7051
0 0 0 1 1 0 1 0 1 1 0 1 0 1 0 0 0 1 0 1 15932 17.2604
1 1 0 0 1 0 1 0 0 1 1 1 0 0 1 1 0 0 1 0 15937 18.2519
1 1 0 0 0 1 1 1 1 0 1 1 1 1 1 1 0 0 1 0 15942 17.4312
1 1 0 1 0 0 1 0 1 0 1 1 1 1 1 1 0 1 1 0 15946 18.2021
1 1 0 0 1 1 1 0 0 1 1 1 0 0 1 1 0 0 1 0 15951 18.4432
1 1 1 0 1 0 1 1 0 1 1 1 0 0 1 1 0 1 1 0 15955 19.6166
0 1 1 1 0 1 1 0 1 1 1 1 0 0 1 0 0 0 0 1 15961 17.1155
1 0 0 1 1 1 1 0 1 1 1 1 0 0 1 1 0 1 1 0 15961 19.2035
1 0 1 1 0 1 1 0 1 1 1 1 0 1 1 1 1 0 1 0 15962 18.0917
1 0 1 0 0 1 1 0 1 1 1 1 1 1 1 1 1 0 1 0 15963 19.4670
0 1 1 0 1 0 1 0 1 1 1 1 0 1 1 0 0 0 0 1 15965 17.7627
1 0 0 0 1 1 1 1 1 1 1 1 0 0 1 1 1 1 1 0 15966 18.7951
1 0 0 0 0 0 1 0 1 1 1 1 1 1 1 1 1 0 1 0 15967 18.1103
0 1 1 1 1 0 1 0 1 1 1 1 1 1 1 0 1 1 0 1 15968 18.2909
1 0 0 1 0 1 1 1 1 1 1 1 0 1 1 1 0 0 1 0 15969 18.0921
0 1 0 1 0 1 1 1 1 1 1 1 0 0 1 0 1 0 0 1 15971 17.9972
1 0 1 1 0 1 1 0 1 1 1 1 1 1 1 1 0 1 1 0 15972 19.7239
0 1 0 1 0 1 1 0 1 1 1 1 1 0 1 0 1 0 0 1 15974 17.5998
1 0 1 1 1 1 1 1 1 1 1 1 0 0 1 1 0 0 1 0 15975 18.0800
0 1 1 0 0 1 1 1 1 1 1 1 1 0 1 0 0 1 0 1 15977 18.8608
1 0 0 1 1 1 1 1 1 1 1 1 1 0 1 1 1 0 1 0 15977 18.9561
1 0 0 1 0 1 1 1 1 1 1 1 1 1 1 1 1 1 1 0 15978 19.9589
0 1 0 1 0 0 1 0 1 1 1 1 0 0 1 0 0 0 0 1 15980 16.0603
1 0 1 1 0 1 1 1 1 1 1 1 0 1 1 1 1 0 1 0 15981 18.0309
0 1 1 1 0 0 1 1 1 1 1 1 0 0 1 0 1 0 0 1 15983 16.8844
1 0 1 0 1 0 1 1 1 1 1 1 0 0 1 1 1 1 1 0 15983 18.7105
1 0 0 0 0 1 1 1 1 1 1 1 1 1 1 1 0 0 1 0 15984 18.4194
1 0 1 1 0 0 1 0 1 1 0 1 1 1 1 1 1 0 1 0 15986 17.1344
1 0 0 0 1 1 1 0 1 1 0 1 0 0 1 1 1 0 1 0 15991 17.1210
1 0 0 0 1 0 1 1 1 1 0 1 1 0 1 1 1 0 1 0 15996 17.0102
0 1 1 1 0 0 1 1 1 0 1 1 0 0 1 0 0 1 0 1 16002 19.4899
0 1 1 0 0 0 1 1 1 0 1 1 0 0 1 0 1 1 0 1 16007 18.7617
0 1 0 0 1 0 1 0 0 1 1 1 1 1 1 0 0 0 0 1 16010 16.1455
0 1 1 0 1 0 1 0 0 1 1 1 1 1 1 0 1 0 0 1 16015 17.3154
0 1 1 1 0 0 1 0 1 0 1 1 0 0 1 0 0 0 0 1 16020 17.7584
1 0 0 1 0 1 1 1 1 1 0 1 1 1 1 1 1 1 1 0 16025 19.0378
1 0 1 0 0 0 1 1 1 1 0 1 1 1 1 1 1 1 1 0 16030 18.6557
1 0 1 0 1 0 1 0 1 1 0 1 1 0 0 1 0 1 1 0 16034 18.2381
0 1 1 0 0 1 1 0 1 0 1 1 1 0 1 0 1 0 0 1 16039 18.3437
0 1 0 0 1 1 1 1 0 1 1 1 0 1 1 0 1 1 0 1 16043 18.4981
0 1 0 1 1 1 1 0 0 1 1 1 0 1 1 0 1 0 0 1 16048 17.9999
0 1 1 1 1 0 1 1 0 1 1 1 0 1 1 0 1 1 0 1 16052 19.0745
0 1 0 1 0 1 1 0 1 0 1 1 1 0 1 0 0 0 0 1 16058 17.5631
1 0 1 1 0 1 1 0 1 1 0 1 1 1 0 1 1 1 1 0 16062 18.0725
1 0 0 0 1 1 1 1 1 1 0 1 0 0 0 1 1 1 1 0 16066 18.8093
1 0 1 1 1 0 1 1 1 1 0 1 1 0 0 1 1 1 1 0 16071 18.5379
0 1 1 0 0 1 1 1 1 0 1 1 1 0 1 0 0 0 0 1 16076 17.5177
0 1 1 0 0 0 1 0 1 1 0 1 1 0 1 0 1 0 0 1 16081 16.4291
1 0 0 1 0 1 1 1 1 0 1 1 0 1 1 1 1 1 1 0 16085 19.2596
1 0 1 0 1 1 1 0 0 1 1 1 1 0 1 1 1 1 1 0 16089 19.6609
0 1 1 0 0 0 1 1 1 1 0 1 1 0 1 0 0 0 0 1 16096 17.2184
0 1 0 1 1 1 1 0 1 1 0 1 1 1 1 0 0 0 0 1 16100 17.6590
1 0 0 1 1 1 1 1 0 1 1 1 1 0 1 1 0 1 1 0 16104 18.8940
1 1 1 1 1 1 1 0 1 1 0 1 1 0 1 1 1 0 1 0 16108 18.7308
0 0 1 0 0 0 1 0 1 0 1 1 0 0 1 0 1 1 0 1 16113 17.0722
0 0 0 0 1 1 1 0 0 1 1 1 1 1 1 0 1 1 0 1 16119 17.5527
1 1 0 0 0 1 1 0 1 1 0 1 1 1 1 1 0 0 1 0 16123 17.5930
0 0 1 1 1 1 1 1 0 1 1 1 1 1 1 0 1 1 0 1 16128 19.8445
0 1 0 0 0 1 1 1 1 0 0 1 0 0 1 0 0 0 0 1 16132 17.8241
1 1 0 1 0 1 1 0 1 0 0 1 0 1 1 1 1 0 1 0 16136 17.1786
1 1 0 1 0 0 1 0 1 0 0 1 0 1 1 1 1 0 1 0 16142 16.8874
1 1 0 0 1 1 1 1 0 1 0 1 1 0 1 1 1 0 1 0 16146 17.5710
0 1 0 1 0 0 1 1 1 0 0 1 0 0 1 0 0 0 0 1 16152 17.4414
0 0 1 1 1 0 1 0 0 1 0 1 1 1 0 0 0 1 0 1 16159 16.7664
1 1 0 1 0 0 1 1 1 0 0 1 1 1 1 1 1 0 1 0 16169 17.0305
1 0 1 1 1 0 1 0 0 1 0 1 1 0 0 1 1 1 1 0 16177 17.7106
0 0 1 0 1 1 1 0 0 1 0 1 1 1 0 0 1 1 0 1 16187 17.8543
1 1 1 1 1 0 1 1 0 1 0 1 0 0 1 1 0 0 1 0 16197 17.0140
1 0 0 0 1 0 1 0 0 1 1 1 1 0 1 1 0 0 1 0 16202 17.7659
1 0 1 0 1 0 1 0 0 1 1 1 1 0 1 1 1 0 1 0 16207 18.1695
0 1 0 0 0 1 1 0 1 1 0 1 1 0 1 0 1 1 0 1 16213 17.9645
0 1 0 0 0 1 1 1 1 1 0 1 1 0 1 0 1 1 0 1 16218 17.9961
0 1 1 1 1 0 1 1 1 1 0 1 0 1 1 0 1 1 0 1 16223 18.1390
0 0 0 1 1 0 1 0 0 1 1 1 1 1 1 0 1 0 0 1 16226 17.5144
1 1 0 0 0 1 1 0 1 1 0 1 0 1 1 1 1 1 1 0 16231 18.2258
0 0 1 1 1 1 1 0 0 1 1 1 1 1 1 0 0 0 0 1 16236 17.0048
1 1 0 1 1 0 1 1 1 1 0 1 0 0 1 1 1 1 1 0 16241 17.2284
1 1 1 0 1 0 1 1 1 1 0 1 1 0 1 1 1 1 1 0 16246 18.6542
0 1 0 0 0 1 1 0 1 0 0 1 0 0 1 0 0 1 0 1 16250 18.1227
0 1 1 0 0 1 1 0 1 0 0 1 0 0 1 0 1 1 0 1 16255 17.8243
1 1 0 1 0 1 1 1 1 0 0 1 0 1 1 1 1 1 1 0 16259 18.1974
0 1 0 0 1 1 1 1 0 1 0 1 1 1 1 0 1 1 0 1 16265 17.8691
0 1 0 1 0 0 1 0 1 0 0 1 0 0 1 0 0 1 0 1 16270 18.0006
0 0 0 0 1 0 1 0 0 1 0 1 1 1 0 0 0 0 0 1 16274 16.9742
0 0 1 1 1 1 1 0 0 1 0 1 1 1 0 0 0 0 0 1 16284 16.6450
1 1 1 0 1 0 1 1 0 1 0 1 0 0 1 1 1 1 1 0 16294 19.0375
0 1 1 0 0 1 1 0 1 0 0 1 1 0 1 0 0 1 0 1 16303 17.5589
0 0 1 0 1 1 1 1 0 1 0 1 1 1 0 0 1 0 0 1 16313 18.7097
1 0 0 0 0 1 1 0 1 0 1 1 1 1 1 1 1 0 1 0 16321 18.7166
0 1 1 1 1 1 1 0 1 1 0 1 1 1 0 0 0 1 0 1 16326 17.9883
1 0 1 1 0 0 1 0 1 0 1 1 1 1 1 1 1 0 1 0 16330 18.3213
1 0 1 0 0 0 1 0 1 0 1 1 1 1 1 1 1 1 1 0 16335 19.0298
1 0 1 1 1 0 1 1 0 1 1 1 0 0 1 1 1 0 1 0 16339 18.1396
1 0 1 1 1 1 1 1 0 1 1 1 0 0 1 1 1 0 1 0 16344 18.5497
0 0 0 0 0 1 1 1 1 0 1 1 1 0 1 0 1 0 0 1 16350 18.0669
0 0 0 1 0 0 1 0 1 0 1 1 1 0 1 0 1 1 0 1 16354 18.4134
0 0 0 0 1 1 1 0 0 1 1 1 0 1 1 0 1 0 0 1 16359 18.1589
0 0 1 0 1 0 1 1 0 1 1 1 0 1 1 0 1 1 0 1 16363 18.4293
0 0 1 1 0 0 1 1 1 0 1 1 1 0 1 0 1 0 0 1 16368 19.4211
0 1 1 0 1 0 1 0 0 1 0 1 1 1 0 0 0 1 0 1 16376 17.2784
1 0 0 0 0 0 1 1 1 0 0 1 1 1 1 1 1 0 1 0 16386 17.0720
1 1 1 0 1 0 1 0 0 1 0 1 1 0 0 1 0 0 1 0 16394 17.3850
0 1 1 1 1 0 1 1 0 1 0 1 1 1 0 0 0 0 0 1 16405 17.3189
0 1 0 0 1 1 1 1 0 1 0 1 1 1 0 0 0 0 0 1 16415 17.2691
1 0 1 0 0 0 1 0 1 0 0 1 1 1 0 1 1 1 1 0 16419 18.4123
0 0 1 1 1 0 1 0 0 1 0 1 0 1 0 0 1 1 0 1 16424 17.1609
0 0 1 0 0 1 1 1 1 0 0 1 1 0 0 0 1 0 0 1 16430 18.4210
1 0 0 0 0 0 1 1 1 0 0 1 1 1 0 1 1 1 1 0 16434 18.9321
1 1 1 1 1 1 1 1 0 1 0 1 0 0 0 1 0 1 1 0 16439 18.9786
1 0 0 1 1 0 1 0 0 1 1 1 0 0 1 1 0 1 1 0 16444 19.2012
0 1 0 1 0 1 1 1 1 1 0 1 0 0 0 0 1 1 0 1 16449 17.7616
0 1 0 1 1 0 1 0 1 1 0 1 1 1 0 0 1 0 0 1 16453 18.4423
1 0 0 0 0 0 1 1 1 0 1 1 1 1 1 1 0 0 1 0 16457 17.3244
1 0 1 0 1 1 1 1 0 1 1 1 0 0 1 1 0 1 1 0 16461 20.1572
0 0 0 1 0 1 1 0 1 0 1 1 1 0 1 0 0 1 0 1 16468 17.8369
0 0 1 1 1 0 1 0 0 1 1 1 0 1 1 0 0 0 0 1 16472 16.0476
1 1 1 0 0 1 1 1 1 1 0 1 1 1 0 1 1 0 1 0 16476 19.6596
1 1 1 0 1 0 1 1 1 1 0 1 1 0 0 1 1 1 1 0 16480 18.6753
0 0 1 0 0 0 1 1 1 0 1 1 1 0 1 0 0 1 0 1 16485 18.9030
1 0 1 0 1 1 1 0 0 1 0 1 0 0 1 1 0 0 1 0 16491 17.6219
0 1 1 0 1 0 1 1 0 1 0 1 1 1 0 0 1 1 0 1 16502 17.8871
1 1 0 1 1 1 1 1 0 1 0 1 1 0 0 1 1 1 1 0 16511 19.1361
0 0 1 1 0 1 1 0 1 0 0 1 1 0 1 0 0 1 0 1 16520 17.7727
0 1 1 1 1 1 1 1 0 1 0 1 1 1 0 0 1 0 0 1 16530 18.3986
1 0 1 0 1 0 1 0 0 1 0 1 0 0 0 1 0 1 1 0 16537 17.9154
1 1 1 1 1 1 1 0 0 1 0 1 0 0 0 1 1 0 1 0 16542 18.3286
0 1 1 0 0 0 1 0 1 0 0 1 1 0 0 0 1 0 0 1 16547 18.3360
0 1 0 0 0 0 1 1 1 0 0 1 1 0 0 0 1 1 0 1 16553 18.6055
1 1 1 1 0 1 1 1 1 0 0 1 1 1 0 1 1 1 1 0 16557 19.4016
0 1 0 1 0 1 1 0 1 1 1 1 0 0 1 1 0 1 0 0 16561 17.6157
0 0 1 0 1 0 1 0 1 1 1 1 1 1 1 1 1 0 0 1 16561 18.5205
1 0 0 0 1 1 1 0 1 1 1 1 0 1 1 1 1 1 1 1 16561 20.4608
0 1 1 1 0 0 1 0 1 1 1 1 1 0 1 1 1 0 0 0 16562 17.1062
1 1 0 1 0 1 1 0 1 1 1 1 0 0 1 1 1 1 1 0 16562 18.0837
0 0 0 1 0 1 1 1 1 1 1 1 0 0 1 1 0 1 0 1 16563 18.6318
1 1 0 1 1 1 1 1 1 1 1 1 0 1 1 1 0 1 1 0 16563 19.7259
1 0 1 1 0 0 1 0 1 1 1 1 0 0 1 1 1 0 1 1 16564 16.3472
0 1 0 1 1 1 1 1 1 1 1 1 0 1 1 1 1 1 0 0 16565 18.6996
0 0 1 1 0 1 1 0 1 1 1 1 1 0 1 1 0 0 0 1 16566 18.1504
1 1 1 1 1 1 1 0 1 1 1 1 1 1 1 1 0 0 1 0 16566 19.5750
0 1 0 0 1 1 1 0 1 1 1 1 0 1 1 1 1 0 0 0 16567 18.3977
1 1 1 0 0 0 1 0 1 1 1 1 1 0 1 1 1 1 1 0 16567 17.8126
0 0 0 0 0 0 1 0 1 1 1 1 1 0 1 1 0 0 0 1 16568 17.4681
1 0 1 0 0 1 1 0 1 1 1 1 0 0 1 1 0 1 1 1 16568 18.2189
1 1 0 0 1 0 1 0 1 1 1 1 1 1 1 1 0 0 1 0 16568 18.9455
1 1 1 0 0 0 1 0 1 1 1 1 0 0 1 1 1 1 1 0 16569 16.8584
0 0 0 0 1 0 1 1 1 1 1 1 1 1 1 1 0 0 0 1 16570 17.8319
0 1 1 0 0 1 1 0 1 1 1 1 1 0 1 1 0 1 0 0 16571 17.8533
1 0 0 1 1 0 1 1 1 1 1 1 1 1 1 1 1 0 1 1 16571 20.3055
1 1 0 0 0 0 1 1 1 1 1 1 1 0 1 1 1 0 1 0 16572 17.0143
1 0 1 1 0 1 1 1 1 1 1 1 0 0 1 1 0 1 1 1 16573 19.7281
0 1 1 0 1 1 1 1 1 1 1 1 0 1 1 1 0 1 0 0 16574 19.2972
0 0 0 0 0 0 1 0 1 1 1 1 0 0 1 1 1 1 0 1 16575 16.6260
1 1 0 0 1 0 1 0 1 1 1 1 0 1 1 1 1 1 1 0 16575 19.5983
1 0 1 0 0 0 1 1 1 1 1 1 1 0 1 1 0 0 1 1 16576 17.6226
0 0 0 0 0 1 1 1 1 1 1 1 1 0 1 1 1 1 0 1 16577 18.4602
1 1 0 1 0 0 1 1 1 1 1 1 0 0 1 1 1 0 1 0 16577 16.0927
1 1 0 0 1 1 1 1 1 1 1 1 1 1 1 1 1 1 1 0 16577 21.0905
0 0 1 0 1 1 1 1 1 1 1 1 1 1 1 1 0 0 0 1 16578 18.4668
1 0 1 1 1 0 1 1 1 1 1 1 0 1 1 1 0 1 1 1 16578 20.4016
0 0 1 1 1 1 1 1 1 1 1 1 0 1 1 1 1 1 0 1 16579 20.3676
0 1 1 0 0 1 1 1 1 1 1 1 0 0 1 1 1 1 0 0 16580 18.1383
1 0 0 1 1 1 1 0 1 1 1 1 1 1 1 1 0 0 1 1 16580 19.1144
1 1 0 0 0 1 1 0 1 1 1 1 1 0 1 1 0 1 1 0 16581 18.4727
0 0 1 0 1 0 1 1 1 1 1 1 1 1 1 1 1 0 0 1 16582 18.6376
0 1 1 0 0 0 1 1 1 1 1 1 0 0 1 1 1 1 0 0 16583 17.3228
1 0 0 1 0 0 1 1 1 1 1 1 0 0 1 1 0 0 1 1 16583 17.2487
1 0 0 0 1 1 1 1 1 1 1 1 1 1 1 1 0 1 1 1 16583 19.9678
0 1 0 0 1 0 1 1 1 1 1 1 0 1 1 1 0 0 0 0 16584 17.8259
1 1 0 1 0 1 1 1 1 1 1 1 1 0 1 1 0 1 1 0 16584 18.8402
0 1 0 1 1 0 1 0 0 1 1 1 1 1 1 1 0 1 0 0 16585 17.5181
1 1 0 1 1 0 1 0 0 1 1 1 1 1 1 1 1 1 1 0 16586 20.2599
1 1 0 1 1 0 1 1 0 1 1 1 1 1 1 1 1 1 1 0 16589 20.1673
1 0 0 0 1 0 1 0 1 1 0 1 1 1 1 1 1 0 1 1 16591 19.2657
0 1 1 1 0 0 0 0 1 0 1 1 0 0 1 0 1 1 0 0 16594 16.7733
0 0 0 0 0 1 1 0 1 1 0 1 1 0 1 1 1 0 0 1 16597 17.7688
0 1 0 1 1 1 1 0 0 1 1 1 1 1 1 1 1 1 0 0 16600 17.8932
0 0 0 0 0 1 1 1 1 1 0 1 1 0 1 1 1 0 0 1 16602 17.5413
1 1 1 0 0 1 0 1 1 0 1 1 0 0 1 0 1 1 1 0 16604 18.3072
0 1 1 0 1 1 1 1 0 1 1 1 1 1 1 1 1 1 0 0 16607 19.3929
1 0 1 0 1 0 1 1 1 1 0 1 0 1 1 1 1 0 1 1 16608 18.2362
0 0 1 1 1 0 1 0 1 1 0 1 1 1 1 1 1 1 0 1 16610 18.5940
0 1 0 1 0 1 0 1 1 0 1 1 0 0 1 0 1 0 0 0 16613 17.4034
1 0 0 0 0 1 1 0 1 1 0 1 0 0 1 1 1 1 1 1 16615 18.2069
0 1 1 0 1 1 1 0 0 1 1 1 1 1 1 1 1 0 0 0 16617 16.3680
0 0 0 0 1 0 1 1 1 1 0 1 1 1 1 1 1 1 0 1 16620 18.6038
1 1 0 0 0 0 0 0 1 0 1 1 0 0 1 0 1 0 1 0 16623 16.7211
1 1 0 0 1 1 1 1 0 1 1 1 1 1 1 1 1 0 1 0 16625 19.1934
1 1 1 1 1 0 1 1 0 1 1 1 1 1 1 1 1 0 1 0 16627 19.1105
1 0 1 0 1 0 1 1 1 1 0 1 1 1 1 1 1 1 1 1 16630 20.7613
1 1 0 1 0 0 0 1 1 0 1 1 0 0 1 0 0 0 1 0 16632 17.6608
0 1 0 0 0 1 1 0 1 0 1 1 1 0 1 1 1 1 0 0 16635 18.5066
1 1 0 1 0 1 1 1 1 0 1 1 1 0 1 1 1 0 1 0 16637 18.3219
0 0 0 1 1 0 1 0 1 1 0 1 1 1 0 1 0 1 0 1 16639 17.7914
1 1 1 0 1 1 1 0 0 1 1 1 0 1 1 1 1 0 1 0 16641 19.6475
1 1 0 0 0 0 1 1 1 0 1 1 1 0 1 1 1 1 1 0 16643 18.4914
1 1 1 1 1 0 1 0 0 1 1 1 0 1 1 1 1 1 1 0 16646 19.8588
0 0 1 0 1 0 1 1 1 1 0 1 1 1 0 1 0 1 0 1 16648 19.0882
0 0 0 0 0 0 1 0 1 1 0 1 0 0 0 1 0 1 0 1 16651 16.0116
1 0 0 1 0 1 1 0 1 1 0 1 1 0 0 1 0 1 1 1 16652 18.1832
0 1 1 0 1 1 1 1 0 1 1 1 0 1 1 1 1 0 0 0 16655 18.0724
0 0 1 0 1 0 1 0 1 1 0 1 1 1 0 1 1 1 0 1 16658 17.9709
0 1 0 1 1 0 1 1 0 1 1 1 0 1 1 1 0 0 0 0 16661 17.3451
1 1 0 1 1 0 1 1 0 1 1 1 0 1 1 1 0 1 1 0 16662 19.5832
0 0 0 1 1 1 1 1 1 1 0 1 0 1 0 1 1 1 0 1 16665 19.2323
1 0 0 0 1 0 1 1 1 1 0 1 1 1 0 1 1 1 1 1 16666 20.4259
0 1 1 1 0 1 0 0 1 0 1 1 1 0 1 0 0 1 0 0 16670 16.9174
0 1 0 1 0 0 1 0 1 0 1 1 1 0 1 1 0 0 0 0 16672 17.6127
0 1 0 1 1 1 1 1 0 1 1 1 0 1 1 1 0 0 0 0 16674 18.0849
0 0 0 1 0 1 1 0 1 1 0 1 1 0 0 1 1 1 0 1 16676 17.5912
1 1 1 1 0 0 0 1 1 0 1 1 1 0 1 0 0 1 1 0 16678 17.7965
0 0 0 0 0 1 1 0 1 1 1 1 0 0 1 1 1 1 0 0 16681 17.4060
0 1 1 0 1 0 1 0 1 1 1 1 1 1 1 1 1 0 0 1 16681 19.2429
1 1 0 0 1 1 1 0 1 1 1 1 0 1 1 1 1 1 1 1 16681 21.3867
0 0 1 0 1 1 1 0 1 1 1 1 0 1 1 1 0 0 0 0 16682 18.2561
1 0 0 0 0 0 1 0 1 1 1 1 1 0 1 1 0 1 1 0 16682 18.1177
0 0 1 0 0 0 1 0 1 1 1 1 0 0 1 1 1 0 0 0 16683 16.1714
1 1 1 0 1 0 1 0 1 1 1 1 0 1 1 1 1 0 1 1 16683 19.6463
1 0 0 0 0 0 1 1 1 1 1 1 1 0 1 1 0 1 1 0 16684 17.8422
0 1 1 0 1 1 1 0 1 1 1 1 1 1 1 1 0 0 0 1 16685 19.0370
0 0 0 0 0 0 1 1 1 1 1 1 1 0 1 1 1 1 0 0 16686 17.3360
1 1 0 0 1 0 1 1 1 1 1 1 1 1 1 1 1 1 1 1 16686 21.4929
0 0 0 1 1 0 1 0 1 1 1 1 1 1 1 1 0 0 0 0 16687 18.2202
1 0 1 1 1 1 1 0 1 1 1 1 0 1 1 1 0 1 1 0 16687 19.4442
0 1 0 0 0 0 1 0 1 1 1 1 1 0 1 1 0 0 0 1 16688 17.2342
1 1 1 0 0 1 1 0 1 1 1 1 0 0 1 1 0 1 1 1 16688 18.8307
1 0 0 1 1 0 1 0 1 1 1 1 1 1 1 1 1 0 1 0 16688 19.3252
1 1 0 1 0 0 1 1 1 1 1 1 1 0 1 1 0 0 1 1 16689 18.7165
0 0 1 1 1 1 1 0 1 1 1 1 1 1 1 1 1 1 0 0 16690 19.3779
0 1 0 1 0 0 1 1 1 1 1 1 1 0 1 1 1 0 0 1 16691 17.8493
0 0 1 1 0 0 1 0 1 1 1 1 0 0 1 1 0 1 0 0 16692 16.4597
1 1 1 1 1 0 1 0 1 1 1 1 0 1 1 1 0 1 1 1 16692 20.1088
1 0 0 0 0 0 1 0 1 1 1 1 0 0 1 1 1 0 1 0 16693 16.1833
0 1 0 1 1 0 1 0 1 1 1 1 0 1 1 1 1 0 0 1 16694 18.4763
0 0 1 1 0 0 1 1 1 1 1 1 1 0 1 1 0 0 0 0 16695 17.1922
1 1 1 1 1 0 1 1 1 1 1 1 1 1 1 1 0 0 1 1 16695 20.5443
1 0 0 1 0 1 1 0 1 1 1 1 1 0 1 1 1 1 1 0 16696 18.9682
0 1 0 0 0 1 1 1 1 1 1 1 1 0 1 1 1 1 0 1 16697 19.1489
1 0 1 1 0 1 1 1 1 1 1 1 1 0 1 1 0 0 1 0 16697 18.0071
0 0 1 1 0 0 1 1 1 1 1 1 0 0 1 1 0 1 0 0 16698 17.2215
0 1 1 0 1 1 1 1 1 1 1 1 1 1 1 1 0 0 0 1 16698 19.2053
1 1 1 1 1 0 1 1 1 1 1 1 0 1 1 1 0 1 1 1 16698 21.5375
0 0 0 0 1 1 1 0 1 1 1 1 1 1 1 1 0 0 0 0 16699 18.0575
0 1 0 1 0 1 1 0 1 1 1 1 1 0 1 1 0 0 0 1 16700 18.6210
1 0 1 0 1 0 1 1 1 1 1 1 1 1 1 1 1 1 1 0 16700 20.7812
1 1 1 1 0 0 1 1 1 1 1 1 1 0 1 1 1 0 1 1 16701 18.7092
1 0 0 1 0 0 1 0 1 1 1 1 0 0 1 1 0 1 1 0 16702 17.2484
0 0 0 0 0 1 1 1 1 1 1 1 1 0 1 1 0 1 0 0 16703 18.0081
1 1 0 1 0 0 1 1 1 1 1 1 0 0 1 1 0 0 1 1 16703 17.8117
1 1 0 0 1 1 1 1 1 1 1 1 1 1 1 1 0 1 1 1 16703 21.1683
0 0 1 0 1 0 1 1 1 1 1 1 0 1 1 1 1 0 0 0 16704 17.5921
1 0 1 1 0 1 1 1 1 1 1 1 1 0 1 1 1 1 1 0 16704 20.1977
0 0 1 0 1 1 1 0 1 1 0 1 0 1 1 1 1 0 0 0 16705 17.2696
1 0 1 1 1 0 1 0 1 1 0 1 1 1 1 1 1 0 1 0 16706 18.3165
0 1 0 0 0 1 0 1 1 0 1 1 0 0 1 0 1 1 0 1 16710 16.9677
0 0 0 1 0 1 1 0 1 1 0 1 0 0 1 1 1 0 0 0 16712 16.2645
0 1 1 1 1 1 1 0 0 1 1 1 1 1 1 1 1 1 0 1 16714 19.3926
0 0 0 0 1 1 1 0 1 1 0 1 1 1 1 1 1 0 0 0 16717 17.5386
1 1 0 1 0 0 0 0 1 0 1 1 0 0 1 0 1 1 1 1 16720 16.8355
0 1 0 1 1 1 1 1 0 1 1 1 1 1 1 1 1 1 0 1 16722 19.6244
1 1 1 0 1 0 1 1 0 1 1 1 1 1 1 1 1 1 1 1 16724 21.7768
0 0 1 1 1 1 1 1 1 1 0 1 1 1 1 1 1 0 0 0 16727 18.1179
0 1 0 1 0 1 0 0 1 0 1 1 0 0 1 0 0 0 0 1 16729 17.0151
1 0 1 1 0 1 1 0 1 1 0 1 0 0 1 1 1 1 1 0 16730 17.1823
0 1 0 1 1 0 1 1 0 1 1 1 1 1 1 1 1 0 0 1 16733 19.1654
1 0 0 0 0 0 1 0 1 1 0 1 1 0 1 1 1 1 1 0 16735 17.2902
1 1 1 0 0 0 0 0 1 0 1 1 0 0 1 0 1 0 1 1 16737 16.7704
1 0 0 0 0 0 1 1 1 1 0 1 1 0 1 1 1 1 1 0 16740 16.9980
1 1 0 0 1 1 1 0 0 1 1 1 1 1 1 1 1 0 1 1 16743 20.0479
1 0 0 1 1 1 1 1 1 1 0 1 1 1 1 1 1 1 1 0 16745 20.0756
0 1 1 0 0 1 0 1 1 0 1 1 0 0 1 0 1 0 0 1 16748 16.7084
0 0 1 1 0 0 1 1 1 1 0 1 0 0 1 1 1 1 0 0 16751 16.3062
1 1 1 1 0 0 1 1 1 0 1 1 0 0 1 1 1 0 1 1 16752 19.5358
0 0 1 1 1 0 1 0 1 1 0 1 1 1 0 1 0 0 0 0 16755 17.0880
1 1 0 1 1 0 1 1 0 1 1 1 0 1 1 1 1 0 1 1 16757 20.8613
1 1 1 0 0 1 1 0 1 0 1 1 1 0 1 1 1 0 1 1 16759 19.3176
1 0 0 1 1 1 1 1 1 1 0 1 0 1 0 1 0 1 1 0 16761 18.6216
1 0 1 1 1 1 1 1 1 1 0 1 1 1 0 1 0 0 1 0 16763 18.9119
0 0 1 1 0 1 1 1 1 1 0 1 0 0 0 1 0 1 0 0 16767 16.9146
1 0 1 0 0 0 1 1 1 1 0 1 1 0 0 1 0 1 1 0 16768 17.5579
0 1 1 1 0 1 1 1 1 0 1 1 1 0 1 1 1 0 0 1 16771 20.1385
1 1 1 1 0 1 1 1 1 0 1 1 1 0 1 1 1 1 1 1 16772 21.7480
1 0 0 1 0 1 1 1 1 1 0 1 1 0 0 1 0 1 1 0 16775 18.1840
1 0 1 0 0 0 1 0 1 1 0 1 1 0 0 1 1 1 1 0 16778 16.8582
0 0 1 0 1 0 1 0 1 1 0 1 0 1 0 1 1 1 0 0 16781 16.4377
1 0 1 1 1 1 1 0 1 1 0 1 1 1 0 1 1 1 1 0 16782 19.9255
1 0 0 1 0 1 1 1 1 1 0 1 0 0 0 1 1 1 1 0 16785 17.4577
0 0 1 1 0 1 1 1 1 1 0 1 1 0 0 1 1 0 0 0 16787 18.2278
0 1 1 1 1 0 1 0 0 1 1 1 0 1 1 1 0 1 0 1 16790 18.5379
0 0 1 0 0 0 1 1 1 1 0 1 1 0 0 1 1 1 0 0 16792 16.8604
1 1 0 1 0 0 0 1 1 0 1 1 1 0 1 0 0 0 1 1 16794 16.9760
0 1 1 1 1 0 1 1 0 1 1 1 0 1 1 1 0 1 0 1 16796 20.0055
1 1 1 1 1 1 1 1 0 1 1 1 0 1 1 1 0 1 1 1 16798 22.5844
0 1 1 0 1 0 1 0 1 1 0 1 1 1 1 1 1 0 0 1 16801 18.1958
0 0 0 1 0 1 1 1 1 0 1 1 0 0 1 1 0 1 0 0 16803 18.2444
0 1 1 1 0 1 1 0 1 1 0 1 1 0 1 1 0 0 0 1 16806 17.8765
0 1 0 1 0 1 1 0 1 1 0 1 0 0 1 1 1 0 0 1 16808 17.1659
0 1 0 0 1 0 1 1 1 1 0 1 1 1 1 1 0 0 0 1 16810 18.0645
1 0 1 1 0 1 1 1 1 0 1 1 0 0 1 1 0 1 1 0 16813 19.7130
1 1 1 0 0 0 1 1 1 1 0 1 1 0 1 1 0 0 1 1 16816 17.1369
0 1 0 0 1 0 1 1 1 1 0 1 0 1 1 1 1 0 0 1 16818 17.7296
1 1 0 1 1 1 1 0 1 1 0 1 1 1 1 1 0 0 1 1 16820 19.5929
1 0 0 0 0 0 1 1 1 0 1 1 0 0 1 1 0 1 1 0 16823 18.9317
0 0 0 0 0 1 0 0 1 0 1 1 0 0 1 0 1 1 0 1 16825 17.0643
1 1 1 1 0 1 1 0 1 1 0 1 0 0 1 1 1 0 1 0 16826 16.1438
0 1 1 0 1 1 1 0 1 1 0 1 1 1 1 1 0 0 0 0 16829 17.0548
1 0 1 1 1 0 1 0 0 1 1 1 1 1 1 1 0 1 1 1 16831 19.1431
1 1 0 1 0 0 1 1 1 1 0 1 1 0 1 1 0 0 1 0 16833 15.0538
1 0 1 1 1 1 1 0 0 1 1 1 1 1 1 1 0 1 1 1 16836 19.0108
1 1 1 1 1 0 1 1 1 1 0 1 1 1 1 1 0 0 1 0 16839 17.9195
0 0 1 1 0 0 1 1 1 0 1 1 0 0 1 1 0 1 0 1 16842 20.1725
0 1 0 1 0 1 1 0 1 1 0 1 1 0 1 1 0 0 0 0 16844 16.8573
0 1 1 1 0 0 1 1 1 1 0 1 0 0 1 1 1 0 0 0 16847 15.1408
1 1 1 0 0 1 1 1 1 1 0 1 1 0 1 1 1 0 1 0 16848 17.3117
0 0 1 0 1 0 1 0 0 1 0 1 1 1 1 1 0 1 0 0 16850 16.4641
1 1 1 1 0 0 1 0 1 0 0 1 0 0 1 1 1 0 1 0 16852 17.0017
0 0 1 0 1 0 1 0 0 1 0 1 1 1 1 1 1 1 0 1 16855 17.5726
1 1 1 1 1 0 1 0 0 1 0 1 1 1 1 1 1 0 1 1 16856 19.1723
0 1 1 1 0 0 1 0 1 0 0 1 0 0 1 1 0 0 0 1 16860 17.8368
0 1 0 0 0 0 1 0 1 0 0 1 0 0 1 1 1 0 0 1 16863 17.4706
1 0 0 1 0 0 1 1 1 0 0 1 0 0 1 1 1 1 1 0 16865 18.1074
0 1 1 1 1 0 1 1 0 1 0 1 1 1 1 1 1 0 0 1 16867 17.3214
1 1 0 1 0 0 1 0 1 0 0 1 0 0 1 1 0 0 1 1 16870 17.9967
0 1 0 1 1 1 1 1 0 1 0 1 1 1 1 1 0 0 0 1 16872 16.9864
1 1 1 1 1 0 1 0 0 1 0 1 0 1 1 1 1 0 1 0 16874 18.1684
1 0 1 1 1 0 1 0 0 1 0 1 1 1 0 1 0 1 1 1 16879 18.4799
0 1 0 0 0 0 1 0 1 0 0 1 1 0 1 1 1 0 0 0 16885 17.0633
0 1 0 1 0 0 1 1 1 0 0 1 1 0 1 1 1 0 0 1 16890 17.8567
0 1 1 1 1 1 1 1 0 1 0 1 0 1 1 1 1 0 0 0 16895 17.0789
0 0 1 0 1 0 1 0 0 1 0 1 1 1 0 1 1 1 0 0 16898 16.3355
1 0 1 1 0 1 1 0 1 0 0 1 0 0 0 1 1 1 1 1 16903 18.8013
0 0 1 1 1 1 1 0 0 1 0 1 1 1 0 1 1 1 0 1 16908 17.9913
1 1 0 1 1 1 1 1 0 1 0 1 0 1 1 1 0 0 1 0 16913 18.0569
1 0 0 1 1 1 1 0 0 1 0 1 1 1 0 1 1 1 1 1 16918 19.5647
1 0 0 1 0 1 1 0 1 0 1 1 0 0 1 1 0 0 1 0 16921 17.4241
0 1 1 0 0 1 1 0 1 1 0 1 1 0 1 1 1 1 0 1 16923 18.5996
0 0 0 0 1 0 1 1 0 1 1 1 1 1 1 1 1 0 0 0 16926 17.4639
0 1 0 1 0 0 1 0 1 1 0 1 1 0 1 1 1 1 0 1 16928 17.5628
1 0 1 1 0 0 0 0 1 0 1 1 0 0 1 0 1 0 1 0 16930 17.1964
1 1 0 0 0 1 1 0 1 1 0 1 1 0 1 1 1 1 1 1 16933 18.6916
1 0 0 1 1 1 1 0 0 1 1 1 1 1 1 1 1 0 1 0 16936 19.2783
0 1 0 0 1 1 1 1 1 1 0 1 1 1 1 1 1 1 0 1 16938 18.9400
0 0 0 0 0 0 1 0 1 0 1 1 0 0 1 1 0 0 0 0 16941 17.9464
1 0 1 0 0 0 0 1 1 0 1 1 0 0 1 0 1 0 1 0 16943 17.5774
0 1 1 0 0 1 1 0 1 1 0 1 0 0 1 1 1 1 0 0 16945 14.6515
1 1 1 1 0 0 1 0 1 1 0 1 1 0 1 1 1 1 1 0 16946 17.1654
1 0 0 1 0 1 0 1 1 0 1 1 0 0 1 0 1 0 1 1 16949 17.9562
1 0 1 0 1 0 1 0 0 1 1 1 1 1 1 1 1 0 1 1 16951 19.4428
1 0 1 0 1 1 1 0 0 1 1 1 1 1 1 1 1 0 1 1 16953 19.9486
1 1 0 0 1 0 1 1 1 1 0 1 1 1 1 1 1 1 1 0 16956 19.5295
0 0 0 1 0 0 0 0 1 0 1 1 0 0 1 0 1 0 0 1 16960 17.0106
0 0 0 1 0 0 0 1 1 0 1 1 0 0 1 0 1 0 0 1 16962 18.1376
0 0 1 0 1 0 1 1 0 1 1 1 1 1 1 1 1 0 0 1 16964 17.7538
0 1 1 1 0 1 1 1 1 1 0 1 1 0 1 1 1 1 0 0 16967 18.4979
1 0 0 1 1 1 1 1 0 1 1 1 1 1 1 1 0 0 1 1 16968 19.0558
0 1 1 0 1 0 1 0 0 1 0 1 1 1 1 1 0 1 0 0 16970 16.4249
1 1 0 0 1 0 1 1 0 1 0 1 1 1 1 1 0 1 1 1 16972 19.1306
0 1 1 0 1 0 1 0 0 1 0 1 1 1 1 1 1 1 0 1 16975 17.5397
0 1 0 1 0 1 1 1 1 0 0 1 0 0 1 1 0 1 0 0 16977 17.1139
0 1 0 0 0 1 1 1 1 0 0 1 0 0 1 1 1 1 0 0 16980 16.8793
0 1 1 1 1 0 1 1 0 1 0 1 1 1 1 1 0 1 0 0 16983 17.2797
1 1 0 1 0 0 1 1 1 0 0 1 0 0 1 1 1 1 1 0 16985 17.9662
1 1 0 0 0 0 1 0 1 0 0 1 0 0 1 1 0 1 1 0 16987 17.9192
1 1 1 0 0 1 1 1 1 0 0 1 0 0 1 1 1 1 1 0 16990 18.6545
0 0 1 1 1 1 1 1 0 1 0 1 1 1 1 1 1 0 0 1 16992 18.1847
1 0 1 0 1 0 1 0 0 1 0 1 1 1 0 1 0 0 1 0 16994 17.6799
0 0 1 0 0 1 1 0 1 0 0 1 0 0 0 1 0 0 0 1 17000 17.9444
0 0 1 1 1 0 1 1 0 1 0 1 1 1 0 1 0 0 0 1 17005 18.0690
0 1 0 1 1 1 1 1 0 1 0 1 0 1 1 1 1 1 0 1 17010 18.4847
0 0 0 1 1 1 1 1 0 1 0 1 1 1 0 1 0 0 0 0 17015 16.8399
1 0 1 0 0 1 1 0 1 0 0 1 0 0 0 1 1 0 1 0 17018 17.7934
1 1 1 0 0 1 1 0 1 0 0 1 1 0 1 1 0 1 1 1 17023 18.3970
1 1 0 0 0 1 1 1 1 0 0 1 1 0 1 1 0 1 1 0 17028 16.9045
1 0 1 1 1 1 1 1 0 1 0 1 1 1 0 1 1 0 1 0 17033 19.8156
0 0 0 1 0 0 1 1 1 0 0 1 0 0 0 1 1 0 0 0 17039 17.6863
0 0 0 1 0 1 1 0 1 0 1 1 1 0 1 1 1 0 0 0 17042 18.5038
0 0 0 1 0 1 1 1 1 0 1 1 1 0 1 1 1 0 0 0 17045 18.2662
1 0 0 1 0 1 1 1 1 0 1 1 1 0 1 1 1 1 1 0 17046 19.0554
0 0 1 0 1 1 1 0 0 1 1 1 0 1 1 1 1 0 0 0 17049 17.9492
1 0 0 1 1 1 1 0 0 1 1 1 0 1 1 1 1 1 1 0 17050 20.8393
1 0 1 0 1 0 1 0 0 1 1 1 0 1 1 1 1 1 1 0 17053 19.7054
1 1 1 1 1 0 1 1 1 1 0 1 1 1 0 1 0 1 1 1 17055 20.6014
0 1 1 0 0 1 1 1 1 1 0 1 1 0 0 1 0 1 0 1 17058 18.6207
0 1 0 1 0 1 1 0 1 1 0 1 1 0 0 1 0 1 0 1 17060 17.8022
0 0 1 1 1 1 1 1 0 1 1 1 0 1 1 1 1 1 0 0 17062 19.0228
0 1 1 1 1 0 1 0 1 1 0 1 1 1 0 1 0 1 0 0 17065 17.4769
1 1 1 0 0 0 1 0 1 1 0 1 1 0 0 1 0 0 1 0 17068 16.9565
0 0 0 1 1 0 1 1 0 1 1 1 0 1 1 1 1 1 0 1 17070 18.9303
1 0 1 1 1 0 1 0 0 1 1 1 0 1 1 1 1 0 1 1 17072 19.1977
0 1 0 0 1 0 1 1 1 1 0 1 1 1 0 1 0 1 0 0 17074 18.3055
0 1 0 1 0 0 1 0 1 1 0 1 1 0 0 1 0 0 0 0 17077 16.4771
1 1 1 1 0 0 1 1 1 1 0 1 1 0 0 1 0 1 1 0 17079 17.7553
0 0 0 0 1 1 1 1 0 1 1 1 0 1 1 1 1 0 0 1 17081 16.0517
1 0 1 0 0 1 1 1 1 0 1 1 1 0 1 1 1 1 1 1 17083 20.2374
1 1 0 1 0 1 1 1 1 1 0 1 1 0 0 1 0 0 1 0 17085 18.2656
1 0 1 1 0 0 1 1 1 0 1 1 1 0 1 1 1 0 1 1 17088 19.2218
1 0 1 1 0 0 1 0 1 0 0 1 1 0 1 1 1 0 1 0 17092 17.2495
1 1 1 0 1 0 1 0 0 1 0 1 1 1 0 1 0 1 1 1 17096 19.0404
0 0 0 0 0 0 1 0 1 0 0 1 1 0 1 1 1 0 0 1 17103 18.0157
0 1 0 0 1 1 1 0 0 1 0 1 1 1 0 1 0 1 0 0 17107 16.5421
0 0 1 1 1 1 1 1 0 1 0 1 0 1 1 1 1 0 0 1 17112 17.9469
1 1 0 1 1 0 1 1 0 1 0 1 1 1 0 1 0 0 1 1 17115 19.4248
1 1 1 0 0 1 1 0 1 0 0 1 0 0 0 1 0 0 1 1 17120 18.6556
0 1 1 0 1 0 1 1 0 1 0 1 1 1 0 1 0 0 0 1 17126 18.1772
1 0 0 1 1 1 1 1 0 1 0 1 0 1 1 1 1 1 1 1 17130 20.2525
1 1 0 1 1 1 1 1 0 1 0 1 1 1 0 1 0 0 1 0 17135 18.3891
0 1 1 0 0 1 1 0 1 0 0 1 1 0 0 1 0 0 0 0 17138 16.6557
0 0 0 0 0 1 1 1 1 0 0 1 1 0 0 1 1 0 0 1 17140 18.9600
0 0 1 1 0 1 1 0 1 0 0 1 1 0 0 1 1 0 0 1 17143 18.4966
1 0 1 1 0 1 1 0 1 0 0 1 1 0 0 1 1 1 1 1 17144 19.0933
1 1 0 1 0 1 1 1 1 0 0 1 1 0 0 1 0 1 1 0 17147 18.3011
1 0 1 0 0 1 1 1 1 0 0 1 1 0 0 1 1 0 1 1 17150 19.6598
0 0 1 1 1 1 1 1 0 1 0 1 0 1 0 1 1 0 0 0 17153 17.9196
1 0 0 1 1 1 1 1 0 1 0 1 0 1 0 1 1 1 1 1 17154 21.4453
0 1 1 0 0 1 1 1 1 0 0 1 1 0 0 1 0 1 0 0 17158 17.3479
0 1 1 1 0 0 1 1 1 0 0 1 1 0 0 1 0 1 0 1 17160 18.8104
0 0 0 1 1 0 1 0 0 1 1 1 0 1 1 1 0 0 0 0 17162 17.3425
0 1 1 0 0 1 1 0 1 1 0 1 1 0 0 1 1 1 0 1 17165 18.4610
1 0 0 0 1 0 1 1 0 1 1 1 0 1 1 1 0 0 1 0 17166 18.7500
0 0 0 0 1 1 1 0 0 1 1 1 0 1 1 1 0 1 0 0 17169 18.3484
1 1 0 0 1 1 1 1 1 1 0 1 0 1 0 1 1 1 1 1 17170 21.3515
1 1 0 1 1 0 1 0 1 1 0 1 1 1 0 1 1 0 1 1 17173 20.2098
0 1 1 0 0 1 1 1 1 1 0 1 0 0 0 1 1 1 0 1 17176 18.0780
0 1 1 0 0 1 1 1 1 1 0 1 1 0 0 1 1 1 0 1 17178 19.2735
0 0 1 1 0 1 1 1 1 0 1 1 1 0 1 1 0 1 0 0 17180 18.7957
0 1 0 0 1 1 1 1 1 1 0 1 1 1 0 1 1 0 0 1 17182 19.4271
1 0 0 0 0 1 0 0 1 0 1 1 1 0 1 0 0 0 1 1 17185 16.6203
1 1 1 0 0 0 1 0 1 1 0 1 1 0 0 1 1 0 1 0 17188 16.8718
0 1 1 1 1 0 1 0 1 1 0 1 0 1 0 1 1 1 0 0 17190 16.9196
1 1 0 0 1 0 1 0 1 1 0 1 1 1 0 1 1 1 1 0 17192 20.0191
1 1 0 0 0 1 1 1 1 1 0 1 0 0 0 1 1 1 1 0 17194 17.9434
0 1 0 1 0 0 1 0 1 1 0 1 1 0 0 1 1 0 0 0 17197 16.3891
1 0 1 0 0 0 1 0 1 0 1 1 1 0 1 1 0 1 1 1 17199 18.4041
0 1 1 1 1 1 1 1 1 1 0 1 1 1 0 1 1 1 0 0 17201 19.1111
1 0 1 1 1 0 1 1 0 1 1 1 0 1 1 1 0 0 1 1 17203 19.6381
1 1 0 1 0 1 1 1 1 1 0 1 1 0 0 1 1 0 1 0 17205 18.3880
1 0 1 1 1 1 1 1 0 1 1 1 0 1 1 1 0 0 1 1 17208 20.6191
1 1 0 0 1 0 1 1 0 1 0 1 1 1 0 1 1 1 1 1 17212 20.9774
0 0 1 0 0 0 1 0 1 0 0 1 1 0 1 1 0 0 0 1 17217 17.5653
0 1 1 1 1 0 1 1 0 1 0 1 1 1 0 1 1 1 0 0 17223 17.3957
1 0 1 1 0 1 1 1 1 0 0 1 1 0 1 1 0 0 1 1 17227 17.8357
0 1 0 1 1 1 1 1 0 1 0 1 1 1 0 1 1 1 0 1 17232 18.5728
0 0 1 1 0 0 1 0 1 0 0 1 1 0 1 1 0 1 0 0 17236 17.1245
1 0 1 1 0 1 1 0 1 0 0 1 1 0 1 1 0 1 1 1 17240 18.6913
1 0 0 1 0 0 1 0 1 0 0 1 1 0 1 1 0 1 1 0 17246 17.5327
1 1 1 1 1 1 1 1 0 1 0 1 1 1 0 1 1 0 1 1 17250 21.0896
0 1 0 1 0 0 1 1 1 0 0 1 0 0 0 1 1 0 0 1 17256 18.5606
0 0 1 1 0 1 1 0 1 0 0 1 1 0 0 1 0 1 0 0 17258 16.9502
0 0 1 1 1 1 1 0 0 1 0 1 0 1 0 1 0 1 0 0 17260 17.2550
0 1 1 0 0 1 1 0 1 0 0 1 1 0 0 1 1 1 0 1 17263 18.3198
1 0 1 0 1 0 1 0 0 1 0 1 0 1 0 1 0 0 1 1 17264 19.0925
1 1 0 1 0 1 1 1 1 0 0 1 1 0 0 1 1 1 1 0 17267 19.0760
1 0 0 1 1 1 1 0 0 1 0 1 0 1 0 1 0 1 1 0 17270 19.2852
0 1 0 1 1 1 1 1 0 1 0 1 0 1 0 1 1 1 0 0 17273 18.2995
0 0 1 1 0 1 1 1 1 0 0 1 1 0 0 1 0 1 0 1 17275 18.7839
0 1 1 0 0 1 1 1 1 0 0 1 1 0 0 1 1 1 0 0 17278 18.1230
0 1 0 1 0 0 1 1 1 0 0 1 1 0 0 1 1 0 0 1 17280 19.3367
1 1 0 0 0 0 1 0 0 1 1 1 1 0 1 1 1 1 1 0 17281 18.6787
1 0 0 1 0 0 1 1 0 1 1 1 1 0 1 1 0 1 1 1 17283 19.2103
1 1 0 0 0 0 1 1 0 1 1 1 1 0 1 1 1 1 1 0 17286 18.8921
0 1 0 0 1 0 1 1 1 1 1 0 1 1 0 1 0 0 0 0 17288 17.9245
1 1 1 1 1 0 1 0 1 0 1 1 0 1 1 1 1 1 1 0 17290 19.4738
0 1 0 1 0 0 1 1 1 1 1 0 0 0 0 1 1 0 0 0 17294 15.9657
0 1 0 1 0 0 1 0 1 1 1 0 0 0 0 1 1 0 0 0 17297 15.0407
1 0 0 1 0 1 1 1 0 1 1 1 1 0 1 1 1 1 1 1 17298 20.3549
0 1 1 1 1 0 1 0 1 1 1 0 1 1 0 1 1 0 0 0 17301 17.0611
1 0 0 0 1 0 1 1 1 0 1 1 0 1 1 1 0 1 1 1 17303 19.2026
1 1 0 0 0 0 1 0 0 1 1 1 1 1 1 1 1 1 1 0 17305 19.1087
1 1 0 0 0 0 1 1 0 1 1 1 1 1 1 1 1 1 1 0 17310 19.2214
1 1 1 1 1 0 1 0 1 0 1 1 0 0 1 1 1 1 1 0 17314 19.3614
0 0 0 1 0 0 1 0 1 1 1 0 0 0 0 0 1 0 0 1 17321 16.5896
0 0 1 1 1 0 1 0 1 1 1 0 1 1 0 0 1 0 0 1 17325 18.5014
1 0 1 0 0 0 1 0 0 1 0 1 1 0 1 1 1 1 1 1 17329 18.7830
1 0 0 0 1 1 1 1 1 0 0 1 0 1 1 1 0 1 1 1 17338 19.5279
0 1 0 0 1 1 1 1 0 1 1 0 1 1 0 1 0 0 0 0 17349 16.8319
0 0 1 0 0 0 1 1 1 1 0 0 1 0 0 0 0 0 0 1 17356 17.3927
1 1 0 1 1 1 0 1 0 0 1 1 0 0 1 0 1 1 1 0 17358 18.1276
1 0 0 0 1 1 1 1 1 0 0 1 0 1 0 1 0 1 1 1 17362 19.5768
0 0 0 0 0 1 1 1 1 1 0 0 0 0 0 0 0 0 0 1 17366 17.4450
1 1 1 1 1 0 0 0 0 0 1 1 0 0 1 0 1 1 1 0 17368 17.4908
1 1 1 1 1 1 0 1 0 0 1 1 0 0 1 0 1 1 1 0 17372 18.9774
1 0 1 0 1 1 1 0 1 0 0 1 0 1 0 1 1 1 1 1 17378 18.5959
1 1 0 0 1 1 0 1 0 0 1 1 0 0 1 0 0 1 1 0 17381 17.6079
1 0 0 1 1 1 1 1 1 0 0 1 0 1 0 1 1 1 1 1 17385 19.5904
1 1 0 1 1 0 1 1 0 0 1 1 0 0 1 1 0 1 1 0 17388 19.3111
1 1 1 0 1 0 0 0 0 0 1 1 0 0 1 0 0 1 1 0 17391 17.2059
1 1 1 0 1 1 0 1 0 0 1 1 0 0 1 0 0 1 1 0 17395 18.7145
1 1 1 1 0 1 1 1 0 0 1 1 1 1 1 1 0 1 1 0 17398 16.8310
0 1 1 0 0 0 1 1 1 1 1 0 1 0 0 1 0 0 0 1 17402 17.7643
0 1 1 1 1 1 1 1 1 1 1 0 1 1 0 1 1 0 0 1 17404 19.6395
0 1 0 1 1 1 1 1 1 1 1 0 0 1 0 1 0 0 0 1 17407 18.9132
1 1 1 0 1 1 1 0 1 0 1 1 0 1 1 1 0 1 1 1 17408 20.2623
1 0 1 0 1 0 1 0 1 0 1 1 0 1 1 1 0 1 1 0 17411 18.2851
1 1 1 0 1 1 1 1 1 0 1 1 0 1 1 1 0 1 1 1 17414 21.2579
1 0 1 0 0 1 1 1 0 1 1 1 1 0 1 1 0 1 1 0 17417 19.4207
0 1 0 0 0 1 1 1 1 1 1 0 1 0 0 1 0 0 0 1 17419 18.3456
0 1 1 0 1 1 1 0 1 1 1 0 0 1 0 1 1 0 0 1 17422 17.9252
0 1 1 0 0 1 1 0 1 1 1 0 1 0 0 1 1 0 0 1 17424 18.1449
1 1 0 0 0 0 1 0 0 1 1 1 1 1 1 1 0 1 1 1 17426 19.7540
1 1 1 0 0 0 1 0 0 1 1 1 1 1 1 1 1 1 1 1 17431 19.8000
1 1 1 1 0 1 1 0 0 1 1 1 1 1 1 1 0 1 1 1 17436 19.7301
1 1 0 0 1 0 1 1 1 0 1 1 0 0 1 1 1 1 1 1 17441 20.5932
0 0 1 1 0 0 1 0 1 1 1 0 0 0 0 0 1 0 0 0 17447 16.3035
1 0 1 0 1 0 1 0 1 0 0 1 0 1 1 1 1 1 1 0 17451 18.2672
0 1 1 0 1 0 1 0 0 1 1 0 1 1 0 1 0 0 0 1 17462 16.8681
1 0 1 1 1 0 1 1 1 0 0 1 0 1 1 1 1 1 1 0 17471 18.9383
0 0 1 1 0 0 1 1 1 1 0 0 0 0 0 0 0 0 0 0 17477 16.0667
0 0 1 1 0 0 1 1 1 1 0 0 1 0 0 1 0 0 0 0 17481 17.0253
1 1 0 0 1 0 1 1 0 0 1 1 0 0 1 1 1 1 1 1 17483 20.6182
1 1 1 1 1 1 1 0 0 0 1 1 0 0 1 1 1 1 1 1 17486 20.2385
0 0 0 1 0 0 1 1 1 1 0 0 0 0 0 0 0 0 0 0 17491 16.1449
1 1 1 0 0 1 1 1 0 0 1 1 1 1 1 1 1 1 1 1 17493 20.7709
1 1 0 0 1 0 1 0 0 0 1 1 0 1 1 1 0 1 1 1 17499 20.2279
1 1 0 1 0 0 1 1 0 0 1 1 1 1 1 1 0 1 1 1 17502 19.7055
1 1 0 1 0 1 1 0 0 0 1 1 1 1 1 1 0 1 1 1 17506 18.8072
1 1 1 0 0 1 1 0 0 0 1 1 1 0 1 1 0 1 1 1 17509 19.7713
0 0 0 0 1 0 1 1 1 1 0 0 1 1 0 1 1 0 0 0 17512 17.8923
1 1 1 1 0 0 1 1 0 0 1 1 1 1 1 1 0 1 1 1 17516 20.2895
0 1 1 0 0 1 1 1 1 1 1 0 0 0 0 0 1 0 0 1 17521 17.6521
0 1 1 0 1 1 1 1 1 1 1 0 1 1 0 0 0 0 0 1 17525 18.5506
1 0 1 0 0 1 1 0 0 1 1 1 1 1 1 1 1 1 1 0 17529 19.7623
1 0 0 0 1 0 1 0 1 0 1 1 0 0 1 1 1 1 1 0 17535 19.3198
0 1 0 1 0 1 1 1 1 1 1 0 1 0 0 0 0 0 0 1 17540 18.2637
1 0 1 1 0 1 1 1 0 1 1 1 1 1 1 1 1 1 1 0 17544 20.4435
1 0 0 0 0 0 1 1 0 1 1 1 1 1 1 1 0 1 1 1 17548 19.5110
1 0 1 1 1 1 1 0 1 0 1 1 0 0 1 1 1 1 1 1 17552 19.7175
0 1 1 1 0 0 1 0 1 1 1 0 1 0 0 0 0 0 0 0 17559 17.6128
0 1 0 0 1 1 1 1 1 1 1 0 1 1 0 0 0 0 0 0 17563 18.4971
0 1 1 0 1 0 1 0 1 1 1 0 0 1 0 0 1 0 0 0 17568 18.0404
1 0 1 0 1 0 1 0 1 0 0 1 0 0 1 1 1 1 1 0 17571 18.3690
1 0 1 0 0 0 1 0 0 1 0 1 1 1 1 1 0 1 1 1 17576 18.9544
0 1 0 1 1 1 1 1 0 1 1 0 1 1 0 0 1 0 0 0 17582 17.9203
1 0 1 1 1 0 1 1 1 0 0 1 0 0 1 1 0 1 1 1 17586 20.1112
1 0 1 1 1 0 1 1 1 0 0 1 0 0 1 1 1 1 1 0 17591 19.1468
0 1 1 0 0 1 1 1 1 0 1 0 1 0 0 0 1 0 0 1 17599 18.8818
0 1 0 1 1 1 1 0 0 1 1 0 0 1 0 0 1 0 0 0 17609 18.6452
1 0 1 1 0 0 1 0 0 1 0 1 1 1 0 1 1 1 1 0 17617 17.9534
1 0 0 0 1 1 1 1 1 0 0 1 0 0 0 1 1 1 1 0 17626 19.2946
0 1 1 1 1 0 1 0 0 1 1 0 0 1 0 0 0 0 0 0 17637 17.7859
1 1 1 0 1 0 1 0 1 0 0 1 0 1 1 1 0 1 1 1 17645 18.8260
0 0 0 1 1 1 1 1 0 1 1 0 1 1 0 1 1 0 0 0 17656 17.2770
1 1 1 0 1 0 1 1 1 0 0 1 0 1 1 1 1 1 1 1 17664 20.1077
0 0 1 0 1 1 1 1 0 1 1 0 1 1 0 1 1 0 0 1 17673 18.2878
1 1 0 0 1 0 1 0 1 0 0 1 0 1 1 1 0 1 1 0 17683 17.6819
0 0 1 0 1 0 1 1 0 1 1 0 1 1 0 0 0 0 0 0 17690 17.3673
0 0 1 0 1 0 1 1 0 1 1 0 1 1 0 0 1 0 0 1 17695 17.7940
0 0 0 0 0 1 1 0 1 0 1 0 0 0 0 0 1 0 0 0 17700 17.7214
1 1 0 1 0 1 1 1 0 1 0 1 1 1 1 1 1 1 1 0 17705 18.4082
1 1 1 0 0 0 1 1 0 1 0 1 1 1 1 1 1 1 1 0 17710 18.7246
1 1 1 0 1 1 1 0 0 0 0 1 0 0 1 1 1 1 1 0 17713 18.6368
0 0 0 1 0 1 1 1 1 0 0 0 0 0 0 0 0 0 0 0 17719 17.3545
0 0 1 0 1 1 1 1 0 1 0 0 1 1 0 0 0 0 0 1 17723 17.2240
0 0 1 1 1 1 0 1 0 1 0 0 1 1 1 1 0 0 0 0 17729 15.1731
1 1 1 1 1 1 1 1 0 0 0 1 0 0 1 1 1 1 1 0 17733 19.2015
1 1 1 0 0 0 1 0 0 0 0 1 1 1 1 1 0 1 1 0 17737 17.1652
0 0 1 1 1 1 1 1 0 1 0 0 1 1 0 0 1 0 0 0 17742 18.0235
1 1 1 1 0 1 1 0 0 0 0 1 1 1 1 1 0 1 1 1 17746 18.1001
1 1 0 1 1 1 1 0 0 0 0 1 0 1 1 1 0 1 1 1 17752 19.6796
0 0 0 0 0 0 1 1 1 0 0 0 0 0 0 0 1 0 0 1 17757 17.9807
1 1 1 1 1 1 1 0 1 0 0 1 0 1 0 1 0 1 1 1 17761 19.4578
1 0 0 0 0 1 0 1 0 0 1 1 1 0 1 0 1 1 1 0 17765 17.5261
1 0 0 0 1 0 0 0 0 0 1 1 0 0 1 0 1 1 1 0 17769 17.5566
1 0 0 1 0 0 1 1 0 0 1 1 1 0 1 1 1 1 1 0 17772 19.3015
1 0 1 0 0 0 0 0 0 0 1 1 1 0 1 0 1 1 1 0 17775 17.1500
1 0 1 0 0 1 0 1 0 0 1 1 1 0 1 0 1 1 1 0 17779 18.8335
0 1 0 0 1 1 1 1 1 1 0 0 1 1 0 1 0 0 0 1 17782 18.6110
1 0 0 1 0 0 1 0 0 0 1 1 1 1 1 1 1 1 1 1 17788 19.2608
1 1 0 1 1 1 1 0 1 0 0 1 0 1 0 1 0 1 1 0 17791 18.8315
0 1 1 1 1 0 1 1 1 1 0 0 0 1 0 1 0 0 0 0 17795 17.7289
0 1 0 0 1 0 1 1 1 1 0 0 1 1 0 0 0 0 0 0 17798 17.9945
0 0 0 0 1 1 1 0 0 1 1 0 0 1 0 1 1 0 0 1 17801 17.4489
0 1 0 1 0 1 1 1 1 1 0 0 1 0 0 1 0 0 0 0 17805 17.8266
1 1 1 0 0 0 1 0 0 1 0 1 1 1 0 1 0 1 1 0 17810 18.2035
1 1 1 1 1 0 1 0 1 0 0 1 0 0 0 1 0 1 1 1 17820 19.3609
0 0 1 1 0 0 1 0 1 0 1 0 1 0 0 0 1 0 0 0 17831 18.8789
0 1 0 1 1 0 1 1 0 1 0 0 1 1 0 1 0 0 0 1 17835 17.7304
0 1 0 0 1 0 1 1 0 1 0 0 1 1 0 0 0 0 0 0 17840 17.0239
1 0 0 0 1 1 1 0 0 0 0 1 0 1 1 1 1 1 1 0 17845 18.4388
1 0 0 1 0 0 1 1 0 0 0 1 1 0 1 1 1 1 1 1 17850 19.4153
1 0 1 1 0 1 1 1 0 0 0 1 1 1 1 1 1 1 1 0 17855 18.7404
1 0 1 0 1 0 1 0 0 0 0 1 0 1 0 1 1 1 1 0 17857 18.5653
1 0 1 0 1 1 1 0 0 0 0 1 0 1 0 1 1 1 1 0 17859 18.3687
0 1 0 1 0 1 1 1 1 0 0 0 1 0 0 0 0 0 0 0 17863 17.5671
1 1 1 1 0 1 1 0 0 0 0 1 1 0 0 1 0 1 1 1 17864 18.7319
0 1 1 0 1 1 1 1 0 1 0 0 0 1 0 0 0 0 0 1 17867 18.2672
0 0 1 0 1 0 1 1 0 1 0 0 0 1 0 1 1 0 0 1 17870 17.7396
0 1 1 1 1 1 0 1 0 1 0 0 0 1 1 1 0 0 0 0 17873 16.2416
1 1 0 1 1 1 1 1 0 0 0 1 0 1 0 1 0 1 1 1 17874 20.2293
1 1 1 1 1 1 1 1 0 0 0 1 0 0 0 1 0 1 1 0 17877 18.8324
1 0 1 1 1 1 1 1 0 0 0 1 0 1 0 1 1 1 1 0 17879 18.9060
1 0 0 0 0 0 1 0 0 0 1 1 1 1 1 1 0 1 1 0 17883 18.2374
0 1 1 0 1 0 1 1 1 1 0 0 0 1 0 0 1 0 0 1 17886 17.8732
0 1 1 0 1 0 1 1 1 1 0 0 1 1 0 1 1 0 0 1 17890 18.6128
0 1 0 1 1 0 1 1 1 1 0 0 1 1 0 0 1 0 0 1 17893 18.4291
0 0 0 1 1 1 1 1 0 1 1 0 0 1 0 1 0 0 0 0 17896 17.8018
0 1 0 0 1 0 1 1 1 1 0 0 0 1 0 0 1 0 0 1 17900 17.9169
0 0 1 1 1 1 1 0 0 1 1 0 0 1 0 1 0 0 0 0 17904 16.8161
0 1 1 1 1 0 1 1 1 1 0 0 0 1 0 0 1 0 0 0 17909 17.3383
0 1 1 1 1 0 1 1 1 1 0 0 1 1 0 1 1 0 0 0 17913 18.3674
0 1 1 0 0 1 1 1 1 1 0 0 1 0 0 1 1 0 0 0 17916 18.3767
0 0 0 0 1 1 1 1 0 1 1 0 0 1 0 1 0 0 0 1 17919 18.2050
0 1 0 1 1 0 1 1 1 1 0 0 0 1 0 0 1 0 0 0 17923 17.4138
0 1 0 0 0 0 1 1 1 1 0 0 0 0 0 1 1 0 0 0 17926 16.3438
1 1 1 0 1 0 1 0 1 0 0 1 0 0 0 1 1 1 1 0 17933 18.6542
0 0 0 1 1 1 1 1 0 1 1 0 0 1 0 0 0 0 0 1 17944 18.6624
1 1 0 1 1 0 1 1 1 0 0 1 0 0 0 1 1 1 1 1 17952 20.1589
0 1 1 0 0 0 1 1 1 0 0 0 0 0 0 0 1 0 0 0 17957 17.4571
0 1 0 1 1 0 1 1 0 1 0 0 1 1 0 1 1 0 0 0 17961 17.5707
1 0 0 0 0 1 1 0 0 0 0 1 1 1 1 1 0 1 1 1 17967 18.1922
1 0 1 1 1 1 1 1 0 0 0 1 0 0 1 1 0 1 1 1 17971 19.8531
1 0 1 1 0 0 1 1 0 0 0 1 1 0 1 1 0 1 1 1 17976 19.3221
0 0 1 0 1 0 1 1 0 1 0 0 0 1 0 0 0 0 0 0 17978 17.0752
1 0 1 1 1 1 1 0 0 0 0 1 0 1 0 1 0 1 1 0 17980 18.3825
0 1 1 1 1 0 1 1 0 1 0 0 0 1 0 0 1 0 0 1 17983 17.4298
0 0 0 1 0 1 1 1 1 0 0 0 1 0 0 1 0 0 0 0 17985 17.6053
0 1 1 1 0 0 1 1 1 0 0 0 1 0 0 0 1 0 0 1 17988 18.5385
0 0 1 1 1 0 1 1 0 1 0 0 0 1 0 1 0 0 0 0 17991 17.2394
1 1 0 1 0 1 1 1 0 0 0 1 1 1 0 1 1 1 1 0 17993 18.7419
1 0 1 1 0 1 1 1 0 0 0 1 1 0 0 1 0 1 1 1 17995 19.5140
1 1 1 0 0 1 1 1 0 0 0 1 1 0 0 1 1 1 1 0 17998 19.2614
0 1 0 1 1 1 0 1 0 1 0 0 0 1 1 1 1 0 0 1 18000 17.2811
1 1 0 0 1 1 1 0 1 0 1 1 0 1 1 1 1 0 1 0 18001 18.6558
0 1 1 1 0 0 1 1 1 1 1 0 0 0 0 1 1 1 0 0 18004 16.4071
0 1 0 0 0 1 1 1 1 1 1 0 0 0 0 1 1 1 0 0 18007 17.1409
1 0 1 1 0 0 1 0 0 1 1 1 1 0 1 1 1 0 1 1 18008 18.0253
0 1 0 1 1 0 1 0 1 1 1 0 1 1 0 1 1 1 0 0 18011 18.1637
1 0 1 0 0 0 1 1 0 1 1 1 1 0 1 1 0 0 1 1 18014 17.5754
0 1 0 1 1 0 1 0 1 1 1 0 0 1 0 1 1 1 0 0 18017 17.3577
1 0 0 1 1 0 1 1 1 0 1 1 0 1 1 1 1 0 1 1 18018 19.3495
1 1 0 0 1 0 1 0 1 0 1 1 0 1 1 1 0 0 1 0 18021 18.0289
0 1 0 0 0 0 1 0 1 1 1 0 0 0 0 1 0 1 0 0 18024 16.0638
0 0 1 1 0 0 1 1 1 1 1 0 1 0 0 0 1 1 0 1 18026 17.4854
0 0 0 0 1 1 1 1 1 1 1 0 0 1 0 0 1 1 0 1 18031 18.4283
1 1 1 0 1 0 1 0 1 0 1 1 0 0 1 1 0 0 1 0 18035 18.4250
1 1 1 0 0 1 1 1 0 1 1 1 1 1 1 1 0 0 1 0 18041 18.0680
0 0 1 0 1 0 1 0 1 1 1 0 1 1 0 0 1 1 0 1 18046 18.2134
1 0 1 1 0 0 1 0 0 1 0 1 1 0 1 1 1 0 1 1 18050 17.7410
1 0 0 0 1 1 1 1 1 0 0 1 0 1 1 1 1 0 1 1 18060 18.2808
0 1 1 0 0 0 1 0 1 0 1 0 0 0 0 1 1 1 0 0 18071 17.3541
1 1 0 1 0 1 1 0 0 0 1 1 1 0 1 1 1 0 1 0 18076 18.4496
0 1 1 1 1 0 1 1 0 1 1 0 0 1 0 1 1 1 0 0 18080 17.6829
0 0 1 1 1 1 1 1 1 1 0 0 1 1 0 1 0 1 0 1 18083 18.4438
1 1 1 1 0 0 1 0 0 0 1 1 1 1 1 1 1 0 1 0 18086 18.1618
1 0 1 1 1 0 1 1 1 0 0 1 0 1 0 1 0 0 1 1 18089 18.6258
0 0 0 1 1 0 1 1 1 1 0 0 0 1 0 1 0 1 0 1 18093 17.8675
0 0 1 1 1 0 1 1 1 1 0 0 1 1 0 0 1 1 0 1 18099 18.6816
0 1 0 0 1 0 1 0 0 1 1 0 0 1 0 1 0 1 0 0 18102 17.1298
0 0 1 0 1 1 1 1 1 1 0 0 0 1 0 1 1 1 0 1 18106 18.4398
0 0 0 1 1 1 1 1 1 1 0 0 0 1 0 0 1 1 0 1 18109 18.7923
0 0 0 0 0 0 0 1 1 1 0 0 1 0 1 1 1 1 0 1 18112 17.3039
0 1 1 0 1 0 1 0 0 1 1 0 0 1 0 1 0 1 0 0 18116 17.0961
1 0 0 1 1 0 1 1 1 0 0 1 0 1 0 1 1 0 1 1 18119 19.3568
0 1 1 0 1 0 1 1 1 1 1 0 1 1 0 1 0 1 0 1 18122 19.0100
1 1 0 0 1 1 1 1 1 0 1 1 0 1 1 1 0 0 1 1 18124 19.7684
1 0 1 1 0 0 1 0 0 1 1 1 1 0 1 1 0 0 1 0 18127 17.1815
0 1 0 1 0 0 1 0 1 1 1 0 1 0 0 1 0 1 0 1 18129 17.9809
0 1 0 0 1 1 1 0 1 1 1 0 0 1 0 1 1 1 0 1 18132 19.1201
0 1 1 1 1 0 1 0 1 1 1 0 1 1 0 1 0 1 0 1 18135 18.7661
1 0 1 0 1 0 1 1 1 0 1 1 0 1 1 1 0 0 1 0 18137 17.5413
1 1 1 1 0 0 1 1 0 1 1 1 1 0 1 1 1 0 1 1 18139 19.3851
1 0 0 1 1 0 1 0 1 0 1 1 0 1 1 1 0 0 1 0 18142 17.7107
0 1 1 0 1 1 1 0 1 1 1 0 1 1 0 1 1 1 0 1 18144 19.8471
0 0 1 0 0 1 1 1 1 1 1 0 1 0 0 0 1 1 0 0 18147 18.6081
0 0 0 1 0 0 1 1 1 1 1 0 1 0 0 0 1 1 0 0 18152 17.2684
1 1 1 1 0 0 1 1 0 1 1 1 1 1 1 1 0 0 1 1 18157 19.7403
0 0 0 0 1 1 1 0 1 1 1 0 1 1 0 0 1 1 0 0 18162 18.2307
1 1 0 0 0 1 1 1 0 1 1 1 1 1 1 1 0 0 1 1 18167 19.1445
1 0 1 0 1 0 1 0 1 0 0 1 0 1 1 1 0 0 1 0 18173 16.6047
0 1 0 1 1 1 1 1 0 1 1 0 1 1 0 1 1 1 0 1 18184 18.3990
1 0 1 0 1 0 1 1 1 0 0 1 0 1 1 1 1 0 1 0 18192 17.2557
0 0 1 1 1 1 1 1 1 1 0 0 1 1 0 0 0 1 0 0 18197 18.2198
1 1 0 0 0 0 0 0 0 0 1 1 1 0 1 0 1 0 1 1 18201 17.2811
0 0 1 0 1 0 1 1 1 1 0 0 0 1 0 1 0 1 0 0 18204 17.2538
0 0 0 1 1 1 1 1 1 1 0 0 0 1 0 1 0 1 0 0 18207 17.9846
0 0 0 1 1 1 1 1 1 1 0 0 1 1 0 0 0 1 0 0 18211 18.2756
0 0 0 0 0 1 1 1 1 1 0 0 1 0 0 1 0 1 0 0 18214 17.2558
0 0 1 0 1 1 1 1 1 1 0 0 0 1 0 0 1 1 0 0 18220 18.2782
1 0 1 1 1 0 1 0 1 0 0 1 0 1 0 1 1 0 1 0 18222 17.6775
0 0 1 1 0 0 1 1 1 1 0 0 0 0 0 1 1 1 0 0 18227 15.9853
0 0 0 0 0 0 1 1 1 1 0 0 1 0 0 0 1 1 0 0 18230 17.2440
1 1 1 1 1 1 0 0 0 0 1 1 0 1 1 0 0 0 1 1 18232 17.5653
1 0 0 1 1 0 1 0 1 0 0 1 0 1 0 1 1 0 1 0 18236 17.7523
1 0 0 1 0 0 1 0 0 1 1 1 1 1 1 1 0 0 1 0 18241 18.2130
0 1 1 1 1 1 1 1 1 1 1 0 1 1 0 0 0 1 0 1 18246 18.5749
1 0 1 1 0 1 1 0 0 1 1 1 1 1 1 1 1 0 1 0 18250 19.0222
1 0 0 1 1 0 1 0 1 0 1 1 0 0 1 1 1 0 1 0 18256 18.6022
0 1 1 1 0 0 1 0 1 1 1 0 1 0 0 0 1 1 0 1 18261 17.7062
0 1 1 0 0 0 1 1 1 1 1 0 1 0 0 0 1 1 0 0 18265 17.4794
1 0 0 1 0 0 1 1 0 1 1 1 1 1 1 1 1 0 1 1 18269 19.2655
1 0 1 0 1 0 1 0 1 0 1 1 0 0 1 1 1 0 1 1 18273 18.6363
0 1 1 0 0 0 1 0 1 1 1 0 1 0 0 0 0 1 0 0 18280 17.6280
0 1 0 1 1 1 1 1 1 1 1 0 1 1 0 0 0 1 0 0 18284 18.5756
1 0 0 1 1 0 1 1 1 0 1 1 0 0 1 1 0 0 1 1 18288 19.5918
1 0 1 1 1 0 1 0 1 0 0 1 0 0 1 1 1 0 1 0 18292 17.6044
0 1 1 0 0 0 1 1 1 0 1 0 0 0 0 0 1 1 0 1 18297 18.1120
0 1 0 0 1 1 1 1 0 1 1 0 1 1 0 0 1 1 0 1 18303 18.0645
1 0 1 1 0 0 1 1 0 1 0 1 1 1 1 1 1 0 1 1 18307 18.0221
0 1 1 1 1 1 1 0 0 1 1 0 1 1 0 0 1 1 0 1 18312 17.7392
0 1 1 1 0 1 1 1 1 0 1 0 1 0 0 0 1 1 0 1 18320 19.1449
0 1 0 1 1 1 1 0 0 1 1 0 0 1 0 0 1 1 0 1 18330 18.7851
1 0 1 0 0 0 1 0 0 1 0 1 1 1 0 1 1 0 1 0 18338 17.6996
1 0 1 1 1 0 1 0 1 0 0 1 0 0 0 1 1 0 1 1 18348 19.0028
0 1 1 1 0 0 1 0 1 0 1 0 1 0 0 0 0 1 0 0 18359 18.2314
0 0 1 0 1 0 1 1 0 1 1 0 1 1 0 1 1 1 0 0 18367 17.4228
1 1 0 1 0 1 1 1 0 1 0 1 1 0 1 1 1 0 1 1 18377 18.2338
1 1 1 0 1 1 1 0 1 0 0 1 0 1 1 1 1 0 1 0 18385 17.6687
0 0 1 0 1 1 1 1 0 1 1 0 1 1 0 1 0 1 0 1 18395 17.4312
1 1 1 1 1 1 1 1 1 0 0 1 0 1 1 1 1 0 1 0 18405 17.7063
1 1 1 0 1 1 1 0 1 0 0 1 0 0 1 1 0 0 1 0 18410 17.6510
1 1 1 0 1 1 1 0 1 0 0 1 0 0 1 1 1 0 1 1 18415 18.6005
0 0 0 0 0 0 1 1 1 0 1 0 0 0 0 0 1 1 0 0 18421 17.8508
0 0 0 1 0 0 1 0 1 0 1 0 0 0 0 0 1 1 0 1 18426 18.1761
0 0 0 1 1 1 1 0 0 1 1 0 1 1 0 0 0 1 0 0 18431 17.1592
0 0 1 0 1 0 1 1 0 1 0 0 1 1 0 0 0 1 0 0 18434 17.1672
1 1 1 0 0 0 1 0 0 0 0 1 1 1 1 1 1 0 1 1 18439 18.1170
0 0 1 1 1 1 1 1 0 1 0 0 1 1 0 0 0 1 0 1 18444 17.3660
1 1 0 1 1 0 1 1 0 0 0 1 0 0 1 1 1 0 1 0 18449 17.4637
1 1 1 0 1 1 1 1 0 0 0 1 0 0 1 1 1 0 1 0 18454 17.6412
0 0 0 0 0 1 1 1 1 0 0 0 0 0 0 0 1 1 0 1 18458 18.4889
0 0 1 1 0 1 1 1 1 0 0 0 0 0 0 0 1 1 0 1 18463 18.6493
1 1 0 1 0 1 1 1 0 0 0 1 1 0 1 1 0 0 1 0 18467 16.6754
0 0 1 1 1 1 1 1 0 1 0 0 1 1 0 1 1 1 0 0 18473 17.9919
0 0 0 1 0 0 1 1 1 0 0 0 0 0 0 0 1 1 0 1 18478 18.3760
0 1 1 1 0 0 1 1 1 1 0 0 1 0 0 0 0 1 0 1 18483 17.7772
0 1 1 0 0 0 1 1 1 1 0 0 0 0 0 0 0 1 0 1 18486 16.8813
0 1 1 0 0 0 1 1 1 1 0 0 1 0 0 1 0 1 0 1 18490 17.7320
0 1 0 1 0 1 1 1 1 1 0 0 0 0 0 0 0 1 0 1 18493 17.8236
1 1 1 1 1 1 1 1 1 0 0 1 0 1 0 1 0 0 1 1 18495 20.0784
0 1 0 0 0 0 1 1 1 1 0 0 0 0 0 0 0 1 0 1 18500 16.9301
1 0 1 1 1 1 1 1 0 0 1 1 0 1 1 1 1 0 1 0 18502 18.4206
0 1 1 1 0 0 1 1 1 1 0 0 0 0 0 0 0 1 0 0 18509 16.5970
0 1 1 1 0 0 1 1 1 1 0 0 1 0 0 1 0 1 0 0 18513 17.3104
1 0 0 0 1 0 1 1 0 0 1 1 0 0 1 1 1 0 1 1 18515 18.9317
1 0 1 1 1 1 1 0 0 0 1 1 0 0 1 1 1 0 1 1 18518 18.8293
0 1 0 1 0 0 1 1 1 1 0 0 0 0 0 0 0 1 0 0 18523 16.6753
1 0 1 0 0 1 1 1 0 0 1 1 1 1 1 1 1 0 1 1 18525 18.5503
0 0 1 1 1 1 1 1 0 1 1 0 0 1 0 0 1 1 0 0 18532 18.3512
1 1 1 0 1 1 1 1 1 0 0 1 0 0 0 1 0 0 1 1 18542 20.0626
0 0 1 1 0 0 1 0 1 0 1 0 1 0 0 0 1 1 0 1 18552 19.0489
0 1 0 0 1 0 1 1 0 1 0 0 1 1 0 1 0 1 0 1 18556 16.5504
1 0 1 1 1 0 1 0 0 0 0 1 0 1 1 1 1 0 1 1 18560 18.3339
1 0 0 1 1 1 1 0 0 0 0 1 0 1 1 1 1 0 1 0 18566 17.5566
0 1 0 0 0 0 1 1 1 0 0 0 0 0 0 0 0 1 0 0 18571 17.9580
0 1 0 1 0 0 1 1 1 0 0 0 0 0 0 1 0 1 0 1 18576 18.3160
0 0 0 0 0 1 1 1 1 0 0 0 1 0 0 0 1 1 0 1 18578 18.7266
0 0 0 0 1 0 1 1 0 1 0 0 0 1 0 1 1 1 0 1 18580 17.8677
0 1 0 1 1 0 1 1 0 1 0 0 0 1 0 0 0 1 0 0 18583 17.7644
1 1 1 1 1 1 1 0 0 0 0 1 0 0 0 1 0 0 1 1 18584 18.7535
1 1 0 1 1 1 1 1 0 0 0 1 0 0 0 1 0 0 1 0 18587 18.6260
1 0 0 1 1 1 1 0 0 0 0 1 0 1 0 1 1 0 1 0 18590 18.1741
1 1 0 1 0 0 1 1 0 0 0 1 1 0 0 1 0 0 1 0 18593 18.3368
0 0 0 0 0 0 1 1 1 0 0 0 1 0 0 0 1 1 0 0 18595 18.1330
0 1 0 1 1 1 1 1 0 1 0 0 0 1 0 0 0 1 0 1 18598 18.7152
0 0 0 1 0 0 1 1 1 0 0 0 1 0 0 1 1 1 0 1 18600 18.7525
0 1 1 0 0 1 1 1 1 1 0 0 0 0 0 0 1 1 0 1 18604 17.7325
1 0 0 1 1 0 0 1 0 0 1 1 0 1 1 0 0 0 1 0 18606 18.2380
1 0 0 1 1 1 0 0 0 0 1 1 0 1 1 0 0 0 1 0 18610 17.7109
1 0 1 0 1 1 1 0 0 0 1 1 0 0 1 1 0 0 1 0 18613 18.4326
1 0 1 1 0 1 1 0 0 0 1 1 1 1 1 1 0 0 1 0 18616 17.2265
1 0 1 1 1 0 0 1 0 0 1 1 0 1 1 0 0 0 1 0 18620 18.5401
0 0 0 1 1 0 1 1 0 1 1 0 0 1 0 1 0 1 0 1 18626 17.6988
1 0 0 0 1 0 0 1 0 0 1 1 0 1 1 0 0 0 1 1 18629 17.8322
1 0 0 0 1 1 0 0 0 0 1 1 0 1 1 0 0 0 1 1 18633 17.5800
1 0 0 1 0 1 1 1 0 0 1 1 1 1 1 1 0 0 1 1 18636 18.2323
1 0 1 0 0 1 1 0 0 0 1 1 1 1 1 1 0 0 1 1 18639 17.4849
1 0 1 0 1 0 0 1 0 0 1 1 0 1 1 0 0 0 1 1 18643 18.1991
1 0 1 1 0 0 1 1 0 0 1 1 1 0 1 1 0 0 1 1 18646 18.7900
0 0 1 0 1 0 1 1 0 1 1 0 0 1 0 0 0 1 0 1 18655 17.7811
1 1 1 1 0 1 1 1 0 1 0 1 1 1 0 1 1 0 1 0 18665 18.4424
0 1 1 1 1 0 1 1 0 1 0 0 1 1 0 0 1 1 0 0 18673 17.7478
0 1 1 1 0 0 1 1 1 0 0 0 0 0 0 0 1 1 0 0 18678 18.0602
0 1 0 0 1 0 1 1 0 1 0 0 1 1 0 1 1 1 0 0 18682 17.4930
1 0 0 1 0 1 1 0 0 0 0 1 1 1 1 1 0 0 1 1 18688 17.1735
1 0 1 0 1 1 1 1 0 0 0 1 0 0 1 1 0 0 1 1 18692 18.4150
0 0 0 1 0 1 1 1 1 0 0 0 1 0 0 0 0 1 0 1 18697 18.4348
1 0 1 1 0 1 1 0 0 0 0 1 1 0 0 1 0 0 1 0 18698 17.5627
0 0 1 0 1 1 1 1 0 1 0 0 0 1 0 0 0 1 0 0 18701 18.2895
1 1 1 0 0 1 1 0 0 0 0 1 1 0 0 1 1 0 1 1 18703 19.1697
1 0 1 0 0 1 1 0 0 0 0 1 1 1 0 1 0 0 1 1 18705 17.2512
1 1 0 0 0 1 1 1 0 0 0 1 1 0 0 1 1 0 1 0 18708 19.0123
1 0 0 0 1 1 1 0 0 0 0 1 0 1 0 1 0 0 1 1 18711 19.0105
1 1 0 1 1 1 1 1 0 0 0 1 0 1 0 1 1 0 1 0 18713 18.8188
0 0 0 1 0 0 1 1 1 0 0 0 1 0 0 0 0 1 0 0 18716 18.0133
0 0 0 1 0 0 1 1 1 0 0 0 1 0 0 1 0 1 0 0 18719 17.3085
1 1 1 1 0 0 1 1 0 0 0 1 1 0 0 1 1 0 1 1 18720 19.7248
0 1 1 1 1 0 1 1 1 1 1 0 1 1 1 1 0 0 0 0 18723 17.0968
1 0 0 1 1 1 1 1 1 0 1 1 1 1 1 1 1 0 1 1 18725 20.0568
1 1 1 0 0 0 1 0 0 1 1 1 0 0 1 1 1 0 1 0 18727 18.0593
1 1 1 0 1 0 1 0 1 0 1 1 1 1 1 1 1 0 1 0 18729 19.1598
1 1 0 0 1 0 1 1 1 0 1 1 1 1 1 1 1 1 1 0 18731 19.7287
0 0 1 1 0 1 1 0 1 1 1 0 0 0 1 1 0 1 0 1 18735 17.5088
1 0 1 1 0 1 1 0 0 1 1 1 0 0 1 1 1 1 1 1 18736 19.5988
0 0 0 0 0 1 1 1 1 1 1 0 1 0 1 1 0 1 0 1 18739 18.0522
1 1 1 1 0 0 1 1 0 1 1 1 0 0 1 1 1 1 1 0 18740 19.5488
1 0 1 0 0 1 1 1 0 1 1 1 0 0 1 1 1 0 1 1 18743 19.0693
0 0 1 0 1 0 1 1 1 1 1 0 1 1 1 0 0 0 0 1 18748 18.2913
1 1 1 1 0 0 1 0 0 1 1 1 0 1 1 1 1 0 1 0 18752 18.2874
1 1 0 1 1 0 1 1 1 0 1 1 1 0 1 1 1 1 1 0 18756 19.5115
0 0 1 1 0 1 1 0 1 1 1 0 1 0 1 0 0 1 0 1 18761 18.6835
0 0 0 1 1 1 1 0 1 1 1 0 1 1 1 0 0 0 0 1 18765 18.1198
1 1 0 0 0 1 0 0 0 0 1 1 0 0 1 0 1 1 1 0 18771 17.2980
0 0 1 0 1 1 1 1 1 1 0 0 1 1 1 0 0 0 0 1 18774 18.0180
0 0 1 1 0 0 1 1 1 1 0 0 0 0 1 1 0 0 0 1 18779 15.2489
1 1 1 0 0 0 0 0 0 0 1 1 0 1 1 0 1 1 1 0 18781 17.2248
0 0 0 0 1 1 1 1 1 1 0 0 0 1 1 1 0 0 0 1 18784 17.2704
1 1 1 1 1 1 1 1 0 0 1 1 1 0 1 1 1 1 1 0 18788 20.0625
0 1 0 1 1 0 1 1 0 1 1 0 1 1 1 1 0 0 0 0 18793 16.1271
0 0 1 1 0 1 1 1 1 1 0 0 1 0 1 0 0 1 0 1 18797 18.2652
1 1 0 0 1 0 1 0 0 0 1 1 1 0 1 1 1 0 1 0 18801 18.5815
1 1 0 1 0 0 0 1 0 0 1 1 0 0 1 0 1 0 1 0 18804 17.5935
0 0 0 1 0 1 1 1 1 1 0 0 0 0 1 1 0 1 0 1 18807 17.2102
1 1 1 0 0 1 1 1 0 0 1 1 0 0 1 1 1 0 1 0 18811 18.3305
0 0 0 0 1 1 1 1 1 1 0 0 1 1 1 1 0 1 0 1 18814 18.0056
1 0 1 1 1 0 1 0 1 0 0 1 1 1 0 1 1 0 1 1 18822 18.5212
0 1 0 0 0 0 1 0 1 0 1 0 1 0 1 1 0 1 0 0 18833 16.5527
0 1 1 1 0 0 1 1 1 1 1 0 1 0 1 1 0 1 0 1 18841 18.7826
0 1 1 0 1 1 1 1 1 1 1 0 0 1 1 1 0 0 0 1 18844 18.3939
0 1 1 1 0 1 1 1 1 1 1 0 1 0 1 1 0 1 0 1 18846 19.4712
1 0 1 1 0 0 1 0 0 1 1 1 0 0 1 1 1 0 1 0 18848 18.0216
0 1 0 0 1 1 1 0 1 1 1 0 0 1 1 1 0 1 0 1 18850 19.3617
1 0 0 1 1 0 1 1 1 0 1 1 1 1 1 1 1 1 1 0 18852 18.9863
0 1 1 1 1 0 1 0 1 1 1 0 1 1 1 1 0 1 0 1 18855 19.0838
0 1 1 1 0 0 1 0 1 1 1 0 0 0 1 1 0 1 0 1 18857 17.1772
1 0 1 0 0 0 1 1 0 1 1 1 0 0 1 1 1 1 1 0 18859 19.7275
0 1 0 1 1 0 1 0 1 1 1 0 0 1 1 1 0 0 0 1 18861 17.6969
0 1 0 0 1 1 1 0 1 1 1 0 1 1 1 1 0 1 0 1 18864 19.1485
1 1 0 1 0 0 1 1 0 1 1 1 0 1 1 1 1 0 1 1 18869 19.9064
1 1 0 0 0 1 1 0 0 1 1 1 0 1 1 1 1 1 1 1 18873 20.8602
1 1 1 1 0 0 1 0 0 1 1 1 0 1 1 1 1 1 1 1 18878 19.9411
1 1 0 1 1 0 1 1 1 0 1 1 1 0 1 1 1 0 1 1 18882 20.4124
0 0 0 1 0 1 1 0 1 1 1 0 1 0 1 0 0 1 0 0 18887 18.6165
0 0 1 0 1 1 1 1 1 1 0 0 0 1 1 0 0 0 0 0 18892 18.2886
0 1 1 0 1 0 1 1 0 1 1 0 1 1 1 1 0 1 0 1 18896 18.2535
1 1 0 0 1 0 0 1 0 0 1 1 1 0 1 0 1 1 1 1 18899 18.2509
0 1 1 0 1 0 1 0 0 1 1 0 1 1 1 1 0 1 0 1 18902 18.1892
1 0 0 1 1 0 1 1 1 0 0 1 1 1 1 1 1 0 1 0 18905 17.2779
1 1 1 0 0 1 0 1 0 0 1 1 0 1 1 0 1 1 1 1 18909 18.5902
0 0 1 1 1 1 1 1 1 1 0 0 0 1 1 0 0 1 0 0 18915 18.8126
0 0 1 0 0 0 1 1 1 1 0 0 0 0 1 0 0 1 0 0 18918 16.0734
1 1 0 1 0 1 1 0 0 0 1 1 0 1 1 1 1 0 1 1 18922 19.1285
0 1 1 1 1 0 1 0 0 1 1 0 1 1 1 1 0 0 0 1 18925 17.0929
1 1 1 0 1 1 1 0 0 0 1 1 1 1 1 1 1 0 1 1 18927 18.9531
1 1 1 1 0 0 1 1 0 0 1 1 0 1 1 1 1 0 1 1 18932 19.7684
1 0 1 1 1 0 1 1 1 0 0 1 1 1 1 1 1 1 1 0 18935 18.9660
1 0 0 1 0 0 1 0 0 1 0 1 0 0 0 1 1 1 1 0 18944 17.5626
1 0 0 0 1 0 1 1 1 0 0 1 1 1 0 1 1 1 1 0 18954 18.6866
0 1 1 1 0 0 1 1 1 1 1 0 1 0 1 0 0 0 0 1 18963 17.9301
0 1 0 1 1 0 1 1 1 1 1 0 1 1 1 0 0 1 0 1 18967 19.8177
1 0 0 0 0 1 1 1 0 1 1 1 0 1 1 1 1 1 1 0 18971 19.3773
0 1 1 0 1 0 1 0 1 1 1 0 1 1 1 0 0 1 0 1 18976 19.3313
1 0 1 0 0 0 1 1 0 1 1 1 0 1 1 1 1 0 1 0 18980 18.2712
0 1 1 0 1 0 1 1 1 1 1 0 1 1 1 0 0 1 0 0 18986 19.0685
1 0 0 0 1 1 1 1 1 0 1 1 1 0 1 1 1 0 1 1 18990 19.3916
1 0 0 1 1 0 1 0 1 0 1 1 1 0 1 1 1 1 1 1 18994 20.3298
0 1 1 0 0 1 1 0 1 1 1 0 0 0 1 0 0 1 0 0 19000 18.6443
0 1 0 1 0 1 1 1 1 1 1 0 1 0 1 0 0 1 0 0 19004 19.2773
1 0 1 0 0 0 1 0 0 1 0 1 0 1 1 1 1 0 1 0 19009 17.3002
1 0 1 1 1 0 1 0 1 0 0 1 1 0 1 1 1 0 1 1 19018 19.2265
0 1 0 0 1 1 1 1 0 1 1 0 1 1 1 0 0 1 0 1 19029 18.0252
1 0 0 1 1 1 1 1 1 0 0 1 1 0 1 1 1 1 1 1 19037 20.1772
0 1 1 0 1 0 1 0 0 1 1 0 1 1 1 0 0 0 0 0 19048 17.4414
1 0 1 1 1 0 1 1 1 0 0 1 1 0 1 1 1 1 1 1 19056 20.8209
0 1 0 1 0 1 1 0 1 0 1 0 1 0 1 0 0 1 0 1 19061 18.7157
0 1 1 0 1 1 1 1 0 1 1 0 0 1 1 0 0 1 0 1 19065 18.9785
1 0 0 0 0 1 1 0 0 1 0 1 0 1 0 1 1 1 1 1 19071 19.7149
1 0 1 1 1 1 1 1 1 0 0 1 1 0 0 1 1 1 1 1 19075 21.0952
1 0 0 1 0 1 1 1 0 1 0 1 0 1 0 1 1 0 1 1 19080 20.4776
1 0 0 1 1 0 0 0 0 0 1 1 1 1 1 0 1 1 1 0 19084 17.1720
0 1 1 1 1 1 1 1 1 1 0 0 0 1 1 1 0 0 0 1 19089 17.3161
0 1 1 0 0 1 0 1 1 1 0 0 1 0 0 1 0 0 0 1 19092 17.8282
1 0 1 1 0 1 1 0 0 0 1 1 0 0 1 1 1 1 1 0 19094 19.2477
0 1 0 1 0 1 1 1 1 1 0 0 1 0 1 0 0 0 0 1 19099 17.5037
0 1 0 0 0 0 0 1 1 1 0 0 0 0 0 1 0 0 0 1 19102 16.4829
1 0 0 0 1 0 0 0 0 0 1 1 1 1 1 0 1 1 1 1 19107 17.1547
1 0 0 1 0 0 1 1 0 0 1 1 0 1 1 1 1 1 1 1 19110 20.0753
0 1 1 1 0 1 0 1 1 1 0 0 1 0 0 1 0 0 0 0 19115 17.5774
1 0 1 0 0 1 1 0 0 0 1 1 0 0 1 1 1 1 1 1 19117 19.4676
0 1 0 0 1 0 1 1 1 1 0 0 1 1 1 1 0 0 0 0 19120 16.2076
0 1 0 1 0 0 0 1 1 1 0 0 0 0 0 1 0 0 0 0 19125 15.8558
0 0 1 1 1 0 1 1 0 1 1 0 1 1 1 0 0 1 0 0 19129 18.3765
0 0 0 0 1 0 1 0 0 1 1 0 1 1 1 0 0 1 0 0 19138 17.9708
1 1 1 0 1 1 1 1 1 0 0 1 1 0 1 1 1 0 1 1 19148 19.1131
1 0 1 0 1 0 1 0 0 0 0 1 1 1 1 1 1 1 1 0 19153 18.0631
1 1 1 0 0 1 1 0 0 0 0 1 0 1 1 1 1 0 1 0 19155 17.3284
1 0 0 0 1 1 1 1 0 0 0 1 1 0 1 1 1 1 1 1 19158 19.3524
0 1 1 0 1 0 1 1 0 1 0 0 1 1 1 0 0 0 0 1 19160 17.2107
0 0 1 0 0 0 1 1 1 0 0 0 0 0 1 0 0 1 0 1 19163 18.5156
0 1 1 0 0 1 1 1 1 0 0 0 0 0 1 1 0 0 0 1 19166 16.9035
0 1 1 1 0 0 0 1 1 0 0 0 0 0 0 1 0 0 0 0 19169 17.5410
1 1 0 1 0 1 1 1 0 0 0 1 0 1 1 1 1 0 1 1 19170 18.2917
1 0 1 1 0 1 1 1 0 0 0 1 0 0 1 1 1 1 1 0 19173 19.0063
1 0 1 1 1 1 1 1 0 0 0 1 1 1 1 1 1 1 1 0 19175 18.6339
1 0 1 0 1 0 1 0 0 0 0 1 1 1 0 1 1 1 1 0 19177 17.7801
1 0 0 0 1 1 1 1 0 0 0 1 1 0 0 1 1 1 1 1 19182 19.8236
0 1 1 0 0 0 1 1 1 0 0 0 1 0 1 0 0 0 0 1 19187 17.6768
0 1 1 1 0 0 1 1 1 0 0 0 1 0 1 1 0 0 0 0 19193 15.7548
1 0 1 1 0 1 1 1 0 0 0 1 0 0 0 1 1 1 1 0 19197 18.8091
1 1 1 1 1 1 1 0 1 0 0 1 1 1 1 1 1 1 1 1 19202 20.5203
1 0 0 0 0 0 1 1 0 0 1 1 0 1 1 1 1 0 1 0 19205 18.0123
0 1 1 0 0 0 1 1 1 1 0 0 1 0 1 1 0 1 0 1 19210 17.1775
1 0 0 1 1 1 0 1 0 0 1 1 1 1 1 0 1 0 1 0 19212 17.8749
0 1 0 1 1 0 1 1 1 1 0 0 1 1 1 1 0 1 0 1 19215 18.0669
0 1 0 0 0 0 1 1 1 1 0 0 0 0 1 0 0 1 0 1 19220 16.6944
1 0 1 1 1 0 0 1 0 0 1 1 1 0 1 0 1 0 1 0 19222 18.4968
0 1 1 0 1 0 1 1 1 1 0 0 1 1 1 0 0 1 0 0 19228 18.5345
1 1 0 1 1 1 1 0 1 0 0 1 1 1 1 1 1 1 1 0 19232 19.6978
1 0 0 0 1 1 0 1 0 0 1 1 1 1 1 0 1 0 1 1 19235 17.4432
0 1 0 0 1 1 1 1 1 1 0 0 0 1 1 0 0 1 0 0 19238 18.6506
0 0 1 1 1 1 1 0 0 1 1 0 1 1 1 1 0 0 0 1 19242 16.3488
1 0 1 0 1 0 0 1 0 0 1 1 1 0 1 0 1 0 1 1 19245 17.9728
0 0 0 1 1 0 1 0 0 1 1 0 1 1 1 0 0 0 0 1 19251 17.1919
1 1 0 0 1 0 1 0 1 0 0 1 1 0 1 1 1 1 1 0 19261 19.2715
1 1 1 1 0 1 1 1 0 1 0 1 0 1 1 1 1 1 1 0 19271 19.8335
0 1 1 0 0 1 1 1 1 0 0 0 0 0 1 0 0 1 0 0 19274 18.2931
1 0 1 1 0 1 1 0 0 0 0 1 0 1 1 1 1 0 1 0 19276 17.6426
0 0 1 1 1 0 1 1 0 1 0 0 1 1 1 0 0 0 0 1 19279 16.8323
1 1 1 1 1 0 1 0 0 0 0 1 1 1 1 1 1 1 1 1 19280 19.0942
1 1 0 1 1 1 1 1 0 0 0 1 1 0 1 1 1 1 1 0 19283 18.3596
0 0 1 1 0 1 1 1 1 0 0 0 0 0 1 1 0 0 0 0 19287 16.3321
1 0 0 1 0 1 1 1 0 0 0 1 0 1 1 1 1 0 1 0 19289 17.5272
0 0 0 0 1 1 1 1 0 1 0 0 1 1 1 0 0 0 0 0 19291 16.9711
0 1 0 1 1 1 1 1 0 1 0 0 1 1 1 0 0 1 0 1 19294 17.3107
0 0 0 1 1 1 0 1 0 1 0 0 1 1 0 1 0 0 0 1 19296 17.6348
1 0 1 1 0 1 1 0 0 0 0 1 0 0 0 1 1 0 1 0 19298 18.0186
1 0 1 0 1 0 1 0 0 0 0 1 1 1 0 1 1 0 1 1 19303 18.4507
1 0 0 0 1 1 1 1 0 0 0 1 1 0 0 1 1 0 1 0 19308 18.7593
0 1 1 1 0 0 0 1 1 0 0 0 1 0 0 1 0 1 0 1 19314 18.1242
0 1 0 1 0 0 1 1 1 0 0 0 1 0 1 1 0 1 0 0 19319 16.4270
0 0 0 0 1 0 1 0 0 1 1 0 0 1 1 1 0 0 0 0 19324 16.3689
1 1 0 1 1 0 1 0 1 0 0 1 1 1 0 1 1 1 1 1 19334 19.7780
0 0 1 1 0 0 1 0 1 0 1 0 1 0 1 1 0 1 0 0 19344 17.7524
0 0 1 1 1 0 1 1 0 1 1 0 0 1 1 1 0 1 0 1 19352 18.3974
1 1 0 0 0 1 1 1 0 1 0 1 0 0 0 1 1 1 1 0 19362 19.4325
1 1 1 0 1 1 1 0 1 0 0 1 1 0 0 1 1 1 1 0 19369 19.1101
0 0 1 1 0 1 1 1 1 0 1 0 1 0 1 0 0 0 0 1 19375 18.8366
0 0 1 0 1 1 1 1 0 1 1 0 0 1 1 0 0 0 0 1 19379 18.2190
0 0 1 1 1 1 1 0 0 1 1 0 0 1 1 0 0 0 0 0 19385 18.4889
1 1 1 1 1 1 1 1 1 0 0 1 1 0 0 1 1 1 1 0 19389 20.1045
1 1 1 0 0 0 1 0 0 0 0 1 0 1 0 1 1 1 1 0 19393 18.3658
0 0 1 1 1 1 1 1 0 1 0 0 0 1 1 0 0 0 0 0 19398 17.9225
1 1 1 1 0 1 1 0 0 0 0 1 0 1 0 1 1 1 1 1 19402 19.1263
1 1 0 1 1 1 1 0 0 0 0 1 1 1 0 1 1 1 1 1 19408 18.7429
0 0 0 0 0 0 1 1 1 0 0 0 1 0 1 0 0 0 0 1 19413 17.1333
0 0 1 1 0 1 1 1 1 0 0 0 1 0 1 0 0 1 0 0 19417 18.3120
1 1 0 1 0 1 1 1 0 0 0 1 0 0 0 1 1 0 1 1 19421 19.5115
1 1 1 0 1 1 1 0 0 0 0 1 1 1 0 1 1 0 1 1 19425 18.5448
0 0 1 0 0 1 1 1 1 0 0 0 1 0 1 1 0 1 0 0 19432 16.4481
0 0 0 1 1 1 1 1 0 1 0 0 0 1 1 0 0 1 0 0 19436 18.5171
1 1 1 1 1 0 1 1 0 0 0 1 1 0 0 1 1 0 1 1 19440 19.9441
1 1 0 0 1 1 1 0 1 0 1 1 1 1 1 1 0 1 1 0 19443 19.2832
0 0 1 1 0 0 1 1 1 1 1 0 0 0 1 1 1 1 0 1 19446 17.3475
0 1 0 0 0 0 1 1 1 1 1 0 1 0 1 1 1 1 0 0 19448 16.0894
0 0 0 0 0 0 1 0 1 1 1 0 1 0 1 1 1 1 0 1 19450 17.4552
0 1 1 0 1 1 1 0 1 1 1 0 1 1 1 1 1 0 0 0 19452 18.2698
0 0 1 1 1 1 1 0 1 1 1 0 0 1 1 1 1 1 0 1 19455 18.5559
1 0 1 1 1 0 1 0 1 0 1 1 1 1 1 1 0 1 1 1 19456 18.4878
0 0 0 0 1 1 1 1 1 1 1 0 1 1 1 1 1 1 0 1 19459 18.9095
1 1 1 1 1 1 1 1 1 0 1 1 1 1 1 1 0 1 1 0 19460 20.1396
0 1 0 0 0 0 1 0 1 1 1 0 0 0 1 1 1 1 0 0 19464 16.2092
0 0 1 0 0 1 1 1 1 1 1 0 1 0 1 0 1 1 0 1 19469 19.0463
0 0 0 1 1 1 1 0 1 1 1 0 0 1 1 0 1 1 0 1 19473 18.9023
1 1 1 0 1 1 1 0 1 0 1 1 1 0 1 1 0 1 1 0 19477 18.9799
0 0 1 0 0 1 1 0 1 1 1 0 1 0 1 0 1 1 0 1 19482 19.1149
0 0 0 0 1 1 1 0 1 1 1 0 1 1 1 0 1 0 0 1 19486 18.4294
0 0 1 0 0 1 1 1 1 1 0 0 0 0 1 0 1 0 0 1 19492 17.1350
1 1 0 1 1 1 1 1 0 0 1 1 1 0 1 1 0 1 1 0 19494 18.4613
0 0 1 1 1 1 1 1 1 1 0 0 1 1 1 1 1 0 0 1 19499 18.1123
1 0 0 0 1 0 1 0 1 0 0 1 1 1 1 1 0 0 1 1 19501 17.4707
1 1 1 1 1 0 1 0 0 0 1 1 1 0 1 1 0 1 1 0 19504 18.6442
0 0 0 1 1 0 1 1 1 1 0 0 0 1 1 1 1 0 0 1 19509 16.5098
0 0 1 1 0 1 1 1 1 1 0 0 0 0 1 0 1 1 0 1 19515 17.4520
1 1 0 0 0 1 1 1 0 0 1 1 0 0 1 1 0 0 1 0 19517 17.8200
0 0 1 0 1 1 1 1 1 1 0 0 0 1 1 1 1 1 0 1 19522 18.1583
1 0 0 0 1 1 1 1 1 0 0 1 1 1 1 1 0 1 1 1 19524 18.6137
1 1 1 0 0 0 1 0 0 0 1 1 0 0 1 1 0 0 1 0 19527 17.7237
0 0 0 0 0 1 1 1 1 1 0 0 1 0 1 0 1 1 0 1 19532 18.1232
1 1 1 1 1 1 0 1 0 0 1 1 1 1 1 0 0 0 1 0 19534 16.9003
1 0 0 0 1 1 1 0 1 0 0 1 1 1 0 1 0 1 1 1 19543 17.7031
0 1 0 1 0 0 1 0 1 0 1 0 1 0 1 1 1 1 0 0 19554 18.3550
1 1 0 0 0 0 1 0 0 1 1 1 0 0 1 1 0 0 1 1 19561 18.9041
1 0 0 1 1 1 1 0 1 0 1 1 1 1 1 1 0 1 1 0 19564 18.9927
0 1 1 1 1 1 1 1 1 1 1 0 1 1 1 1 1 1 0 1 19566 20.7151
0 0 0 1 0 1 1 0 1 1 1 0 0 0 1 1 1 1 0 0 19569 17.2226
1 0 0 1 0 1 1 0 0 1 1 1 0 0 1 1 0 1 1 0 19570 19.2874
0 1 0 1 1 1 1 1 1 1 1 0 0 1 1 1 1 0 0 1 19573 19.0697
1 1 1 0 0 1 1 0 0 1 1 1 0 0 1 1 0 1 1 1 19575 20.1968
1 0 0 0 0 1 1 1 0 1 1 1 0 0 1 1 0 0 1 0 19577 17.2138
1 0 1 0 1 1 1 1 1 0 1 1 1 1 1 1 0 1 1 0 19579 19.1700
1 0 1 0 1 0 1 1 1 0 1 1 1 1 1 1 0 1 1 0 19581 19.1147
1 1 1 1 1 0 1 1 1 0 1 1 1 1 1 1 0 0 1 1 19584 19.6962
0 0 1 1 0 0 1 1 1 1 1 0 0 0 1 0 1 1 0 0 19590 17.3317
0 0 0 0 0 0 1 0 1 1 1 0 1 0 1 0 1 1 0 0 19594 17.8369
0 0 1 1 1 1 1 0 1 1 1 0 0 1 1 0 1 1 0 0 19599 19.2053
0 0 0 0 1 1 1 1 1 1 1 0 1 1 1 0 1 1 0 0 19603 18.9284
0 0 0 0 0 1 1 0 1 1 1 0 1 0 1 0 1 1 0 0 19608 18.2399
1 1 0 1 1 0 0 0 0 0 1 1 1 1 1 0 0 1 1 1 19612 16.1374
0 0 1 1 1 1 1 1 1 1 0 0 0 1 1 1 1 0 0 0 19617 16.3278
0 0 1 0 0 1 0 1 1 1 0 0 1 0 0 1 1 0 0 0 19620 18.1535
1 1 1 1 0 1 0 0 0 0 1 1 0 0 1 0 0 1 1 1 19622 17.1274
0 0 0 1 0 1 1 1 1 1 0 0 1 0 1 0 1 0 0 0 19627 17.6505
0 0 0 0 0 0 1 1 1 1 0 0 0 0 1 1 1 0 0 0 19630 14.3299
1 1 0 0 1 0 0 0 0 0 1 1 1 1 1 0 0 0 1 1 19635 16.2298
1 1 0 1 0 0 1 1 0 0 1 1 0 1 1 1 0 0 1 1 19638 19.6777
0 0 1 1 0 1 0 1 1 1 0 0 1 0 0 1 1 1 0 0 19643 18.4227
1 1 1 0 0 1 0 0 0 0 1 1 0 0 1 0 0 0 1 1 19645 16.2517
0 0 0 0 1 0 1 1 1 1 0 0 1 1 1 1 1 1 0 0 19648 17.3641
0 0 0 1 0 0 1 1 1 1 0 0 0 0 1 1 1 1 0 0 19653 15.2194
0 1 0 0 1 0 1 1 0 1 1 0 0 1 1 1 1 1 0 1 19657 18.7412
0 1 1 1 1 1 1 1 0 1 1 0 0 1 1 1 1 1 0 1 19666 18.9919
1 0 0 1 1 0 1 0 1 0 0 1 1 1 0 1 0 0 1 0 19676 16.7484
0 1 1 0 0 0 1 1 1 1 1 0 1 0 1 0 1 0 0 1 19684 17.1460
0 1 0 0 1 0 1 1 1 1 1 0 1 1 1 0 1 1 0 1 19688 19.2906
1 0 0 1 0 1 1 1 0 1 1 1 0 1 1 1 0 1 1 0 19692 19.5999
1 0 1 1 1 0 1 0 1 0 1 1 1 0 1 1 0 1 1 0 19696 19.0291
0 1 0 1 0 1 1 0 1 1 1 0 1 0 1 0 1 0 0 1 19701 17.6698
0 1 1 1 1 0 1 1 1 1 1 0 1 1 1 0 1 0 0 0 19707 18.8619
1 0 1 0 0 0 1 0 0 1 1 1 0 1 1 1 0 0 1 1 19711 18.7167
1 0 0 0 1 0 1 1 1 0 1 1 1 0 1 1 0 1 1 1 19715 18.9246
1 0 0 1 0 1 1 0 0 1 1 1 0 1 1 1 0 0 1 1 19720 19.1063
1 0 1 1 0 0 1 1 0 1 1 1 0 1 1 1 0 1 1 1 19724 20.8229
1 0 1 1 0 0 1 0 0 1 0 1 0 1 1 1 0 0 1 0 19730 17.3603
1 0 0 0 1 1 1 1 1 0 0 1 1 0 1 1 0 0 1 0 19740 16.9039
0 1 0 1 0 0 1 0 1 0 1 0 0 0 1 0 1 1 0 0 19751 18.6086
0 1 1 1 1 0 1 1 0 1 1 0 1 1 1 0 1 0 0 1 19759 18.1079
1 0 0 1 0 1 1 1 0 1 0 1 0 1 1 1 0 1 1 0 19769 18.7637
0 1 1 0 1 0 1 1 0 1 1 0 0 1 1 0 1 1 0 0 19777 18.5022
0 1 0 0 0 1 1 0 1 0 1 0 1 0 1 0 1 1 0 1 19782 19.0111
0 1 1 1 1 1 1 1 0 1 1 0 0 1 1 0 1 1 0 1 19786 19.6232
1 0 0 1 0 1 1 0 0 1 0 1 0 1 0 1 0 1 1 1 19792 19.8504
1 0 1 0 1 1 1 1 1 0 0 1 1 0 0 1 0 1 1 1 19796 18.3416
0 0 0 1 1 0 1 1 0 1 1 0 1 1 1 1 1 1 0 0 19801 17.5155
0 1 1 1 0 1 1 1 1 1 0 0 1 0 1 0 1 0 0 1 19805 18.2313
1 0 0 0 1 0 1 0 0 0 1 1 1 0 1 1 0 1 1 0 19809 18.7840
1 0 0 1 0 0 1 1 0 0 1 1 0 0 1 1 0 1 1 0 19812 18.8185
0 1 0 1 0 1 1 1 1 1 0 0 0 0 1 1 1 0 0 1 19815 16.1508
1 0 1 0 0 1 1 1 0 0 1 1 0 0 1 1 0 1 1 0 19819 19.7960
0 1 0 0 1 1 1 1 1 1 0 0 1 1 1 1 1 0 0 1 19822 17.5334
0 1 1 0 0 0 0 1 1 1 0 0 1 0 0 0 1 0 0 0 19828 16.9373
0 0 1 1 1 0 1 1 0 1 1 0 1 1 1 1 1 1 0 1 19831 18.5693
1 0 0 0 0 0 1 1 0 0 1 1 0 0 1 1 0 1 1 1 19835 19.2986
0 1 0 0 0 1 0 1 1 1 0 0 0 0 0 0 1 0 0 0 19838 17.0334
1 0 1 1 1 1 1 0 0 0 1 1 1 1 1 1 0 1 1 1 19840 18.0761
0 1 0 1 1 1 1 1 1 1 0 0 1 1 1 1 1 0 0 0 19845 16.5762
0 0 1 0 1 0 1 1 0 1 1 0 1 1 1 0 1 1 0 0 19850 18.0366
0 0 1 1 1 1 1 1 0 1 1 0 1 1 1 0 1 1 0 1 19860 19.8021
1 1 1 0 1 1 1 1 1 0 0 1 1 0 1 1 0 0 1 0 19870 17.0714
0 0 0 0 0 1 1 1 1 0 0 0 0 0 1 0 1 1 0 1 19874 18.3625
0 1 0 0 0 1 1 1 1 0 0 0 0 0 1 1 1 0 0 1 19876 16.6798
0 1 0 1 0 1 1 1 1 0 0 0 0 0 1 0 1 0 0 0 19879 17.5605
1 1 1 1 0 1 1 0 0 0 0 1 0 0 1 1 0 0 1 1 19880 18.1107
1 0 0 1 0 1 1 1 0 0 0 1 0 0 1 1 0 1 1 0 19883 17.7115
1 1 0 1 0 1 1 0 0 0 0 1 0 1 1 1 0 0 1 0 19886 17.5689
0 1 1 1 1 1 0 1 0 1 0 0 1 1 0 1 1 0 0 0 19889 17.8650
1 1 0 1 1 1 1 1 0 0 0 1 1 1 1 1 0 0 1 1 19890 17.0233
0 0 0 1 0 0 1 1 1 0 0 0 0 0 1 0 1 1 0 1 19894 18.1242
0 0 0 1 0 0 1 1 1 0 0 0 0 0 1 1 1 1 0 1 19896 17.8084
0 1 0 0 1 0 1 1 0 1 0 0 0 1 1 0 1 0 0 1 19898 17.6265
0 1 1 1 1 0 1 1 0 1 0 0 0 1 1 0 1 0 0 1 19903 17.2692
0 1 1 1 0 0 1 1 1 0 0 0 1 0 1 0 1 0 0 1 19908 17.5577
1 0 0 1 0 1 1 1 0 0 0 1 0 1 0 1 0 1 1 0 19913 19.0138
1 0 1 0 0 1 1 1 0 0 0 1 0 0 0 1 0 1 1 0 19918 17.7201
0 1 1 1 1 1 1 1 1 1 0 0 0 1 1 0 1 1 0 1 19923 18.5698
0 1 1 0 0 0 1 1 1 1 0 0 0 0 1 0 1 1 0 1 19926 16.6232
1 0 0 1 0 1 1 0 0 0 1 1 0 1 1 1 0 0 1 0 19930 18.6841
0 0 1 1 1 0 1 0 0 1 1 0 1 1 1 1 1 0 0 0 19933 16.4843
1 0 1 0 1 1 1 0 0 0 1 1 1 1 1 1 0 0 1 0 19935 17.1628
1 0 1 1 0 0 1 1 0 0 1 1 0 1 1 1 0 0 1 0 19940 18.3844
1 1 1 1 1 0 1 1 1 0 0 1 1 1 1 1 0 1 1 1 19943 19.5897
1 0 0 1 1 1 0 0 0 0 1 1 1 0 1 0 0 0 1 1 19948 16.8831
0 1 1 1 1 0 1 1 1 1 0 0 1 1 1 1 1 1 0 0 19953 17.2786
0 0 1 1 1 1 1 1 0 1 1 0 1 1 1 1 1 0 0 1 19956 18.4118
1 0 1 1 1 0 0 0 0 0 1 1 1 1 1 0 0 0 1 1 19958 16.1918
0 1 0 1 1 0 1 1 1 1 0 0 0 1 1 0 1 1 0 0 19963 17.9746
0 1 0 0 0 1 0 1 1 1 0 0 1 0 0 1 1 1 0 0 19966 17.1016
0 0 1 0 1 1 1 1 0 1 1 0 1 1 1 0 1 0 0 0 19973 18.3386
1 1 0 0 1 0 1 0 1 0 0 1 1 0 1 1 0 1 1 1 19983 19.0685
1 1 1 1 0 1 1 1 0 1 0 1 0 1 1 1 0 1 1 1 19992 21.0658
0 1 1 0 1 0 1 1 0 1 0 0 1 1 1 0 1 1 0 0 19994 17.6832
0 0 1 0 0 0 1 1 1 0 0 0 0 0 1 0 1 0 0 0 19997 17.1007
1 0 1 0 0 1 1 0 0 0 0 1 0 0 1 1 0 0 1 1 19999 18.1263
0 0 0 1 1 0 1 1 0 1 0 0 1 1 1 1 1 0 0 0 20001 15.6307
0 1 1 1 1 1 1 1 0 1 0 0 1 1 1 0 1 1 0 1 20004 18.4872
1 0 0 0 0 1 1 0 0 0 0 1 0 1 1 1 0 0 1 1 20007 18.5231
1 0 0 1 1 1 1 1 0 0 0 1 1 1 1 1 0 0 1 0 20009 16.0647
1 0 1 1 1 1 1 1 0 0 0 1 1 0 1 1 0 0 1 1 20011 17.8405
1 1 1 0 1 1 1 1 0 0 0 1 1 0 1 1 0 1 1 0 20014 18.8001
1 0 1 1 0 0 1 1 0 0 0 1 0 0 1 1 0 0 1 1 20016 17.7566
0 1 0 1 1 0 1 1 0 1 0 0 0 1 1 1 1 1 0 1 20019 17.4128
0 1 0 0 1 0 1 1 0 1 0 0 0 1 1 0 1 1 0 0 20024 17.9948
1 0 0 0 1 1 1 0 0 0 0 1 1 1 0 1 0 0 1 0 20029 16.7053
1 0 0 1 0 0 1 1 0 0 0 1 0 0 0 1 0 0 1 1 20034 19.1760
1 0 1 1 0 1 1 1 0 0 0 1 0 1 0 1 0 0 1 0 20039 18.7585
0 0 0 0 1 0 1 0 0 1 1 0 0 1 1 1 1 1 0 0 20046 17.3731
1 1 1 0 1 1 1 1 1 0 0 1 1 1 0 1 0 0 1 1 20056 19.6388
0 0 0 0 0 1 1 1 1 0 1 0 1 0 1 1 1 1 0 1 20065 18.2168
1 1 0 1 1 1 1 1 1 0 0 1 1 1 0 1 0 0 1 0 20073 19.0614
0 0 1 0 1 0 1 0 0 1 1 0 0 1 1 1 1 1 0 1 20084 17.7087
0 0 1 1 1 0 1 1 0 1 1 0 0 1 1 0 1 1 0 0 20090 18.6569
1 1 1 1 0 0 1 0 0 1 0 1 0 1 0 1 0 0 1 1 20095 19.0280
0 0 1 1 1 1 1 1 0 1 1 0 0 1 1 0 1 0 0 1 20100 18.9726
1 1 1 1 1 0 1 1 1 0 0 1 1 0 0 1 0 0 1 0 20105 18.4603
1 1 1 0 1 1 1 1 1 0 0 1 1 0 0 1 0 1 1 0 20110 17.5757
0 0 0 0 0 1 1 1 1 0 0 0 1 0 1 0 1 0 0 1 20114 18.0318
0 0 1 1 0 1 1 1 1 0 0 0 1 0 1 0 1 0 0 1 20119 18.3169
1 1 0 1 0 1 1 1 0 0 0 1 0 0 0 1 0 1 1 0 20123 18.6744
0 0 1 1 1 1 1 1 0 1 0 0 0 1 1 1 1 0 0 0 20129 16.0102
0 0 0 1 0 0 1 1 1 0 0 0 1 0 1 0 1 0 0 1 20134 17.9335
1 1 1 0 0 1 1 0 0 0 0 1 0 0 0 1 0 0 1 0 20137 17.9490
1 1 0 0 0 1 1 1 0 0 0 1 0 0 0 1 0 0 1 1 20142 19.3741
1 1 1 1 1 1 1 0 0 0 0 1 1 1 0 1 0 0 1 1 20146 17.5821
0 0 1 1 0 0 0 1 1 0 0 0 1 0 0 1 1 1 0 0 20153 18.4378
0 0 0 0 1 1 1 1 0 1 0 0 0 1 1 0 1 1 0 1 20157 18.5568
0 0 0 1 1 1 1 0 1 0 1 1 0 1 1 0 0 1 0 0 20161 17.8393
1 1 1 0 1 1 1 1 1 1 1 0 1 0 0 1 0 0 1 1 20165 19.0633
0 0 1 1 0 1 1 0 0 1 1 1 1 0 1 0 1 1 0 0 20170 17.8257
0 0 0 1 1 0 1 0 1 0 1 1 0 1 1 0 1 1 0 0 20176 17.7753
1 1 0 1 0 1 1 1 1 1 1 0 1 1 0 1 0 0 1 1 20180 19.4597
1 1 1 0 1 1 1 0 1 1 1 0 1 0 0 1 1 0 1 1 20184 19.1894
0 0 0 1 0 0 1 1 0 1 1 1 1 0 1 0 1 1 1 0 20189 18.3615
0 0 1 0 1 0 1 0 1 0 1 1 0 1 1 0 1 1 1 0 20193 17.9890
1 1 1 1 0 0 1 0 1 1 1 0 1 1 0 1 0 0 0 1 20199 17.7716
1 1 0 0 1 1 1 1 1 1 1 0 1 0 0 1 0 0 0 1 20203 18.8605
1 1 1 0 0 0 1 0 1 1 1 0 0 1 0 1 1 0 0 1 20208 16.3114
0 0 1 1 1 0 1 0 1 0 0 1 0 1 1 0 1 1 0 0 20212 17.6238
1 1 1 0 1 0 1 1 0 1 1 0 1 0 0 1 0 0 1 1 20216 18.1703
1 1 0 1 1 1 1 1 0 1 1 0 1 0 0 1 1 0 0 1 20222 18.7638
0 0 1 1 0 0 1 1 0 1 0 1 1 0 1 0 1 1 1 0 20227 18.4720
0 0 1 1 0 1 1 1 0 1 0 1 1 0 1 0 1 1 1 0 20232 19.2872
1 1 1 0 0 1 1 1 1 0 1 0 1 1 0 1 1 0 1 1 20239 19.1328
1 1 0 0 1 1 1 0 0 1 1 0 0 0 0 1 1 0 1 1 20249 18.2280
0 0 1 0 0 0 1 0 0 1 0 1 1 0 0 0 1 1 0 0 20258 16.7295
1 1 0 1 1 0 1 0 0 1 1 0 0 0 0 1 0 0 0 1 20267 18.1068
0 0 0 1 1 0 1 0 1 0 0 1 0 1 0 0 1 1 1 0 20278 17.9772
1 0 1 1 1 0 1 1 1 1 1 0 1 0 0 1 1 0 1 1 20282 18.1741
0 1 1 0 0 0 1 0 0 1 1 1 1 0 1 0 0 1 0 0 20288 16.2635
0 1 1 1 1 1 1 1 1 0 1 1 0 1 1 0 0 1 0 0 20293 19.0248
0 1 1 1 1 0 1 1 1 0 1 1 0 1 1 0 0 1 0 0 20298 18.0591
0 1 1 0 1 0 1 1 1 0 1 1 0 1 1 0 1 1 0 0 20303 18.9991
1 1 1 1 1 1 1 1 1 1 1 0 0 0 0 0 0 0 0 1 20305 18.6914
1 1 1 0 0 1 1 1 1 1 1 0 1 1 0 0 1 0 0 1 20307 19.5486
1 1 1 1 1 0 1 1 1 1 1 0 0 0 0 0 0 0 0 1 20310 17.7431
0 1 1 1 1 1 1 0 1 0 1 1 0 0 1 0 1 1 0 0 20312 18.5733
0 0 1 0 0 1 1 0 0 1 1 1 1 1 1 0 0 1 1 0 20315 17.9799
0 1 1 0 0 0 1 1 0 1 1 1 1 1 1 0 0 1 0 0 20318 18.3901
0 0 0 0 0 1 1 1 0 1 1 1 1 1 1 0 1 1 1 0 20321 18.7305
1 1 0 0 0 1 1 0 1 1 1 0 1 1 0 0 1 0 0 1 20322 18.6424
1 1 1 1 0 1 1 0 1 1 1 0 0 1 0 0 1 0 0 1 20325 18.5174
1 1 1 1 1 0 1 0 1 1 1 0 0 0 0 0 1 0 0 1 20327 17.5866
1 1 1 1 0 1 1 1 1 0 1 0 0 1 0 0 1 0 0 1 20330 18.0376
1 1 0 0 1 0 1 0 0 1 1 0 1 0 0 0 1 0 0 1 20340 18.1511
0 0 1 0 0 1 1 1 0 1 0 1 1 1 1 0 1 1 1 0 20351 19.8623
0 1 0 1 1 1 0 0 0 0 1 1 0 0 1 1 1 1 0 0 20356 18.3968
0 0 1 0 1 1 1 0 1 0 0 1 0 0 0 0 0 1 1 0 20360 18.8840
1 1 0 1 1 0 1 0 0 1 1 0 0 0 0 0 1 0 0 1 20363 18.9415
0 1 1 1 1 0 0 0 0 0 1 1 0 1 1 1 1 1 0 0 20366 18.0787
1 1 0 1 1 1 1 0 0 1 1 0 0 0 0 0 1 0 0 1 20369 18.9459
1 0 0 1 0 1 1 1 1 1 0 0 1 1 0 1 0 0 1 1 20373 19.7376
0 1 0 0 1 1 0 0 0 0 1 1 0 0 1 1 0 1 0 0 20379 17.9511
0 1 0 1 0 0 1 1 0 0 1 1 1 1 1 0 0 1 0 0 20382 16.7894
1 0 1 0 0 0 1 1 1 1 0 0 1 1 0 1 1 0 1 1 20386 18.4608
0 1 1 0 1 0 0 0 0 0 1 1 0 1 1 1 0 1 0 0 20389 17.4938
1 0 0 1 1 0 1 1 1 1 0 0 1 0 0 1 1 0 1 1 20391 18.6705
1 0 0 0 0 0 1 1 1 1 0 0 0 1 0 0 1 0 1 1 20396 17.4225
1 1 1 1 1 1 1 0 0 1 1 0 0 0 0 0 0 0 0 1 20399 18.8969
1 0 1 1 0 1 1 1 1 1 1 0 1 1 0 1 1 0 0 1 20404 18.9530
1 0 0 1 1 0 1 1 1 1 1 0 1 0 0 1 1 0 0 1 20408 18.2772
0 1 0 0 0 1 1 0 0 1 1 1 1 0 1 0 1 1 1 0 20415 18.2513
0 1 1 1 1 1 1 1 1 0 1 1 0 1 1 0 1 1 1 0 20419 20.1560
0 1 0 1 1 0 1 1 1 0 1 1 0 1 1 0 0 1 1 0 20424 18.5995
0 1 0 1 0 0 1 0 0 1 1 1 1 1 1 0 1 1 1 0 20426 18.3622
1 1 1 1 0 0 1 1 1 1 1 0 0 1 0 0 1 0 1 1 20428 17.6696
0 1 1 1 1 1 1 0 1 0 1 1 0 0 1 0 0 1 1 0 20431 18.7600
1 1 0 0 1 0 1 1 1 1 1 0 1 0 0 0 0 0 1 1 20432 18.3609
1 1 0 1 1 0 1 0 1 1 1 0 1 0 0 0 1 0 1 1 20435 18.5521
0 0 0 0 0 1 1 0 0 1 1 1 1 1 1 0 1 1 0 0 20439 17.4297
1 1 0 1 0 0 1 0 1 1 1 0 0 1 0 0 1 0 1 1 20441 17.7366
0 0 1 1 1 1 1 1 1 0 1 1 0 0 1 0 1 1 0 0 20443 19.4517
0 1 0 1 1 0 1 0 1 0 1 1 0 0 1 0 0 1 1 0 20446 18.6586
0 0 0 1 1 0 1 1 1 0 1 1 0 0 1 0 0 1 0 0 20448 18.9139
1 1 1 0 1 1 1 1 0 1 1 0 1 0 0 0 0 0 1 1 20453 18.7330
0 0 0 1 1 0 1 0 1 0 0 1 0 0 1 0 1 1 0 0 20464 18.0083
1 1 1 0 1 1 1 0 0 1 1 0 1 0 0 0 1 0 1 1 20472 19.3802
0 1 0 0 0 0 1 1 0 0 1 1 1 1 1 0 1 1 1 0 20477 18.6072
1 0 1 1 0 0 1 1 1 1 0 0 1 1 0 1 0 0 0 1 20481 18.5644
0 0 1 1 1 0 1 0 1 0 0 1 0 0 0 0 0 1 0 0 20484 18.3147
1 0 0 0 1 0 1 1 1 1 0 0 1 0 0 0 0 0 0 1 20486 18.4150
1 0 0 1 0 0 1 1 1 1 0 0 0 1 0 0 0 0 0 1 20491 17.3044
0 1 1 1 1 1 0 1 0 0 1 1 0 1 1 1 1 1 1 0 20494 18.7570
0 1 0 1 0 0 1 0 0 0 1 1 1 1 1 0 0 1 1 0 20500 17.2122
1 0 1 0 1 1 1 1 1 1 0 0 1 0 0 0 1 0 0 1 20502 19.0780
0 0 1 0 1 0 1 0 1 0 0 1 0 0 0 0 1 1 0 0 20507 18.2979
1 0 0 1 1 0 1 1 1 1 0 0 1 0 0 0 1 0 0 1 20509 18.2362
1 0 0 0 1 1 1 1 1 1 0 0 0 0 0 1 1 0 0 1 20512 18.6291
0 1 1 0 1 1 0 1 0 0 1 1 0 1 1 1 0 1 1 0 20517 19.5687
1 0 1 1 0 1 1 1 1 0 1 0 0 1 0 1 0 0 0 1 20521 17.3034
0 1 0 0 1 1 1 1 1 0 0 1 0 1 1 0 1 1 1 0 20526 19.0913
1 0 1 1 0 0 1 1 1 0 1 0 0 1 0 1 1 0 1 1 20530 17.2731
1 0 0 1 1 1 1 1 0 1 1 0 1 0 0 1 1 0 1 1 20536 18.4939
0 1 1 1 0 0 1 1 0 1 0 1 1 0 1 0 1 1 0 0 20541 17.3920
0 1 0 0 1 1 1 0 1 0 0 1 0 0 1 0 1 1 1 0 20545 18.4006
0 1 1 1 1 0 1 0 1 0 0 1 0 0 1 0 1 1 1 0 20554 18.4374
1 0 0 1 1 1 1 1 0 1 1 0 1 0 0 0 0 0 0 1 20564 18.1991
0 1 0 1 1 1 1 1 1 0 0 1 0 0 1 0 1 1 0 0 20573 18.5398
1 0 1 1 1 0 1 0 0 1 1 0 1 0 0 0 0 0 1 1 20583 17.9067
1 0 1 0 0 0 1 0 1 0 1 0 0 1 0 0 1 0 1 1 20592 18.0787
1 0 1 0 1 1 1 1 0 1 0 0 1 0 0 0 0 0 1 1 20597 17.8934
0 1 1 1 0 0 1 0 0 0 0 1 1 0 1 0 1 1 0 0 20602 18.0774
0 1 1 0 0 1 1 0 0 0 0 1 1 1 1 0 1 1 1 0 20607 17.8042
0 1 1 0 1 0 1 1 0 0 0 1 0 1 1 0 1 1 1 0 20611 19.2091
1 0 0 1 1 1 1 1 0 1 0 0 1 0 0 1 0 0 1 1 20615 18.2069
1 0 1 0 0 0 0 1 1 0 0 0 0 1 1 0 1 0 1 1 20621 17.8198
1 0 1 1 0 1 1 1 1 0 0 0 0 1 0 1 1 0 0 1 20625 18.2333
1 0 0 0 0 1 1 1 1 0 0 0 0 1 0 0 1 0 0 1 20630 17.8816
1 0 1 0 1 1 1 1 0 1 0 0 1 0 0 1 1 0 1 1 20634 18.9700
0 1 1 0 0 1 1 1 0 0 0 1 1 1 1 0 0 1 0 0 20639 16.7679
0 1 1 1 1 1 1 0 1 0 0 1 0 1 0 0 0 1 1 0 20647 18.7341
1 0 0 0 0 0 1 0 1 0 1 0 1 1 0 1 1 0 1 1 20657 17.6282
1 0 1 1 1 0 1 1 0 1 1 0 0 0 0 0 1 0 0 1 20666 18.8982
1 1 1 1 0 0 1 1 1 1 0 0 0 1 0 0 0 0 1 1 20669 17.2336
0 0 0 1 0 1 1 0 0 0 1 1 1 1 1 0 1 1 0 0 20674 17.1508
1 1 1 0 1 0 1 1 1 1 0 0 0 0 0 1 0 0 1 1 20676 17.5595
0 0 1 0 1 1 1 0 0 0 1 1 0 1 1 0 1 1 0 0 20679 17.9693
0 0 1 1 0 0 1 1 0 0 1 1 1 1 1 0 1 1 0 0 20684 18.2387
1 0 1 0 1 0 1 0 0 1 1 0 0 0 0 0 1 0 0 1 20686 18.6903
0 1 0 0 1 1 1 1 1 0 0 1 0 0 0 0 0 1 0 0 20692 19.1485
1 0 0 1 1 0 1 1 0 1 1 0 0 0 0 0 1 0 1 1 20696 18.8102
1 1 1 1 1 0 1 1 1 1 0 0 0 0 0 1 0 0 0 1 20699 17.6875
0 0 1 1 1 1 0 0 0 0 1 1 0 0 1 1 1 1 1 0 20702 18.5605
0 1 1 1 1 0 1 1 1 0 0 1 0 0 0 0 0 1 0 0 20706 18.9599
1 0 1 1 1 0 1 0 0 1 1 0 0 0 0 0 1 0 1 1 20709 18.6636
0 0 0 0 0 1 1 0 0 0 0 1 1 0 1 0 1 1 1 0 20715 18.1231
0 0 1 0 1 1 1 0 0 0 0 1 0 0 1 0 1 1 0 0 20719 18.0982
1 1 1 1 0 0 1 1 1 0 0 0 0 1 0 1 0 0 0 1 20723 16.6692
0 0 1 1 1 1 1 0 0 0 0 1 0 1 1 0 1 1 1 0 20728 18.3754
1 1 0 1 0 0 0 1 1 0 0 0 0 1 1 0 0 0 1 1 20732 16.5004
1 0 1 1 0 1 1 1 1 0 0 0 1 1 0 0 1 0 1 1 20737 19.3138
1 1 1 0 1 0 1 1 0 1 0 0 0 0 0 0 0 0 0 1 20740 18.4112
0 0 0 1 1 1 1 1 0 0 0 1 0 0 0 0 1 1 1 0 20742 19.0877
0 1 1 0 0 0 1 0 0 0 0 1 1 0 0 0 0 1 0 0 20745 17.8357
1 1 1 0 0 1 1 1 1 0 0 0 1 1 0 1 0 0 0 1 20746 17.5268
0 1 1 0 1 1 1 0 0 0 0 1 0 0 0 0 0 1 1 0 20749 18.5707
1 0 1 1 0 1 1 1 1 0 0 0 1 1 0 1 1 0 1 1 20751 19.7734
1 1 1 1 0 0 1 1 1 0 0 0 1 1 0 1 0 0 1 1 20753 17.8608
1 1 0 0 1 1 1 1 0 1 0 0 0 0 0 0 0 0 1 1 20755 18.7245
1 1 0 1 1 1 1 1 0 1 0 0 0 0 0 1 0 0 0 1 20757 18.7750
1 0 0 0 1 1 1 1 0 1 0 0 0 0 0 1 1 0 1 1 20760 18.8509
0 1 0 1 1 1 1 1 1 0 0 1 0 1 0 0 1 1 0 0 20769 18.6112
1 0 1 1 1 0 1 0 0 1 1 0 0 0 0 1 0 0 1 1 20779 17.2310
1 1 1 1 0 0 0 1 1 1 0 0 1 1 1 0 1 0 1 1 20787 17.7648
0 0 0 1 1 1 1 1 0 0 1 1 0 0 1 0 0 1 0 0 20790 18.1718
0 0 0 0 0 0 1 1 0 0 1 1 1 0 1 0 0 1 0 0 20795 18.3886
1 1 0 1 0 1 1 1 1 1 0 0 0 1 0 0 1 0 1 1 20797 18.2009
0 0 1 1 1 0 1 0 0 0 1 1 0 0 1 0 0 1 0 0 20800 17.8844
1 1 0 0 1 1 1 1 1 1 0 0 1 0 0 0 1 0 1 1 20804 18.8419
0 1 0 1 1 1 1 0 1 0 0 1 0 0 0 0 1 1 0 0 20809 18.6253
0 0 0 0 0 1 1 1 0 0 1 1 1 0 1 0 0 1 1 0 20813 17.8166
1 1 1 1 1 1 1 1 1 1 0 0 0 0 0 1 1 0 0 1 20817 18.6025
1 1 1 0 0 0 1 1 1 1 0 0 0 1 0 1 1 0 0 1 20820 17.5491
0 0 1 0 0 0 1 0 0 0 1 1 1 0 1 0 0 1 1 0 20823 17.4591
1 1 0 1 0 1 1 1 1 1 0 0 1 1 0 0 1 0 0 1 20827 18.4177
0 1 0 1 1 0 1 0 1 0 0 1 0 0 0 0 1 1 0 0 20830 18.5546
1 1 1 0 1 0 1 1 0 1 0 0 1 0 0 0 1 0 0 1 20836 18.0959
0 0 1 0 0 0 1 0 0 0 0 1 1 0 1 0 0 1 0 0 20841 17.3852
0 0 1 0 1 1 1 0 0 0 0 1 0 0 1 0 0 1 1 0 20845 18.1325
1 1 1 1 0 0 1 1 1 0 0 0 0 1 0 1 1 0 1 1 20849 18.3555
1 1 0 1 1 1 1 1 0 1 0 0 1 0 0 1 1 0 0 1 20853 18.7794
1 0 1 0 0 1 1 1 1 0 0 0 1 1 0 0 0 0 1 1 20858 17.8996
0 0 0 0 1 1 1 1 0 0 0 1 0 0 0 0 0 1 1 0 20861 18.9055
1 1 1 1 1 1 0 1 0 1 0 0 0 0 1 0 1 0 1 1 20862 18.2656
0 1 1 0 1 1 1 0 0 0 0 1 0 1 0 0 1 1 0 0 20865 18.3470
0 0 0 0 0 1 1 1 0 0 0 1 1 1 0 0 0 1 1 0 20867 17.6600
0 1 1 1 0 1 1 0 0 0 0 1 1 0 0 0 1 1 1 0 20870 18.5861
0 1 1 1 0 0 1 0 0 0 0 1 1 0 0 0 1 1 1 0 20872 18.3967
0 1 0 1 1 1 1 1 0 0 0 1 0 1 0 0 1 1 0 0 20874 18.5834
0 0 1 1 1 0 1 1 0 0 0 1 0 1 0 0 0 1 1 0 20876 18.9898
1 1 0 0 0 0 1 1 1 0 0 0 1 1 0 1 1 0 0 1 20878 18.3792
1 1 1 0 1 1 1 1 1 1 1 0 0 0 0 1 1 0 1 0 20881 17.7675
1 1 1 1 1 1 1 1 1 1 1 0 1 0 0 1 0 0 1 0 20886 18.6172
0 0 1 0 0 1 1 0 0 1 1 1 1 0 1 0 0 1 0 1 20891 16.9155
0 0 0 0 0 1 1 1 0 1 1 1 1 0 1 0 1 1 0 1 20897 17.9000
1 1 1 1 0 0 1 0 1 1 1 0 1 1 0 1 1 0 1 0 20901 16.8101
0 0 0 0 1 1 1 0 1 0 1 1 0 1 1 0 1 1 1 1 20905 18.1765
0 0 0 0 0 0 1 1 0 1 1 1 1 0 1 0 1 1 1 1 20910 18.3780
0 0 1 1 1 0 1 0 1 0 1 1 0 1 1 0 1 1 1 1 20914 18.1123
1 1 1 0 0 0 1 0 1 1 1 0 1 1 0 1 0 0 0 0 20920 16.7671
1 1 0 1 1 1 1 1 1 1 1 0 1 0 0 1 0 0 0 0 20924 16.3073
0 0 1 1 0 0 1 0 0 1 0 1 1 0 1 0 0 1 0 1 20929 16.1521
0 0 0 1 1 1 1 1 1 0 0 1 0 1 1 0 1 1 1 1 20933 18.7980
1 1 1 0 0 0 1 1 1 0 1 0 0 1 0 1 1 0 1 0 20937 17.5451
1 1 0 0 1 1 1 1 0 1 1 0 1 0 0 1 1 0 1 0 20943 18.2390
0 0 1 0 0 0 1 1 0 1 0 1 1 0 1 0 1 1 1 1 20948 18.8334
1 1 1 1 0 0 1 0 1 0 1 0 0 1 0 1 1 0 1 0 20952 16.5958
1 1 1 1 0 1 1 1 1 0 1 0 1 1 0 1 1 0 1 0 20960 18.8103
1 1 0 1 1 1 1 0 0 1 1 0 0 0 0 1 1 0 1 0 20970 17.1439
0 0 0 1 1 1 1 1 1 0 0 1 0 1 0 0 1 1 1 1 20979 18.5038
1 1 0 0 1 1 1 1 0 1 1 0 0 0 0 1 0 0 0 0 20989 18.1244
1 1 1 0 0 0 1 0 1 0 1 0 1 1 0 1 0 0 1 0 20999 16.2234
1 0 1 0 1 1 1 1 1 1 1 0 1 0 0 1 1 0 1 0 21003 19.1997
1 0 0 1 0 1 1 1 1 1 1 0 0 1 0 1 1 0 1 0 21008 17.8136
0 1 1 0 1 1 1 1 1 0 1 1 0 1 1 0 0 1 0 1 21014 19.0261
1 0 0 0 1 0 1 0 1 1 1 0 0 0 0 1 1 0 1 0 21018 15.9290
1 0 1 1 1 1 1 0 1 1 1 0 1 0 0 1 1 0 1 0 21023 18.4565
0 0 0 0 0 0 1 0 0 1 1 1 1 1 1 0 0 1 1 1 21026 18.1424
0 1 0 0 0 0 1 1 0 1 1 1 1 1 1 0 0 1 0 1 21028 17.6189
0 0 1 0 0 0 1 0 0 1 1 1 1 1 1 0 1 1 1 1 21031 18.0959
1 1 0 1 0 0 1 1 1 1 1 0 1 1 0 0 1 0 0 0 21032 18.3536
1 1 0 1 0 1 1 0 1 1 1 0 0 1 0 0 1 0 0 0 21035 18.3116
1 1 0 1 0 1 1 1 1 1 1 0 1 1 0 0 1 0 0 0 21038 18.6085
0 0 0 0 1 0 1 1 1 0 1 1 0 0 1 0 1 1 1 1 21041 19.0252
1 1 0 0 1 1 1 0 1 1 1 0 1 0 0 0 1 0 0 0 21042 18.5902
0 0 0 1 0 1 1 0 0 1 1 1 1 1 1 0 0 1 1 1 21046 18.0632
0 1 0 1 0 1 1 1 0 1 1 1 1 1 1 0 0 1 0 1 21048 18.2498
0 0 0 0 1 1 1 1 1 0 0 1 0 0 1 0 0 1 1 1 21052 18.5546
1 1 0 1 1 1 1 1 0 1 1 0 1 0 0 0 1 0 0 0 21062 18.4745
0 0 1 1 0 1 1 1 0 1 0 1 1 1 1 0 1 1 1 1 21072 19.6129
1 1 1 1 1 1 1 1 0 1 1 0 0 0 0 0 1 0 0 0 21076 18.9971
0 1 0 0 1 0 1 0 0 0 1 1 0 0 1 0 1 1 0 1 21081 18.2076
0 1 0 1 0 1 0 1 0 0 1 1 1 1 1 1 1 1 0 1 21084 18.2600
1 0 0 0 0 0 1 1 1 1 0 0 1 1 0 0 0 0 1 0 21086 17.9440
0 1 1 0 0 1 1 1 0 0 1 1 1 0 1 0 1 1 0 1 21091 19.9357
0 1 1 1 0 0 0 1 0 0 1 1 1 0 1 1 1 1 0 1 21094 19.9340
1 1 1 0 1 1 1 1 0 1 1 0 0 0 0 0 0 0 0 0 21099 18.8066
1 0 1 0 0 0 1 1 1 1 0 0 0 1 0 0 1 0 1 0 21102 16.8934
0 1 0 0 0 1 1 1 0 0 1 1 1 1 1 0 0 1 0 1 21107 16.6521
1 0 0 1 0 0 0 1 1 1 0 0 1 1 1 0 1 0 1 0 21109 17.8775
0 1 1 1 1 1 1 0 0 0 1 1 0 1 1 0 0 1 0 1 21112 18.0778
0 1 1 0 0 0 1 1 0 0 1 1 1 0 1 0 0 1 0 1 21117 18.6889
0 1 0 0 0 0 1 0 0 1 1 1 1 0 1 0 1 1 1 1 21121 17.8241
1 0 1 0 0 1 1 1 1 1 1 0 1 1 0 1 0 0 0 0 21125 17.8406
1 0 0 1 1 0 1 0 1 1 1 0 1 0 0 1 0 0 0 0 21129 16.5127
0 1 0 1 0 1 1 0 0 1 1 1 1 0 1 0 1 1 1 1 21136 18.1802
0 1 1 0 1 1 1 1 1 0 1 1 0 1 1 0 1 1 1 1 21140 20.0393
1 0 1 0 1 0 1 0 1 1 1 0 0 0 0 1 1 0 0 0 21144 15.9366
0 1 0 1 1 1 1 0 1 0 1 1 0 0 1 0 1 1 1 1 21146 18.6465
0 0 0 1 0 0 1 1 0 1 1 1 1 1 1 0 1 1 0 1 21149 18.5378
1 1 0 0 0 1 1 1 1 1 1 0 0 1 0 0 1 0 1 0 21151 18.3271
0 0 1 0 1 0 1 0 1 0 1 1 0 0 1 0 1 1 0 1 21153 18.1635
0 1 1 1 1 0 1 0 1 0 1 1 0 0 1 0 0 1 1 1 21156 18.6032
1 1 1 1 0 1 1 0 1 1 1 0 0 1 0 0 0 0 1 0 21159 18.3191
1 1 0 1 1 0 1 0 1 1 1 0 0 0 0 0 1 0 1 0 21161 17.3259
1 1 0 0 1 0 1 1 1 1 1 0 0 0 0 0 0 0 1 0 21163 17.4435
1 1 1 0 1 0 1 0 1 1 1 0 1 0 0 0 1 0 1 0 21166 18.1632
1 1 0 0 0 0 1 0 1 1 1 0 0 1 0 0 0 0 1 0 21168 17.3033
0 0 1 0 1 1 1 0 1 0 0 1 0 0 1 0 1 1 0 1 21175 18.2265
1 1 0 1 0 0 1 0 1 0 1 0 0 1 0 0 1 0 1 0 21185 18.0035
1 1 1 1 1 0 1 1 0 1 1 0 0 0 0 0 1 0 1 0 21194 18.6768
1 0 1 1 0 0 1 1 1 1 0 0 0 1 0 0 0 0 0 0 21197 16.9106
0 1 0 1 0 1 1 0 0 0 1 1 1 1 1 0 1 1 1 1 21202 18.0153
1 0 1 0 1 0 1 1 1 1 0 0 0 0 0 1 0 0 0 0 21204 16.3891
0 1 1 0 1 1 1 0 0 0 1 1 0 1 1 0 1 1 1 1 21207 18.4930
0 1 1 1 0 0 1 1 0 0 1 1 1 1 1 0 1 1 1 1 21212 19.7293
1 1 1 0 1 0 1 0 0 1 1 0 0 0 0 0 1 0 1 0 21214 18.5229
0 0 0 0 1 1 1 1 1 0 0 1 0 0 0 0 1 1 0 1 21220 18.7407
1 1 0 1 1 0 1 1 0 1 1 0 0 0 0 0 0 0 1 0 21224 18.5853
1 0 1 1 1 0 1 1 1 1 0 0 0 0 0 1 1 0 0 0 21227 16.5806
0 1 1 1 1 1 0 0 0 0 1 1 0 0 1 1 0 1 1 1 21230 18.1079
0 0 1 1 1 0 1 1 1 0 0 1 0 0 0 0 1 1 0 1 21234 18.6565
1 1 1 1 1 0 1 0 0 1 1 0 0 0 0 0 0 0 1 0 21237 18.2480
0 1 1 0 0 0 1 0 0 1 0 1 1 0 1 0 0 1 0 1 21242 16.2665
0 1 1 0 0 0 1 0 0 1 0 1 1 0 1 0 1 1 1 1 21247 17.8530
1 0 0 1 0 1 1 0 1 0 1 0 0 1 0 1 1 0 0 0 21251 16.4672
0 1 0 0 1 0 1 1 1 0 0 1 0 1 1 0 1 1 1 1 21257 19.1938
0 1 1 0 0 0 1 1 0 1 0 1 1 0 1 0 1 1 0 1 21262 17.4167
0 1 0 1 1 1 1 0 1 0 0 1 0 0 1 0 1 1 1 1 21266 18.8928
0 1 1 1 1 0 1 0 1 0 0 1 0 0 1 0 0 1 1 1 21276 18.6247
1 0 1 0 1 0 1 0 0 1 1 0 1 0 0 0 1 0 0 0 21286 17.7110
0 1 1 0 0 0 1 0 0 1 0 1 1 1 1 0 1 1 0 1 21295 17.3218
0 1 0 0 1 0 1 1 1 0 0 1 0 0 1 0 1 1 0 1 21305 18.8026
1 0 1 1 0 1 1 1 1 0 0 0 0 1 0 0 0 0 1 0 21313 17.5892
0 1 0 1 1 1 1 1 0 0 0 1 0 0 1 0 1 1 1 1 21318 18.5524
1 0 0 0 0 1 1 1 1 0 0 0 0 1 0 1 0 0 1 0 21322 17.4737
1 0 1 1 0 1 1 1 1 0 0 0 0 1 0 1 0 0 1 0 21327 17.5733
1 0 0 0 1 1 0 1 0 1 0 0 1 0 1 0 0 0 1 0 21331 18.0736
1 0 0 0 1 1 1 1 0 1 0 0 1 0 0 1 0 0 1 0 21336 16.1604
0 1 0 1 0 0 1 1 0 0 0 1 1 1 1 0 0 1 1 1 21342 17.3582
0 1 1 1 0 1 1 0 0 0 0 1 1 1 1 0 0 1 0 1 21346 16.1655
0 1 1 0 1 0 1 0 0 0 0 1 0 0 1 0 0 1 1 1 21351 17.1766
0 1 1 0 1 1 1 1 0 0 0 1 0 0 1 0 0 1 1 1 21355 18.7830
0 1 1 1 0 1 1 1 0 0 0 1 1 1 1 0 0 1 0 1 21360 16.7046
0 1 1 0 1 1 1 0 1 0 0 1 0 1 0 0 0 1 1 1 21368 18.7998
1 0 0 1 0 0 1 0 1 0 1 0 1 1 0 1 1 0 1 0 21378 16.9420
0 0 0 0 1 1 0 0 0 0 1 1 0 0 1 1 1 1 0 1 21387 18.2975
0 0 0 1 0 0 1 1 0 0 1 1 1 1 1 0 1 1 0 1 21390 18.3210
1 1 1 0 0 0 1 1 1 1 0 0 1 1 0 1 0 0 1 0 21394 18.0505
0 0 1 0 1 0 0 0 0 0 1 1 0 1 1 1 1 1 0 1 21397 17.0277
1 1 0 1 1 0 1 1 1 1 0 0 1 0 0 1 0 0 1 0 21399 17.8182
1 1 0 0 0 0 1 1 1 1 0 0 0 1 0 0 0 0 1 0 21404 17.0115
1 0 1 1 1 1 1 0 0 1 1 0 0 0 0 0 1 0 0 0 21407 18.6540
1 1 1 0 1 1 1 1 1 1 0 0 0 0 0 0 0 0 0 0 21412 17.9374
0 0 0 0 1 1 1 0 0 0 1 1 0 1 1 0 1 1 1 1 21417 18.5170
0 0 0 1 1 0 0 1 0 0 1 1 0 0 1 1 1 1 1 1 21420 19.6879
1 0 0 1 1 1 1 1 0 1 1 0 0 0 0 0 1 0 1 0 21422 18.7102
0 0 1 0 1 0 1 1 0 0 1 1 0 1 1 0 1 1 1 1 21427 19.8391
0 0 1 1 0 1 0 1 0 0 1 1 1 1 1 1 1 1 1 1 21430 19.6929
0 0 0 1 0 1 1 0 0 0 0 1 1 0 1 0 1 1 1 1 21436 18.4950
0 0 1 1 1 1 1 0 0 0 0 1 0 0 1 0 1 1 0 1 21440 18.2782
1 1 1 0 0 0 1 1 1 0 0 0 0 1 0 1 0 0 0 0 21444 16.1021
1 1 1 0 1 0 1 1 0 1 0 0 1 0 0 1 0 0 1 0 21448 17.5524
0 0 1 0 0 1 1 1 0 0 0 1 1 1 1 0 1 1 1 1 21453 18.8520
0 0 0 1 0 1 1 0 0 0 0 1 1 0 0 0 1 1 0 1 21458 17.5270
0 0 0 0 0 0 1 1 0 0 0 1 1 1 0 0 1 1 1 1 21461 18.5787
1 0 1 1 0 0 1 1 1 0 0 0 1 1 0 0 1 0 1 0 21462 18.0388
0 1 1 0 1 0 1 0 0 0 0 1 0 0 0 0 0 1 0 1 21465 18.0082
1 1 1 0 1 0 1 1 0 1 0 0 0 0 0 1 0 0 0 0 21466 18.0591
1 1 0 1 1 0 1 1 0 1 0 0 0 0 0 0 0 0 0 0 21469 18.0825
1 0 1 1 1 0 1 1 0 1 0 0 0 0 0 1 1 0 1 0 21471 17.9960
0 1 0 1 0 1 1 1 0 0 0 1 1 1 0 0 0 1 0 1 21474 16.7170
0 1 1 1 0 1 1 1 0 0 0 1 1 0 0 0 0 1 1 1 21476 18.2918
0 1 1 1 1 1 1 1 0 0 0 1 0 1 0 0 0 1 1 1 21478 19.1024
1 0 1 0 1 0 1 1 0 1 1 0 0 0 0 1 0 0 0 0 21481 17.7923
0 1 1 0 1 0 1 0 1 0 0 1 0 1 0 0 1 1 1 1 21491 18.8676
1 0 1 1 1 0 1 0 0 1 1 0 0 0 0 1 0 0 0 0 21501 16.8174
0 0 0 1 0 0 1 0 0 0 1 1 1 1 1 0 0 1 0 1 21508 16.2514
1 1 1 0 1 1 1 1 1 1 0 0 1 0 0 0 1 0 1 0 21510 18.9865
0 1 1 0 1 0 1 0 1 0 0 1 0 0 0 0 1 1 1 1 21515 18.7002
1 1 0 1 1 0 1 1 1 1 0 0 1 0 0 0 1 0 1 0 21517 17.9435
1 1 0 0 1 1 1 1 1 1 0 0 0 0 0 1 1 0 1 0 21520 17.9757
0 0 1 0 1 1 0 1 0 0 1 1 0 1 1 1 0 1 0 1 21525 19.1807
0 0 0 0 0 0 1 0 0 0 1 1 1 1 1 0 0 1 1 1 21531 17.2347
1 1 1 1 0 1 1 1 1 1 0 0 1 1 0 0 1 0 0 0 21533 18.6533
0 0 0 1 1 0 1 0 0 0 1 1 0 0 1 0 0 1 1 1 21538 18.3636
1 1 1 0 1 1 1 1 1 1 0 0 1 0 0 1 1 0 0 0 21540 19.0733
1 1 0 1 0 1 1 1 1 1 0 0 0 1 0 1 1 0 0 0 21543 17.9828
0 0 1 1 0 1 1 1 0 0 1 1 1 0 1 0 0 1 1 1 21548 19.3873
1 1 0 0 1 0 1 1 1 1 0 0 0 0 0 1 1 0 0 0 21550 17.1054
0 0 0 0 1 1 1 1 0 0 0 1 0 0 1 0 0 1 1 1 21557 18.3236
1 1 0 1 0 1 1 1 1 0 0 0 0 1 0 1 1 0 1 0 21561 17.9687
0 0 1 1 1 1 1 0 0 0 0 1 0 0 1 0 0 1 1 1 21566 18.0686
1 1 1 0 0 0 1 1 1 0 0 0 0 1 0 1 1 0 1 0 21570 17.7175
1 1 0 0 1 1 1 1 0 1 0 0 1 0 0 1 1 0 0 0 21574 18.0114
0 0 0 0 0 1 1 0 0 0 0 1 1 0 0 0 0 1 1 1 21579 17.8121
1 0 1 0 0 0 1 1 1 0 0 0 1 1 0 0 0 0 1 0 21581 17.3753
0 0 1 0 1 1 1 0 0 0 0 1 0 0 0 0 0 1 0 1 21583 17.8869
1 1 1 1 0 1 1 1 1 0 0 0 1 1 0 1 1 0 0 0 21585 18.0316
1 0 1 1 0 0 1 1 1 0 0 0 1 1 0 1 0 0 0 0 21587 17.0414
1 1 0 0 0 1 1 1 1 0 0 0 1 1 0 0 1 0 0 0 21590 17.8049
0 1 1 1 1 0 1 0 0 0 0 1 0 0 0 0 1 1 1 1 21592 17.8031
1 1 1 0 1 1 1 1 0 1 0 0 0 0 0 1 1 0 1 0 21594 18.5305
1 0 0 1 0 0 0 1 1 0 0 0 1 1 1 0 0 0 1 0 21596 17.1158
0 1 1 0 0 1 1 1 0 0 0 1 1 1 0 0 1 1 0 1 21599 17.6571
1 1 1 1 0 0 1 1 1 1 1 0 1 0 0 1 0 0 1 0 21601 16.8873
0 1 0 1 1 1 1 1 1 0 1 1 0 1 1 1 0 1 0 0 21603 18.4136
1 1 1 1 0 0 1 1 1 1 1 0 0 0 0 1 0 0 1 0 21606 15.8914
0 1 1 0 1 1 1 0 1 0 1 1 0 1 1 1 0 1 0 0 21608 18.0776
1 1 0 0 1 1 1 0 1 1 1 0 0 1 0 1 0 0 1 0 21610 17.9208
1 1 0 0 1 1 1 1 1 1 1 0 1 1 0 1 1 0 1 0 21613 20.0691
0 0 1 0 0 1 1 1 0 1 1 1 1 0 1 1 0 1 0 1 21617 18.8127
1 1 0 0 0 0 1 0 1 1 1 0 0 0 0 1 1 0 1 0 21618 14.9628
0 0 0 0 1 0 1 0 1 0 1 1 0 1 1 1 0 1 0 1 21621 17.4544
1 1 1 1 0 1 1 0 1 1 1 0 1 0 0 1 1 0 1 0 21623 17.4865
1 0 1 0 0 1 1 1 1 1 1 0 0 0 0 0 1 0 1 1 21625 17.4581
0 1 0 0 1 1 1 1 1 0 1 1 0 0 1 1 1 1 0 0 21630 18.9141
1 0 0 0 0 0 1 0 1 1 1 0 1 0 0 0 0 0 1 1 21634 17.1909
1 0 1 0 1 0 1 0 1 1 1 0 1 1 0 0 0 0 1 1 21640 18.3916
0 1 0 0 0 1 1 0 0 1 1 1 1 1 1 1 0 1 0 0 21645 17.6630
0 0 1 0 1 1 1 0 1 0 0 1 0 1 1 1 1 1 0 1 21649 18.3595
0 0 0 0 1 1 1 1 1 0 0 1 0 1 1 1 0 1 0 1 21658 18.4210
1 1 1 0 1 0 1 0 0 1 1 0 1 1 0 1 1 0 1 0 21668 17.8866
0 1 0 1 0 0 1 0 0 0 1 1 1 1 1 1 1 1 0 0 21676 17.8339
1 1 0 0 1 0 1 0 0 1 1 0 0 1 0 1 1 0 1 0 21678 18.1321
1 0 1 0 1 1 1 1 1 1 0 0 0 1 0 1 0 0 1 1 21682 18.6740
1 0 0 1 1 0 1 1 1 1 0 0 1 1 0 0 0 0 1 1 21685 18.1598
1 0 0 0 0 0 1 1 1 1 0 0 1 0 0 1 0 0 1 1 21688 17.3180
1 1 1 0 1 0 1 0 0 1 1 0 0 1 0 1 1 0 1 0 21692 17.9719
0 0 1 0 1 1 1 0 1 0 0 1 0 1 0 1 1 1 0 1 21698 17.9407
1 1 0 1 1 0 1 0 0 1 1 0 0 1 0 1 0 0 1 0 21701 17.4530
1 0 1 1 1 1 1 1 1 1 0 0 0 1 0 1 1 0 1 1 21705 19.3854
1 0 1 0 0 1 1 1 1 1 0 0 1 0 0 1 1 0 1 1 21708 18.5115
1 0 0 1 0 0 0 1 1 1 0 0 1 0 1 1 1 0 1 1 21711 16.2550
1 1 1 1 1 0 1 0 0 1 1 0 0 1 0 1 0 0 1 0 21715 17.4019
1 0 0 0 0 0 1 1 1 1 0 0 0 0 0 1 1 0 1 1 21718 16.3756
0 1 0 0 0 0 1 0 0 1 1 1 1 0 1 1 0 1 0 1 21722 17.7157
0 0 0 0 1 1 1 1 1 0 1 1 0 1 1 1 0 1 0 0 21724 18.4292
0 1 1 0 0 0 1 0 0 1 1 1 1 0 1 1 1 1 0 1 21727 18.3660
1 1 0 0 1 1 1 1 1 1 1 0 0 1 0 1 0 0 1 1 21728 19.7851
1 1 0 1 0 0 1 0 1 1 1 0 1 0 0 1 1 0 1 1 21731 16.9168
1 1 0 1 1 0 1 1 1 1 1 0 0 1 0 1 1 0 1 1 21734 19.2599
0 1 0 0 1 0 1 1 1 0 1 1 0 1 1 1 1 1 0 1 21737 19.4615
0 0 1 1 0 0 1 1 0 1 1 1 1 0 1 1 1 1 0 0 21739 18.1976
0 1 0 1 0 1 1 0 0 1 1 1 1 0 1 1 0 1 0 1 21742 18.3113
0 0 1 1 0 1 1 1 0 1 1 1 1 0 1 1 1 1 0 0 21744 19.2245
0 1 0 1 1 1 1 0 1 0 1 1 0 0 1 1 1 1 0 1 21746 19.7665
1 0 0 0 0 1 1 1 1 1 1 0 0 0 0 0 1 0 1 0 21751 17.1003
0 1 1 1 1 0 1 0 1 0 1 1 0 0 1 1 0 1 0 1 21756 19.6040
1 0 0 1 1 0 1 0 1 1 1 0 0 1 0 0 1 0 1 0 21761 17.9281
1 0 1 0 1 0 1 0 1 1 1 0 1 1 0 0 1 0 1 0 21766 18.7778
0 0 1 0 1 0 1 0 1 0 0 1 0 1 1 1 1 1 0 0 21771 17.1357
1 1 1 1 1 0 1 0 0 1 1 0 1 1 0 1 0 0 1 1 21781 17.7868
1 1 1 0 0 0 1 0 1 0 1 0 0 0 0 1 1 0 1 1 21791 17.5654
1 0 1 0 1 0 1 1 1 1 0 0 1 1 0 0 0 0 1 0 21796 18.0288
0 1 0 0 0 0 0 0 0 0 1 1 1 0 1 0 1 1 0 1 21801 17.3962
1 0 1 1 0 1 1 1 1 1 0 0 1 0 0 1 0 0 1 0 21803 17.7863
1 0 0 0 1 1 1 1 1 1 0 0 0 1 0 0 0 0 1 0 21806 18.1718
1 1 0 1 1 1 1 0 0 1 1 0 0 1 0 1 1 0 1 1 21810 19.3523
1 0 0 1 0 0 1 1 1 1 0 0 0 0 0 1 0 0 1 0 21813 15.7801
1 0 1 1 0 0 1 1 1 1 0 0 1 0 0 0 1 0 1 0 21819 16.8879
0 0 1 1 1 0 1 0 1 0 0 1 0 1 0 1 1 1 0 0 21822 16.9514
1 0 1 0 0 1 1 1 1 1 0 0 0 0 0 1 1 0 1 0 21826 16.7440
1 0 0 1 0 1 1 1 1 1 0 0 0 0 0 0 1 0 1 0 21829 16.9385
0 1 1 1 1 1 0 0 0 0 1 1 0 1 1 0 0 1 0 1 21832 17.1464
0 0 0 1 1 0 1 0 1 0 0 1 0 1 0 1 1 1 0 0 21836 16.9092
1 1 1 1 1 1 1 0 0 1 1 0 0 1 0 1 0 0 1 1 21840 19.2139
0 0 0 1 0 0 1 1 0 1 1 1 1 1 1 1 1 1 0 0 21845 18.1012
0 0 1 0 1 0 1 0 1 0 1 1 0 0 1 1 1 1 0 0 21849 18.3045
1 1 1 1 0 0 1 0 1 1 1 0 1 0 0 0 0 0 1 1 21855 17.6535
1 1 0 0 1 1 1 1 1 1 1 0 1 1 0 0 0 0 1 1 21859 19.7902
1 1 1 0 0 0 1 0 1 1 1 0 0 0 0 0 1 0 1 1 21864 16.5175
0 0 0 0 1 1 1 1 1 0 1 1 0 0 1 1 0 1 0 1 21868 19.0988
1 1 0 1 1 1 1 1 1 1 1 0 0 1 0 0 1 0 1 0 21872 20.0112
1 1 0 1 1 1 1 1 1 1 1 0 1 1 0 0 1 0 1 0 21878 20.9405
0 0 1 1 0 0 1 1 0 1 1 1 1 1 1 1 1 1 0 1 21883 19.6054
0 0 1 1 0 1 1 1 0 1 1 1 1 1 1 1 1 1 0 1 21888 20.4383
1 1 1 0 0 0 1 1 1 0 1 0 0 0 0 0 1 0 1 0 21891 17.9567
0 0 1 1 1 1 1 0 1 0 0 1 0 0 1 1 1 1 0 1 21896 18.6893
0 0 0 1 0 1 1 0 0 1 0 1 1 1 1 1 1 1 0 0 21902 17.1921
1 1 0 1 0 0 1 0 1 0 1 0 0 0 0 0 1 0 1 1 21906 18.3249
1 1 0 1 1 1 1 0 0 1 1 0 1 1 0 0 0 0 1 0 21911 18.2480
1 1 0 0 1 0 1 0 0 1 1 0 0 1 0 0 1 0 1 1 21918 19.7633
0 0 1 1 0 1 1 1 0 1 0 1 1 1 0 1 0 1 0 0 21929 17.3401
0 0 1 1 1 1 1 0 1 0 0 1 0 0 0 1 1 1 0 0 21937 17.6144
0 0 0 0 1 1 1 1 1 0 0 1 0 0 0 1 1 1 0 0 21946 18.3428
1 1 1 0 1 0 1 0 0 1 1 0 0 1 0 0 0 0 1 1 21956 19.0911
0 1 1 0 1 0 1 0 1 0 0 1 0 1 1 1 0 1 0 1 21965 17.2161
1 0 0 0 1 1 1 1 0 1 1 0 1 1 0 1 1 0 1 0 21975 18.9177
1 0 1 1 0 0 1 0 1 0 1 0 0 0 0 1 1 0 1 0 21984 16.8338
1 0 1 1 1 0 1 1 0 1 1 0 1 1 0 1 1 0 1 1 21992 19.2798
0 1 0 0 1 0 1 0 1 0 0 1 0 1 1 1 0 1 0 0 22003 16.4218
0 1 1 1 0 0 1 0 0 1 0 1 1 1 1 1 1 1 0 0 22010 17.0439
0 1 1 1 1 1 1 0 1 0 0 1 0 0 1 1 0 1 0 1 22015 18.9510
1 0 0 1 1 0 1 0 0 1 1 0 1 1 0 0 1 0 1 0 22019 19.3386
1 0 1 1 0 0 1 0 1 0 1 0 0 0 0 0 0 0 1 0 22025 17.6115
0 1 1 0 1 1 1 1 1 0 0 1 0 0 1 1 1 1 0 0 22030 18.6226
1 0 0 1 1 0 1 1 0 1 0 0 1 1 0 0 0 0 1 1 22033 18.0955
1 0 1 1 1 1 1 1 0 1 0 0 1 1 0 0 0 0 1 0 22038 17.7664
0 1 0 1 0 1 1 1 0 0 0 1 1 0 1 1 1 1 0 0 22043 17.9861
0 1 0 1 0 1 1 1 0 0 0 1 1 1 1 1 1 1 0 0 22049 16.8780
1 0 0 0 0 0 1 1 1 0 0 0 0 0 0 0 0 0 1 1 22053 18.0468
0 1 1 0 1 1 1 0 0 0 0 1 0 0 1 1 0 1 0 0 22057 17.1914
0 1 0 0 0 1 1 1 0 0 0 1 1 0 1 1 0 1 0 1 22062 18.2355
0 1 1 1 1 1 1 0 0 0 0 1 0 1 1 1 0 1 0 1 22066 18.5337
1 0 1 0 0 1 1 1 1 0 0 0 0 0 0 1 1 0 1 0 22072 17.8699
1 0 0 1 1 1 1 1 0 1 0 0 1 1 0 0 1 0 1 0 22076 19.0129
0 1 1 1 1 1 1 0 1 0 0 1 0 1 0 1 0 1 0 1 22081 18.0301
1 1 1 1 0 0 1 1 1 1 0 0 0 0 0 0 0 0 1 1 22085 16.2683
1 1 1 1 0 0 1 1 1 1 0 0 1 0 0 1 0 0 1 1 22089 17.7166
0 0 0 1 1 1 1 1 0 0 1 1 0 1 1 1 1 1 0 0 22092 18.5396
0 1 1 1 1 1 1 1 1 0 0 1 0 1 0 1 0 1 0 1 22095 19.0232
1 1 0 1 0 0 1 1 1 1 0 0 0 0 0 0 0 0 1 1 22099 16.3033
0 0 1 1 1 0 1 1 0 0 1 1 0 0 1 1 1 1 0 0 22102 19.1866
0 0 0 1 1 1 1 0 0 0 1 1 0 0 1 1 1 1 0 1 22108 18.8385
0 1 0 1 1 1 1 0 1 0 0 1 0 1 0 1 0 1 0 0 22111 17.2851
0 0 0 0 0 1 1 1 0 0 1 1 1 1 1 1 1 1 0 1 22115 18.3467
0 0 1 1 1 0 1 0 0 0 1 1 0 1 1 1 1 1 0 1 22118 18.4590
1 1 0 0 1 0 1 1 1 1 0 0 1 1 0 1 0 0 1 0 22120 18.8587
0 0 1 0 0 0 1 1 0 0 1 1 1 0 1 1 1 1 0 1 22125 20.2161
0 1 1 0 1 1 1 0 1 0 0 1 0 0 0 1 0 1 0 0 22130 17.9880
0 1 1 1 1 0 1 0 1 0 0 1 0 0 0 1 0 1 0 1 22140 18.5347
1 0 1 0 1 0 1 0 0 1 1 0 0 1 0 0 1 0 1 0 22150 19.0286
0 0 1 0 0 1 1 0 0 0 0 1 1 1 1 1 1 1 0 0 22155 16.8630
0 0 1 1 0 1 1 0 0 0 0 1 1 0 1 1 1 1 0 1 22160 19.1627
1 1 1 1 0 1 1 1 1 0 0 0 0 0 0 1 0 0 1 1 22165 18.7746
0 0 0 1 1 1 1 1 0 0 0 1 0 1 1 1 1 1 0 1 22170 18.5222
1 1 0 1 0 0 0 1 1 0 0 0 0 0 1 1 0 0 1 0 22175 16.0723
1 1 1 1 1 0 1 1 0 1 0 0 0 1 0 0 0 0 1 0 22177 18.3990
1 1 0 1 1 0 1 1 0 1 0 0 0 1 0 1 0 0 1 1 22179 19.2338
1 0 1 1 1 1 1 1 0 1 0 0 0 1 0 0 1 0 1 0 22182 19.5423
1 1 0 0 0 1 1 1 1 0 0 0 1 0 0 0 0 0 1 0 22184 17.1287
0 0 0 1 0 1 1 1 0 0 0 1 1 0 0 1 1 1 0 0 22187 18.8824
0 1 0 1 1 1 1 0 0 0 0 1 0 1 0 1 0 1 0 0 22190 17.5271
0 0 0 1 0 1 1 1 0 0 0 1 1 1 0 1 1 1 0 0 22193 17.3832
1 1 1 1 1 1 0 1 0 1 0 0 0 1 1 1 0 0 1 1 22194 17.1902
1 0 0 0 0 0 1 1 1 0 0 0 1 0 0 0 1 0 1 1 22197 18.1818
1 0 0 1 1 1 0 1 0 1 0 0 0 1 1 1 1 0 1 0 22199 17.7715
0 0 0 0 1 1 1 0 0 0 1 1 0 0 1 1 0 1 0 0 22203 18.2269
0 0 0 1 1 0 0 1 0 0 1 1 0 1 1 0 0 1 0 0 22206 17.9115
0 0 0 1 1 1 0 0 0 0 1 1 0 1 1 0 0 1 0 0 22210 17.0616
0 0 1 0 1 0 1 0 0 0 1 1 0 1 1 1 0 1 0 0 22213 18.1143
0 0 1 1 0 1 1 0 0 0 1 1 1 1 1 1 0 1 0 0 22216 16.7206
0 0 1 1 1 0 0 1 0 0 1 1 0 1 1 0 0 1 0 0 22220 18.5443
1 0 1 0 1 1 1 0 0 1 1 0 0 1 0 1 0 0 1 0 22223 18.3753
0 0 0 0 1 0 0 1 0 0 1 1 0 1 1 0 0 1 0 1 22229 17.3898
0 0 0 0 1 1 0 0 0 0 1 1 0 1 1 0 0 1 0 1 22233 17.0115
0 0 0 1 0 0 1 1 0 0 1 1 1 0 1 1 0 1 0 1 22236 20.0374
0 0 1 0 0 1 1 0 0 0 1 1 1 1 1 1 0 1 0 1 22239 16.9264
0 0 1 0 1 0 0 1 0 0 1 1 0 1 1 0 0 1 0 1 22243 18.1625
1 1 0 1 1 1 1 1 1 1 0 0 1 1 0 1 1 0 1 0 22245 20.5015
0 1 1 0 1 0 1 0 1 0 0 1 0 0 0 1 1 1 0 0 22253 17.8826
1 0 0 0 1 1 1 1 0 1 1 0 0 1 0 0 0 0 1 1 22263 19.9646
1 0 1 1 0 0 1 0 1 0 1 0 1 0 0 0 0 0 1 1 22272 17.9445
1 1 0 0 1 0 1 1 0 1 0 0 1 1 0 1 1 0 1 1 22276 19.8273
0 0 1 0 0 1 1 0 0 0 0 1 1 1 1 1 0 1 0 1 22281 16.8351
0 0 0 0 1 1 1 0 0 0 0 1 0 1 1 1 0 1 0 1 22287 18.3693
1 1 0 0 0 0 1 1 1 0 0 0 0 0 0 0 1 0 1 0 22291 17.4304
0 0 1 1 1 1 1 1 0 0 0 1 0 1 1 1 0 1 0 1 22296 19.2068
0 0 1 1 1 0 1 0 0 0 0 1 0 1 0 1 0 1 0 0 22298 17.2741
1 1 0 0 0 1 1 1 1 0 0 0 1 0 0 1 1 0 1 1 22300 18.2821
0 1 1 0 1 0 1 0 0 0 0 1 0 1 0 1 1 1 0 1 22303 18.2764
1 1 1 0 1 0 1 1 0 1 0 0 0 1 0 0 1 0 1 1 22304 19.4654
0 0 0 0 0 1 1 1 0 0 0 1 1 0 0 1 0 1 0 0 22308 18.4016
0 1 0 0 0 1 1 0 0 0 0 1 1 1 0 1 1 1 0 1 22311 17.6294
1 1 1 1 0 0 0 1 1 0 0 0 1 0 1 1 1 0 1 0 22313 16.2571
0 1 1 1 1 1 1 1 0 0 0 1 0 0 0 1 1 1 0 1 22315 19.4733
1 0 0 1 0 0 1 1 1 0 0 0 1 0 0 0 0 0 1 1 22318 17.4236
0 0 1 1 1 1 1 1 0 0 0 1 0 1 0 1 0 1 0 1 22320 19.1265
1 1 1 1 1 0 1 1 1 1 1 0 1 1 0 1 0 0 0 0 22321 17.8219
1 1 1 0 1 1 1 1 1 1 1 0 1 1 0 1 1 0 0 0 22323 19.3722
0 0 1 1 0 0 1 0 0 1 1 1 1 0 1 1 0 1 1 1 22327 17.8543
1 1 0 1 0 1 1 1 1 1 1 0 0 0 0 1 1 0 0 0 22328 16.8732
0 0 1 0 1 0 1 0 1 0 1 1 0 1 1 1 0 1 1 1 22331 17.9367
0 1 1 0 1 1 1 1 1 0 1 1 0 1 1 1 0 1 1 0 22334 19.9159
0 0 1 0 1 0 1 1 1 0 1 1 0 1 1 1 0 1 1 1 22337 19.1024
1 1 0 0 1 0 1 0 1 1 1 0 0 1 0 1 1 0 0 0 22338 17.1057
1 1 1 1 1 1 1 0 1 1 1 0 0 1 0 1 1 0 0 0 22341 17.1127
1 1 1 1 1 1 1 0 1 1 1 0 1 1 0 1 1 0 0 0 22343 18.4215
0 1 0 0 0 0 1 0 0 1 1 1 1 1 1 1 0 1 1 0 22346 18.6701
0 1 1 0 0 0 1 0 0 1 1 1 1 1 1 1 1 1 1 0 22351 18.6195
1 0 0 1 0 0 1 0 1 1 1 0 1 0 0 0 1 0 0 1 22355 17.4864
0 1 0 0 1 0 1 1 1 0 1 1 0 0 1 1 1 1 1 0 22361 19.0928
0 1 0 1 0 1 1 0 0 1 1 1 1 1 1 1 0 1 1 0 22366 18.7030
0 0 1 1 1 1 1 0 1 0 0 1 0 1 1 1 1 1 1 1 22370 18.8679
0 0 0 0 1 1 1 1 1 0 0 1 0 1 1 1 1 1 1 1 22380 18.9998
1 1 0 1 1 1 1 1 0 1 1 0 1 1 0 1 0 0 0 0 22390 16.7558
1 0 1 0 0 1 1 1 1 1 0 0 0 0 0 0 0 0 0 1 22396 17.4728
1 1 1 0 1 0 1 1 0 1 1 0 0 1 0 1 1 0 0 0 22399 18.1304
0 1 0 0 1 0 1 1 0 0 1 1 0 0 1 1 1 1 1 0 22403 18.9995
0 1 1 1 1 1 1 0 0 0 1 1 0 0 1 1 1 1 1 0 22406 18.8984
0 0 1 1 1 0 1 1 1 0 0 1 0 1 0 1 0 1 1 1 22409 18.1756
0 1 1 0 0 1 1 1 0 0 1 1 1 1 1 1 1 1 1 0 22413 19.4618
0 1 0 0 1 0 1 0 0 0 1 1 0 1 1 1 0 1 1 0 22419 19.0095
0 1 0 1 0 1 1 1 0 0 1 1 1 0 1 1 0 1 1 0 22422 18.0999
0 1 0 1 1 0 0 0 0 0 1 1 0 0 1 0 0 1 1 0 22426 17.3793
0 1 1 0 0 1 1 0 0 0 1 1 1 0 1 1 0 1 1 0 22429 18.4406
0 1 1 1 0 0 1 0 0 0 1 1 1 0 1 1 0 1 1 0 22432 18.1788
0 1 1 1 0 1 1 1 0 0 1 1 1 0 1 1 0 1 1 0 22436 19.1318
0 0 0 1 1 0 1 1 1 0 0 1 0 1 0 1 1 1 1 1 22439 19.1299
0 1 0 0 1 1 1 0 1 0 1 1 0 1 1 1 0 1 1 1 22442 20.0418
1 1 1 1 1 0 1 1 1 1 1 0 0 1 0 1 1 0 0 1 22444 18.6506
0 1 1 0 1 1 1 0 1 0 1 1 0 1 1 1 1 1 1 1 22447 20.1340
0 0 1 0 0 1 1 0 0 1 1 1 1 0 1 1 1 1 1 0 22449 19.2378
0 1 1 1 0 1 1 0 0 1 1 1 1 0 1 1 0 1 1 1 22452 19.1263
0 0 0 0 1 0 1 0 1 0 1 1 0 1 1 1 1 1 1 0 22455 18.6655
1 1 0 1 0 1 1 0 1 1 1 0 1 0 0 1 1 0 0 1 22457 17.5842
1 1 0 0 0 0 1 1 1 1 1 0 0 0 0 1 0 0 0 1 22459 16.9101
1 1 1 0 0 0 1 0 1 1 1 0 1 0 0 1 1 0 0 1 22462 16.8074
0 0 1 1 1 0 1 1 1 0 1 1 0 1 1 1 1 1 1 0 22464 19.4404
1 0 1 1 1 0 1 1 1 1 1 0 1 1 0 0 1 0 0 0 22466 18.9675
0 1 1 0 0 0 1 0 0 1 1 1 1 1 1 1 0 1 1 1 22472 19.5905
0 1 1 1 1 1 1 1 1 0 1 1 0 0 1 1 0 1 1 1 22477 21.3872
0 1 1 1 1 0 1 1 1 0 1 1 0 0 1 1 0 1 1 1 22482 18.3169
0 1 1 0 1 0 1 1 1 0 1 1 0 0 1 1 1 1 1 1 22487 20.9256
0 0 1 0 1 0 1 0 1 0 0 1 0 1 1 1 0 1 1 0 22493 16.7672
1 1 0 0 1 1 1 1 0 1 1 0 1 1 0 1 1 0 0 1 22503 18.8819
1 1 1 1 0 0 1 0 1 0 1 0 0 0 0 1 1 0 0 1 22512 17.3673
0 1 0 0 1 1 0 1 0 0 1 1 0 0 1 0 1 1 1 1 22517 17.8122
0 0 0 1 1 1 1 1 1 0 0 1 0 1 0 1 0 1 1 0 22521 17.1794
0 1 0 1 0 1 1 1 0 0 1 1 1 1 1 1 1 1 1 1 22524 20.4332
0 1 1 0 1 0 0 0 0 0 1 1 0 0 1 0 1 1 1 1 22527 17.4052
0 1 1 0 1 1 0 1 0 0 1 1 0 0 1 0 1 1 1 1 22531 18.9173
0 1 1 1 0 0 1 1 0 0 1 1 1 0 1 1 1 1 1 1 22534 21.3012
0 1 0 1 0 1 1 0 0 0 1 1 1 0 1 1 0 1 1 1 22540 19.1840
1 0 1 0 1 0 1 1 1 1 0 0 0 1 0 0 1 0 0 0 22542 17.8514
1 0 1 0 1 0 1 1 1 1 0 0 1 1 0 1 1 0 0 0 22546 18.5220
0 1 1 1 0 0 1 0 0 0 1 1 1 1 1 1 0 1 1 1 22550 18.5803
1 1 0 1 1 1 1 1 0 1 1 0 0 1 0 1 0 0 0 1 22552 19.0900
1 0 0 0 1 0 1 1 1 1 0 0 0 1 0 0 1 0 0 0 22556 17.8947
0 0 0 0 1 1 1 0 1 0 1 1 0 0 1 1 1 1 1 0 22561 18.8155
0 0 0 0 0 0 1 1 0 1 1 1 1 1 1 1 1 1 1 0 22566 18.9524
0 0 1 1 1 0 1 0 1 0 1 1 0 0 1 1 1 1 1 0 22570 18.8345
1 1 1 0 0 0 1 0 1 1 1 0 1 0 0 0 0 0 0 1 22576 17.5732
1 1 0 1 1 1 1 1 1 1 1 0 1 1 0 0 0 0 0 1 22580 18.5509
0 0 0 1 0 0 1 0 0 1 1 1 1 1 1 1 0 1 1 1 22585 18.7332
0 0 0 1 1 1 1 1 1 0 1 1 0 0 1 1 1 1 1 1 22589 19.7755
1 1 0 1 0 0 1 0 1 1 1 0 1 0 0 0 0 0 0 0 22593 17.3453
1 1 1 1 1 0 1 0 1 1 1 0 1 1 0 0 0 0 0 0 22599 18.3324
0 0 1 0 0 0 1 1 0 1 1 1 1 1 1 1 1 1 1 1 22604 20.1120
1 1 1 0 0 1 1 0 1 1 1 0 1 0 0 0 1 0 0 0 22608 18.4051
1 1 1 1 0 0 1 1 1 0 1 0 0 0 0 0 1 0 0 0 22612 18.0541
1 1 1 1 1 0 1 1 0 1 1 0 1 1 0 0 1 0 0 1 22616 18.7409
0 0 0 0 0 1 1 0 0 1 0 1 1 1 1 1 1 1 1 1 22623 18.9545
0 0 1 1 1 1 1 1 1 0 0 1 0 0 1 1 1 1 1 1 22627 19.7767
0 0 0 1 1 0 1 1 1 0 0 1 0 0 1 1 0 1 1 1 22632 19.1761
1 1 1 0 1 0 1 1 0 1 1 0 0 1 0 0 1 0 0 1 22639 18.9848
0 0 1 1 0 1 1 1 0 1 0 1 1 1 0 1 0 1 1 1 22650 19.3802
0 0 1 0 1 1 1 0 1 0 0 1 0 0 0 1 1 1 1 0 22658 18.0492
0 0 1 1 1 0 1 0 1 0 0 1 0 0 0 1 1 1 1 1 22668 18.5879
1 1 1 0 1 0 1 0 0 1 1 0 0 1 0 0 0 0 0 0 22678 18.0392
0 1 0 0 0 0 1 0 0 1 0 1 1 0 1 1 1 1 1 1 22687 17.5176
0 1 0 1 1 0 1 1 1 0 0 1 0 1 1 1 1 1 1 1 22697 19.3650
1 0 0 0 0 1 1 1 1 0 1 0 0 0 0 1 1 0 0 1 22705 18.0841
1 0 1 1 1 1 1 1 0 1 1 0 1 1 0 1 1 0 0 1 22714 18.8080
0 1 1 1 1 1 1 1 1 0 0 1 0 1 1 1 1 1 1 0 22725 19.2029
1 0 1 1 0 1 1 1 1 0 1 0 0 0 0 0 1 0 0 0 22730 18.2830
1 0 1 1 1 0 1 1 0 1 1 0 1 1 0 0 0 0 0 1 22735 17.2808
1 0 0 0 1 0 1 0 0 1 1 0 1 1 0 0 1 0 0 0 22740 18.3164
0 1 1 1 0 1 1 1 0 1 0 1 1 1 1 1 0 1 1 1 22746 19.4241
0 1 1 1 0 1 1 1 0 1 0 1 1 1 1 1 1 1 1 0 22751 19.5592
0 1 1 1 1 0 1 0 0 0 0 1 0 1 1 1 1 1 1 0 22754 18.0368
0 1 1 0 1 1 1 0 0 0 0 1 0 0 1 1 1 1 1 1 22759 18.8959
0 1 0 0 0 1 1 1 0 0 0 1 1 0 1 1 1 1 1 0 22764 18.0087
1 0 1 1 0 0 1 1 1 0 0 0 0 0 0 1 0 0 0 0 22769 17.7657
1 0 0 1 0 0 1 1 1 0 0 0 0 0 0 0 0 0 0 1 22774 18.0402
1 0 1 1 1 0 1 1 0 1 0 0 1 1 0 0 1 0 0 0 22777 17.9879
0 1 1 0 0 0 1 0 0 0 0 1 1 1 1 1 0 1 1 1 22783 17.6706
0 1 0 1 1 1 1 1 0 0 0 1 0 0 1 1 0 1 1 0 22787 17.3614
0 1 0 1 1 0 1 1 0 0 0 1 0 0 1 1 0 1 1 0 22793 17.8848
1 0 0 0 1 1 1 1 0 1 0 0 1 1 0 0 1 0 0 1 22797 18.5313
0 0 0 0 0 0 1 0 0 0 1 1 1 1 1 1 1 1 1 0 22803 18.6696
1 1 1 1 1 1 1 1 1 1 0 0 1 1 0 0 0 0 0 1 22805 18.1082
0 0 0 1 0 0 0 0 0 0 1 1 1 0 1 0 1 1 1 0 22810 17.3757
1 1 1 0 1 1 1 1 1 1 0 0 1 1 0 1 0 0 0 1 22812 18.4307
1 1 0 1 1 1 1 1 1 1 0 0 0 1 0 1 0 0 0 1 22815 18.9049
1 1 0 1 1 1 1 1 1 1 0 0 1 1 0 0 0 0 0 1 22819 18.1378
1 1 0 0 1 0 1 1 1 1 0 0 0 1 0 1 0 0 0 1 22822 18.6925
1 1 1 0 1 0 1 1 1 1 0 0 1 1 0 0 0 0 0 0 22828 17.9071
0 0 0 0 0 0 0 0 0 0 1 1 1 0 1 0 1 1 1 1 22833 17.3124
1 1 1 1 0 1 1 1 1 1 0 0 1 0 0 1 0 0 0 0 22835 17.7191
1 1 0 0 1 1 1 1 1 1 0 0 0 1 0 0 0 0 0 0 22838 18.1827
1 0 0 1 1 1 1 0 0 1 1 0 0 1 0 1 1 0 0 1 22842 18.2457
1 1 0 1 0 0 1 1 1 1 0 0 0 0 0 1 0 0 0 0 22845 16.1389
1 0 1 0 1 1 1 1 0 1 1 0 0 1 0 0 1 0 0 0 22851 18.8776
0 1 1 0 1 1 1 1 1 0 0 1 0 0 0 1 0 1 1 1 22862 19.7581
1 0 1 1 1 1 1 0 0 1 1 0 0 1 0 0 1 0 0 0 22871 18.8483
0 0 1 1 0 1 1 0 0 0 0 1 1 1 1 1 1 1 1 0 22876 17.9033
1 1 1 0 0 1 1 1 1 0 0 0 0 0 0 0 0 0 0 1 22880 18.1635
1 1 1 0 0 1 1 1 1 0 0 0 0 0 0 1 0 0 0 1 22886 18.2880
1 1 1 1 1 1 1 1 0 1 0 0 1 1 0 1 0 0 0 1 22890 17.5344
0 0 1 1 0 0 1 1 0 0 0 1 1 0 1 1 1 1 1 1 22896 19.6480
0 1 1 1 0 1 1 0 0 0 0 1 1 0 0 1 0 1 1 0 22898 17.4383
0 1 1 1 1 1 1 0 0 0 0 1 0 1 0 1 0 1 1 0 22900 17.9370
0 0 1 0 0 1 1 0 0 0 0 1 1 0 0 1 1 1 1 1 22903 18.9776
1 1 0 0 1 0 1 1 0 1 0 0 0 1 0 0 0 0 0 0 22904 17.7216
1 0 1 0 0 0 1 1 1 0 0 0 1 0 0 0 1 0 0 1 22907 18.6350
1 1 1 0 1 0 1 1 0 1 0 0 0 1 0 1 0 0 0 1 22910 18.2988
0 0 0 1 1 1 1 1 0 0 0 1 0 1 0 1 1 1 1 0 22913 18.6563
0 1 1 1 0 1 1 1 0 0 0 1 1 0 0 1 0 1 1 1 22915 19.2154
0 0 1 0 0 1 1 1 0 0 0 1 1 0 0 1 1 1 1 0 22918 17.8682
0 0 1 1 0 0 1 1 0 0 0 1 1 0 0 1 1 1 1 1 22920 18.5928
1 1 1 1 1 0 1 1 1 1 0 0 1 1 0 0 1 0 0 1 22923 18.9567
1 1 1 0 0 1 0 1 1 1 0 0 1 0 1 0 1 0 0 1 22926 18.3836
1 0 1 1 1 1 1 1 0 1 1 0 0 1 0 1 0 0 0 0 22930 18.1535
1 1 0 1 1 1 1 1 1 1 0 0 0 1 0 0 1 0 0 1 22933 19.1254
1 1 0 0 0 1 1 1 1 1 0 0 0 0 0 1 1 0 0 1 22936 17.6601
1 1 0 0 0 1 0 1 1 1 0 0 1 0 1 0 1 0 0 1 22940 17.5296
1 0 0 0 1 0 1 1 0 1 1 0 0 1 0 1 0 0 0 1 22945 18.1803
1 1 1 1 0 1 0 1 1 1 0 0 1 0 1 0 1 0 0 0 22949 18.2918
1 0 1 0 1 1 1 1 0 1 1 0 0 1 0 1 0 0 0 1 22953 18.6333
1 1 1 0 0 0 1 1 1 1 0 0 0 0 0 1 1 0 0 0 22956 16.1167
1 1 0 1 0 1 1 1 1 1 0 0 0 0 0 1 1 0 0 0 22959 17.0128
1 1 0 1 0 1 0 1 1 1 0 0 1 0 1 0 1 0 0 0 22963 17.5560
0 0 1 1 1 1 1 1 0 0 1 1 0 1 1 1 0 1 1 1 22966 20.6600
0 1 1 1 0 0 1 0 0 1 0 1 1 1 0 1 1 1 1 1 22975 18.5996
0 1 1 1 1 0 1 1 1 0 0 1 0 0 0 1 1 1 1 0 22985 18.6898
0 0 1 0 1 0 1 0 0 0 0 1 0 1 1 1 0 1 1 0 22993 17.9953
1 1 1 0 1 1 1 1 0 1 0 0 1 1 0 0 1 0 0 0 22997 18.4405
0 0 1 1 0 1 1 0 0 0 0 1 1 1 1 1 0 1 1 1 23002 17.6928
0 0 0 1 1 1 1 0 0 0 0 1 0 1 1 1 0 1 1 1 23008 19.0628
1 1 0 1 0 0 1 1 1 0 0 0 0 0 0 0 1 0 0 0 23012 17.3745
1 1 0 1 1 1 1 1 0 1 0 0 1 1 0 1 1 0 0 1 23016 18.7893
1 0 0 0 0 1 1 1 1 0 0 0 1 0 0 0 0 0 0 1 23018 17.5795
0 1 0 1 0 1 1 1 0 0 0 1 1 0 0 1 1 1 1 1 23021 19.9127
1 1 0 1 0 1 1 1 1 0 0 0 1 0 0 0 1 0 0 0 23023 18.2786
0 1 1 0 1 1 1 0 0 0 0 1 0 1 0 1 1 1 1 1 23025 18.7977
1 0 1 1 0 0 1 1 1 0 0 0 1 0 0 0 0 0 0 1 23028 16.8459
1 1 1 1 0 1 1 1 1 0 0 0 1 0 0 1 1 0 0 0 23031 18.5309
1 1 1 1 1 1 0 1 0 1 0 0 0 1 1 1 1 0 0 0 23033 16.8483
1 1 0 0 1 1 1 1 0 1 0 0 0 1 0 0 1 0 0 0 23035 18.7987
0 0 1 1 0 0 1 1 0 0 0 1 1 0 0 1 0 1 1 0 23039 17.8493
1 0 0 1 0 0 1 1 1 0 0 0 1 0 0 1 0 0 0 1 23040 17.8651
0 0 1 1 0 0 1 1 0 1 1 0 1 0 0 1 1 1 0 1 23042 17.3575
0 1 1 1 1 0 1 1 1 0 1 0 0 1 0 1 1 1 0 0 23044 18.0274
0 0 1 1 1 1 1 1 1 0 1 0 0 1 0 1 0 1 1 1 23047 18.6672
1 1 1 0 1 1 1 1 1 0 1 0 0 1 0 1 0 0 1 0 23048 18.3377
1 1 1 0 1 0 1 1 1 0 1 0 0 1 0 1 0 0 1 0 23051 17.6080
1 1 0 1 1 0 1 1 1 0 1 0 0 1 0 1 1 0 0 0 23054 17.2976
1 0 1 0 0 1 1 0 0 1 1 0 1 0 0 1 0 0 1 1 23057 17.1616
0 1 1 1 0 0 1 0 0 1 1 0 1 0 0 1 1 1 1 0 23059 17.5456
0 1 0 1 1 0 1 1 1 0 1 0 0 1 0 1 0 1 1 0 23062 18.0265
0 1 1 1 0 1 1 0 0 1 1 0 1 0 0 1 1 1 1 0 23064 18.3421
1 1 0 0 0 0 1 1 0 1 1 0 1 1 0 1 0 0 1 0 23066 17.1044
1 1 1 0 0 0 1 1 0 1 1 0 1 1 0 1 1 0 1 0 23071 17.8673
1 0 0 0 0 0 1 0 0 1 1 0 1 0 0 0 1 0 0 1 23076 17.1024
1 1 0 0 1 0 1 0 1 0 1 0 0 0 0 1 1 0 1 0 23081 17.2290
0 1 0 0 0 1 1 0 0 1 1 0 1 1 0 1 0 1 1 0 23087 17.7789
0 1 0 1 0 0 1 1 0 1 1 0 1 1 0 1 1 1 0 0 23090 17.5860
0 1 1 1 1 1 1 1 1 0 1 0 0 0 0 1 0 1 0 0 23095 18.7514
1 0 0 1 1 1 1 0 1 0 1 0 0 1 0 0 1 0 1 1 23099 18.3675
1 1 1 0 0 1 1 0 0 1 1 0 1 1 0 1 0 0 0 0 23105 15.8823
0 0 1 0 1 1 1 0 1 0 1 0 0 1 0 0 1 1 1 1 23110 18.2507
1 1 0 0 1 1 1 1 0 0 1 0 0 0 0 1 1 0 0 0 23113 17.8656
1 0 1 0 1 1 1 1 1 0 0 0 0 1 0 0 0 0 0 1 23116 18.0609
1 0 1 1 0 1 0 1 0 1 0 0 1 0 1 0 0 0 1 1 23118 17.4177
0 0 1 1 0 0 1 1 0 1 0 0 1 0 0 1 0 1 0 1 23121 16.5873
1 1 1 1 0 0 1 1 0 0 1 0 1 0 0 1 1 0 0 0 23122 17.9802
0 0 0 1 1 1 1 1 1 0 0 0 0 1 0 0 0 1 0 1 23125 18.4039
1 1 1 0 1 0 1 1 0 0 1 0 0 0 0 1 1 0 1 0 23127 18.0531
1 1 0 0 0 1 1 0 0 0 1 0 1 1 0 1 1 0 0 0 23129 15.9240
1 0 0 0 1 0 0 1 1 0 0 0 0 1 1 0 0 0 1 1 23131 16.9006
1 0 0 1 1 0 1 1 1 0 0 0 0 1 0 1 0 0 0 1 23133 17.3127
0 1 0 0 0 1 1 1 0 0 1 0 1 0 0 1 0 1 0 0 23137 17.4363
0 0 1 0 0 0 1 1 0 1 0 0 1 0 0 0 1 1 0 1 23140 17.3251
0 0 1 1 0 1 0 1 0 1 0 0 1 0 1 0 1 1 1 1 23142 18.8874
0 0 0 0 1 1 1 1 1 0 0 0 0 1 0 0 1 1 1 1 23144 18.6533
0 1 1 1 1 0 1 1 0 0 1 0 0 0 0 1 0 1 0 0 23146 18.0884
1 0 1 0 0 1 1 1 0 1 0 0 1 0 0 1 1 0 0 1 23148 18.1103
0 0 0 1 1 1 1 1 1 0 0 0 0 1 0 1 1 1 0 1 23151 18.4394
1 0 1 0 1 1 1 1 1 0 0 0 0 1 0 1 1 0 1 1 23152 18.3015
1 1 1 0 0 0 1 0 0 0 1 0 1 1 0 1 0 0 1 0 23155 15.9934
0 0 0 1 0 1 1 1 0 1 0 0 1 0 0 1 1 1 0 1 23157 17.8969
0 1 1 1 1 1 1 0 0 0 1 0 0 1 0 1 0 1 0 0 23160 17.8257
0 1 1 1 0 0 1 1 0 1 1 0 1 0 0 1 1 1 0 1 23162 17.8127
1 1 0 0 0 0 1 0 0 1 1 0 1 0 0 1 0 0 1 1 23164 17.0487
0 1 1 1 1 1 1 1 1 0 1 0 0 1 0 1 0 1 1 1 23167 19.6040
1 0 1 1 1 1 1 1 1 0 1 0 0 1 0 1 1 0 1 0 23168 18.1363
1 1 0 1 1 1 1 0 1 0 1 0 0 1 0 1 1 0 0 1 23171 17.6111
0 1 1 1 0 0 1 0 0 1 1 0 1 0 0 1 0 1 0 1 23175 16.8832
1 1 1 0 0 1 1 0 0 1 1 0 1 0 0 1 0 0 1 1 23177 17.5509
0 1 0 0 1 0 1 1 1 0 1 0 0 1 0 1 0 1 0 1 23179 17.7930
0 1 1 0 1 1 1 0 1 0 1 0 0 1 0 1 1 1 0 1 23182 18.7033
0 0 0 1 1 0 1 0 1 0 1 0 0 1 0 1 0 1 1 0 23184 17.2748
1 1 0 1 0 0 1 1 0 1 1 0 1 1 0 1 1 0 1 1 23186 18.8339
1 1 1 1 1 1 1 1 1 0 1 0 0 0 0 1 0 0 1 1 23191 19.1566
1 0 0 0 1 1 1 0 1 0 1 0 0 1 0 0 1 0 0 0 23196 17.4123
0 1 1 1 0 1 1 0 0 1 1 0 1 1 0 1 0 1 1 1 23202 18.7014
0 1 1 0 0 1 1 0 0 1 1 0 1 1 0 1 1 1 1 1 23207 19.7553
0 1 0 0 1 1 1 1 1 0 1 0 0 0 0 1 0 1 0 1 23210 19.1335
0 1 1 0 1 1 1 1 1 0 1 0 0 0 0 1 1 1 0 1 23215 19.2618
0 0 0 0 0 0 1 0 0 1 1 0 1 0 0 0 1 1 1 0 23220 17.7224
1 1 0 0 0 1 1 0 0 1 1 0 1 1 0 1 1 0 0 1 23225 17.2114
1 0 1 0 0 0 1 0 0 1 1 0 1 0 0 0 1 0 1 0 23230 17.7980
1 0 1 1 1 1 1 1 1 0 0 0 0 1 0 0 0 0 1 0 23233 17.8764
0 0 1 0 0 1 0 1 0 1 0 0 1 0 1 0 0 1 1 0 23237 18.4144
1 0 1 1 0 1 1 1 0 1 0 0 1 0 0 0 0 0 1 0 23238 17.4881
0 1 1 0 0 0 1 1 0 0 1 0 1 0 0 1 1 1 0 1 23241 19.1278
1 1 1 1 0 1 1 1 0 0 1 0 1 1 0 1 1 0 0 1 23242 17.6066
1 0 0 1 0 0 1 1 0 1 0 0 1 0 0 0 0 0 0 0 23245 15.1832
1 1 1 0 1 1 1 1 0 0 1 0 0 1 0 1 1 0 1 1 23247 19.0001
1 1 0 0 1 1 1 0 0 0 1 0 0 1 0 1 1 0 0 1 23249 17.5864
1 0 0 0 1 0 1 1 1 0 0 0 0 1 0 0 0 0 1 0 23251 17.3032
0 0 0 0 0 1 1 1 0 1 0 0 1 0 0 1 0 1 0 0 23254 16.5705
0 0 1 1 0 0 1 1 0 1 0 0 1 0 0 0 1 1 1 0 23257 17.9664
0 1 0 1 1 1 1 1 0 0 1 0 0 0 0 1 0 1 1 1 23260 18.6889
0 0 1 1 0 1 1 1 0 1 0 0 1 0 0 0 1 1 1 0 23262 18.7856
1 1 1 1 0 1 1 1 0 0 1 0 1 0 0 1 0 0 0 1 23264 18.5162
0 1 1 1 1 1 1 1 0 0 1 0 0 1 0 1 0 1 0 1 23266 19.0500
1 1 0 1 1 1 1 0 0 0 1 0 0 1 0 1 0 0 1 1 23268 18.4465
0 0 1 1 1 1 1 1 1 0 0 0 0 1 0 1 1 1 1 0 23271 18.0997
0 1 0 0 0 1 1 0 0 0 1 0 1 1 0 1 0 1 0 1 23273 16.9366
1 1 1 0 0 1 1 0 0 0 1 0 1 0 0 1 0 0 1 1 23275 17.8125
0 1 1 0 1 1 1 0 0 0 1 0 0 1 0 1 0 1 1 1 23277 19.1049
0 0 0 0 1 0 1 1 1 0 0 0 0 1 0 1 1 1 1 0 23280 17.7979
0 1 1 1 0 1 1 1 0 1 1 0 1 0 0 0 1 1 0 1 23284 18.3061
1 1 0 1 0 0 1 1 0 1 1 0 1 0 0 0 1 0 0 1 23288 17.3159
1 1 0 1 0 1 1 1 0 1 1 0 1 0 0 0 1 0 0 1 23294 17.8433
1 1 0 0 1 0 1 0 1 0 1 0 0 1 0 0 1 0 0 1 23298 17.8259
0 1 0 0 0 1 1 0 0 1 1 0 1 0 0 0 0 1 0 1 23304 17.3631
0 1 1 0 1 0 1 1 1 0 1 0 0 1 0 0 1 1 0 0 23307 18.1425
0 1 0 0 1 1 1 1 1 0 1 0 0 1 0 0 0 1 0 0 23312 18.3814
1 1 0 0 1 0 1 1 1 0 1 0 0 1 0 0 1 0 0 0 23317 17.7420
1 1 1 0 0 1 1 0 0 1 1 0 1 0 0 0 0 0 0 0 23322 16.9317
1 1 1 1 0 1 1 0 0 1 1 0 1 0 0 0 1 0 0 0 23327 17.9406
1 0 1 0 1 1 1 1 1 0 1 0 0 0 0 0 1 0 1 0 23329 18.7954
1 1 1 0 1 0 1 1 1 0 1 0 0 0 0 0 1 0 0 0 23331 18.3437
0 0 1 1 0 0 1 1 0 1 1 0 1 1 0 0 0 1 1 1 23335 18.5219
1 1 1 0 0 0 1 1 0 1 1 0 1 1 0 0 0 0 0 1 23336 17.6174
0 1 1 0 1 0 1 1 1 0 1 0 0 0 0 0 0 1 0 1 23339 18.8341
0 1 0 1 1 0 1 1 1 0 1 0 0 0 0 0 1 1 0 0 23342 18.9894
0 0 1 1 1 0 1 0 1 0 1 0 0 0 0 0 0 1 1 0 23345 18.0917
1 1 1 1 1 0 1 0 1 0 1 0 0 0 0 0 0 0 0 1 23346 18.6677
1 1 0 0 1 0 1 1 1 0 1 0 0 0 0 0 0 0 0 1 23349 18.5717
1 1 1 1 1 0 1 0 1 0 1 0 0 0 0 0 1 0 0 0 23351 18.3941
1 0 0 1 0 0 1 1 0 1 0 0 1 1 0 0 0 0 1 1 23353 18.2451
0 1 1 0 0 1 1 1 0 0 1 0 1 1 0 0 1 1 0 0 23355 17.4639
0 1 0 0 1 1 1 0 0 0 1 0 0 0 0 0 1 1 0 1 23358 17.5244
0 1 1 1 0 1 1 1 0 0 1 0 1 0 0 0 1 1 0 1 23360 19.1564
1 0 0 0 0 0 1 1 0 1 0 0 1 1 0 1 0 0 1 0 23362 17.9058
1 1 0 0 0 1 1 1 0 0 1 0 1 1 0 0 1 0 0 0 23365 17.4077
1 1 0 1 1 1 1 1 0 0 1 0 0 1 0 0 1 0 0 1 23368 18.2672
0 0 1 1 1 0 1 1 1 0 0 0 0 0 0 1 0 1 1 1 23370 19.2476
0 0 0 0 0 1 1 1 0 1 0 0 1 1 0 0 0 1 1 1 23373 18.6781
1 0 0 1 0 1 1 1 0 1 0 0 1 1 0 1 0 0 1 0 23375 17.8962
0 0 0 1 0 0 1 1 0 1 0 0 1 1 0 0 1 1 1 1 23377 18.7998
1 0 1 0 0 0 1 1 0 1 0 0 1 1 0 0 1 0 1 0 23378 17.9106
1 1 0 1 0 1 1 0 0 0 1 0 1 0 0 0 0 0 0 1 23381 18.0923
1 1 1 0 1 1 1 1 0 0 1 0 0 0 0 0 0 0 0 1 23383 18.3813
1 1 1 0 1 1 1 1 0 0 1 0 0 1 0 0 0 0 0 1 23385 18.5166
1 0 1 1 1 0 1 1 1 0 0 0 0 0 0 0 1 0 1 1 23388 18.6508
0 1 0 1 0 1 1 1 0 0 1 0 1 1 0 0 0 1 0 1 23392 16.7309
0 1 0 1 0 1 1 0 0 0 1 0 1 1 0 0 0 1 0 1 23394 16.7474
0 1 1 0 1 1 1 0 0 0 1 0 0 0 0 0 0 1 0 1 23396 18.3589
0 0 0 1 0 1 1 1 0 1 0 0 1 1 0 1 1 1 1 0 23399 18.2107
1 1 1 1 1 0 1 0 0 0 1 0 0 0 0 0 0 0 0 1 23400 18.3691
0 1 1 1 1 0 1 1 1 0 1 0 0 1 0 0 1 1 1 1 23404 19.3290
1 1 0 0 1 1 1 1 1 0 1 0 0 1 0 0 0 0 1 1 23408 19.1717
1 1 0 1 1 0 1 1 1 0 1 0 0 1 0 0 1 0 1 1 23414 19.0970
0 0 1 1 0 0 1 0 0 1 1 0 1 1 0 1 1 1 0 0 23419 17.0121
0 1 1 0 0 1 1 0 0 1 1 0 1 0 0 0 1 1 1 1 23424 19.2002
1 1 1 0 0 1 1 1 0 1 1 0 1 0 0 0 1 0 1 0 23427 17.3528
0 1 0 1 1 1 1 1 1 0 1 0 0 1 0 0 1 1 1 0 23432 19.4378
0 1 0 1 0 1 1 1 0 1 1 0 1 0 0 0 1 1 1 0 23438 18.7255
1 1 0 0 0 1 1 0 0 1 1 0 1 0 0 0 1 0 1 0 23442 18.3265
1 1 0 1 1 0 1 0 1 0 1 0 0 1 0 0 0 0 1 0 23447 18.1530
1 1 1 0 1 1 1 1 1 0 1 0 0 0 0 0 1 0 1 0 23449 18.8494
0 1 0 0 0 0 1 0 0 1 1 0 1 1 0 0 0 1 1 1 23452 18.8432
0 1 1 1 0 0 1 1 0 1 1 0 1 1 0 0 0 1 1 1 23455 18.5185
1 0 1 1 0 0 1 1 0 1 1 0 1 1 0 0 1 0 0 1 23456 17.7228
0 1 0 1 1 1 1 0 1 0 1 0 0 0 0 0 1 1 1 0 23459 18.9826
1 1 1 0 0 0 1 0 0 1 1 0 1 1 0 0 0 0 1 1 23462 18.4394
0 1 1 1 1 0 1 0 1 0 1 0 0 0 0 0 0 1 1 0 23465 19.0601
1 0 0 1 1 0 1 0 1 0 1 0 0 0 0 0 1 0 0 1 23466 18.6045
1 1 1 1 1 1 1 0 1 0 1 0 0 0 0 0 1 0 1 0 23469 18.8504
0 0 0 1 0 1 1 0 0 1 1 0 1 1 0 0 0 1 0 1 23472 17.6033
1 0 1 1 0 0 1 1 0 1 0 0 1 1 0 0 0 0 0 0 23473 16.9126
0 1 1 0 1 1 1 1 0 0 1 0 0 1 0 0 1 1 1 0 23475 18.8550
0 0 1 1 1 0 1 1 1 0 0 0 0 0 0 0 0 1 0 0 23478 18.7083
0 1 1 1 1 0 1 1 0 0 1 0 0 1 0 0 1 1 1 1 23480 19.1038
1 1 1 1 0 1 1 1 0 0 1 0 1 1 0 0 1 0 1 1 23482 18.6717
1 1 0 0 1 1 1 1 0 0 1 0 0 1 0 0 1 0 1 0 23485 18.6552
1 0 1 0 1 1 1 1 1 0 0 0 0 0 0 1 0 0 0 0 23488 18.0085
1 0 1 1 0 1 0 1 0 1 0 0 1 1 1 1 0 0 0 1 23490 16.1812
0 1 1 1 0 1 1 0 0 0 1 0 1 0 0 0 1 1 1 0 23493 18.9491
1 1 1 1 0 0 1 0 0 0 1 0 1 0 0 0 1 0 1 0 23495 18.4848
0 0 1 1 0 0 1 1 0 1 0 0 1 1 0 0 1 1 0 0 23497 17.6171
1 1 1 1 1 0 1 1 0 0 1 0 0 1 0 0 0 0 1 0 23498 19.0043
1 0 1 0 0 1 1 1 0 1 0 0 1 1 0 0 1 0 0 0 23501 17.8307
1 0 0 1 1 1 1 1 1 0 0 0 0 0 0 0 1 0 0 0 23503 17.9577
1 0 0 1 1 1 1 1 1 0 0 0 0 0 0 1 1 0 0 0 23505 17.9410
0 1 0 0 0 1 1 1 0 0 1 0 1 1 0 0 0 1 1 0 23509 17.6190
0 0 1 0 0 0 1 1 0 1 0 0 1 1 0 1 1 1 0 0 23512 17.1660
0 0 1 1 0 1 0 1 0 1 0 0 1 1 1 1 1 1 0 1 23514 18.1160
0 0 0 1 1 0 1 1 1 0 0 0 0 0 0 0 1 1 0 0 23516 17.6994
0 1 1 1 1 0 1 0 0 0 1 0 0 0 0 0 0 1 1 0 23519 18.5471
1 1 1 1 1 1 1 0 0 0 1 0 0 1 0 0 0 0 1 1 23520 19.0299
1 0 0 0 1 1 1 1 0 0 1 0 0 0 0 1 1 0 1 0 23523 18.1573
1 1 1 0 1 0 1 1 1 0 0 0 0 1 0 0 0 0 1 1 23525 18.1311
0 1 0 0 0 0 1 1 0 1 0 0 1 0 0 0 0 1 1 1 23528 17.7977
0 1 1 0 0 0 1 1 0 1 0 0 1 0 0 1 0 1 0 1 23530 16.6793
0 0 0 1 1 1 1 0 0 0 1 0 0 1 0 1 1 1 1 0 23532 18.3724
0 0 1 0 0 1 1 1 0 0 1 0 1 1 0 1 1 1 1 0 23535 18.1297
1 0 1 1 1 0 1 1 0 0 1 0 0 0 0 1 1 0 1 0 23536 18.0459
0 0 1 0 1 1 1 0 0 0 1 0 0 0 0 1 1 1 1 0 23539 18.3940
1 1 0 1 1 0 0 1 1 0 0 0 0 1 1 0 0 0 1 1 23540 17.5371
1 1 0 1 1 0 1 1 1 0 0 0 0 1 0 1 0 0 1 1 23543 18.5034
0 1 1 1 0 0 1 1 0 1 0 0 1 0 0 0 0 1 0 0 23547 16.5339
1 1 1 0 0 1 1 1 0 1 0 0 1 0 0 0 0 0 1 0 23549 17.6217
0 0 1 0 1 1 1 1 0 0 1 0 0 0 0 1 1 1 0 1 23551 18.6079
1 0 1 0 0 1 1 1 0 0 1 0 1 1 0 1 1 0 0 1 23553 17.2849
1 1 1 1 0 1 1 1 0 1 0 0 1 0 0 1 0 0 0 0 23555 16.7881
1 0 1 1 0 1 1 1 0 0 1 0 1 0 0 1 1 0 1 1 23558 18.4928
0 1 0 0 1 1 1 1 1 0 0 0 0 1 0 1 0 1 0 0 23560 17.8952
1 1 1 0 1 0 1 1 1 0 0 0 0 1 0 1 0 0 1 0 23562 17.7888
1 1 0 1 0 1 0 1 0 1 0 0 1 0 1 0 0 0 1 0 23564 17.5603
0 0 1 0 0 1 1 0 0 0 1 0 1 1 0 1 1 1 0 1 23567 17.2977
1 0 1 0 0 0 1 1 0 0 1 0 1 1 0 0 1 0 0 0 23569 17.3400
0 1 0 1 1 1 1 1 1 0 0 0 0 0 0 1 0 1 1 1 23571 18.8839
1 1 1 1 0 1 1 1 0 1 0 0 1 1 0 0 0 0 1 0 23574 17.8186
0 0 1 1 1 1 1 1 0 0 1 0 0 0 0 0 1 1 0 1 23576 18.9034
1 0 1 1 1 1 1 1 0 0 1 0 0 1 0 0 1 0 0 1 23578 18.4081
1 1 1 1 1 1 1 1 1 0 0 0 0 0 0 1 0 0 1 1 23581 19.1653
0 1 1 1 0 1 0 1 0 1 0 0 1 1 1 1 0 1 1 0 23585 17.1237
1 1 1 1 0 1 1 1 0 1 0 0 1 1 0 1 0 0 1 1 23586 18.5862
0 0 1 1 1 1 1 0 0 0 1 0 0 0 0 0 1 1 0 0 23589 18.5934
1 0 1 1 0 1 1 0 0 0 1 0 1 1 0 0 1 0 0 0 23591 17.0539
0 0 1 0 1 0 1 1 0 0 1 0 0 1 0 0 1 1 1 0 23593 18.8700
1 0 1 1 1 1 1 1 0 0 1 0 0 0 0 0 1 0 1 0 23594 18.8595
1 0 0 1 1 1 1 0 0 0 1 0 0 0 0 0 1 0 1 1 23597 18.9709
1 1 1 1 1 1 1 1 1 0 0 0 0 0 0 0 0 0 0 1 23599 18.4699
0 1 0 0 0 0 1 1 0 1 0 0 1 1 0 1 0 1 0 0 23602 17.0359
0 0 0 0 0 1 1 1 0 0 1 0 1 1 0 0 1 1 1 0 23605 18.3879
0 0 0 1 1 1 1 1 0 0 1 0 0 1 0 0 1 1 1 1 23608 19.1258
0 0 0 1 0 1 1 0 0 0 1 0 1 1 0 0 1 1 1 1 23610 18.5769
1 1 0 1 0 1 1 1 0 1 0 0 1 1 0 0 0 0 0 0 23612 16.8880
0 0 1 1 1 1 1 0 0 0 1 0 0 1 0 0 1 1 1 0 23615 18.8796
1 1 0 1 1 0 0 1 1 0 0 0 0 0 1 1 0 0 0 1 23616 17.2675
0 1 1 0 1 1 1 1 0 0 0 0 0 0 0 0 0 1 1 0 23617 18.4782
1 1 0 0 1 0 0 1 0 0 0 0 0 1 1 0 0 0 1 1 23617 18.4072
0 0 0 1 0 0 1 1 0 0 0 0 1 1 0 0 1 1 1 1 23618 18.7163
1 1 1 1 0 0 0 1 0 0 0 0 1 1 1 0 0 0 1 0 23618 17.0482
1 0 1 1 1 0 1 1 0 0 0 0 0 1 0 0 1 0 1 0 23618 18.1083
1 0 1 0 0 0 1 1 0 0 0 0 1 0 0 0 1 0 1 0 23619 17.8586
0 0 0 0 1 0 1 1 0 0 0 0 0 1 0 1 1 1 0 1 23620 18.2890
0 0 0 1 0 1 1 1 0 0 0 0 1 0 0 1 1 1 1 1 23621 18.6473
1 0 1 0 1 1 1 1 0 0 0 0 0 1 0 0 1 0 0 0 23621 17.5024
1 1 1 1 1 0 1 1 0 0 0 0 0 0 0 0 0 0 0 0 23622 17.6752
0 1 0 0 1 0 1 1 0 0 0 0 0 1 0 0 0 1 1 0 23623 18.9687
1 0 1 0 0 0 0 1 0 0 0 0 1 1 1 0 1 0 1 1 23623 18.1095
0 1 1 1 0 0 1 1 0 0 0 0 1 1 0 0 0 1 1 1 23624 17.6989
0 0 0 1 1 1 0 1 0 0 0 0 0 0 1 0 1 1 1 0 23624 19.1653
1 1 0 1 1 1 1 1 0 0 0 0 0 0 0 0 0 0 1 0 23624 18.0356
0 0 0 1 1 1 1 1 0 0 0 0 0 0 0 1 1 1 0 0 23625 18.1149
0 0 1 1 0 1 1 1 0 0 0 0 1 1 0 0 1 1 1 1 23626 18.6352
0 1 1 0 0 0 1 1 0 0 0 0 1 0 0 0 0 1 0 1 23627 18.0901
1 1 0 1 1 0 1 1 0 0 0 0 0 1 0 1 0 0 1 0 23627 18.4046
1 1 0 0 0 1 1 1 0 0 0 0 1 0 0 1 0 0 1 0 23628 17.5874
0 1 0 0 1 1 1 1 0 0 0 0 0 1 0 0 0 1 1 0 23629 18.8171
0 0 0 1 0 0 1 1 0 0 0 0 1 0 0 0 1 1 1 0 23630 18.7128
1 0 1 0 1 0 1 1 0 0 0 0 0 1 0 1 1 0 0 1 23630 17.9573
1 0 1 1 0 1 1 1 0 0 0 0 1 0 0 1 1 0 0 0 23631 18.3372
0 0 0 1 1 1 1 1 0 0 0 0 0 1 0 0 1 1 1 1 23632 19.1870
0 0 0 1 0 0 0 1 0 0 0 0 1 0 1 1 1 1 1 0 23633 17.3926
1 1 0 1 0 0 1 1 0 0 0 0 1 0 0 1 0 0 1 0 23633 17.8621
1 0 1 1 1 0 0 1 0 0 0 0 0 0 1 1 1 0 0 0 23633 16.0755
0 1 1 1 1 0 1 1 0 0 0 0 0 0 0 1 0 1 0 1 23634 18.4591
1 0 0 1 0 1 0 1 0 0 0 0 1 1 1 1 1 0 1 1 23634 17.2058
0 0 1 1 0 0 1 1 0 0 0 0 1 1 0 1 1 1 1 1 23635 18.6831
1 0 1 1 1 1 1 1 0 0 0 0 0 0 0 1 1 0 1 1 23635 19.1525
1 0 0 1 0 1 1 1 0 0 0 0 1 1 0 0 1 0 0 0 23636 16.9074
1 1 0 0 0 0 1 1 0 0 0 0 1 0 0 0 0 0 0 1 23637 18.0861
0 1 1 0 1 0 1 1 0 0 0 0 0 1 0 1 0 1 1 0 23638 18.9219
0 1 1 1 0 0 0 1 0 0 0 0 1 0 1 1 0 1 1 0 23639 16.6985
0 0 1 1 1 0 1 1 0 0 0 0 0 0 0 1 1 1 1 0 23639 18.3226
1 1 0 1 1 1 0 1 0 0 0 0 0 1 1 1 0 0 0 0 23639 16.0318
0 0 0 1 0 1 1 1 0 0 0 0 1 1 0 1 1 1 0 1 23640 17.6696
1 1 1 1 0 1 0 1 0 0 0 0 1 1 1 1 0 0 1 1 23640 16.1940
1 0 1 1 1 1 1 1 0 0 0 0 0 1 0 1 1 0 1 1 23640 19.0095
0 0 0 1 0 1 1 1 0 0 1 0 1 0 0 1 0 1 1 0 23644 16.7574
0 0 0 1 0 1 1 0 0 0 1 0 1 0 0 1 0 1 1 0 23646 17.2712
0 0 1 1 1 1 1 1 0 0 1 0 0 0 0 1 0 1 0 0 23648 18.0753
0 1 1 0 0 0 1 1 0 1 0 0 1 0 0 1 1 1 0 1 23650 17.3462
1 0 0 1 0 1 1 0 0 0 1 0 1 1 0 1 0 0 1 0 23652 15.9805
0 0 1 0 1 1 1 1 0 0 1 0 0 1 0 1 0 1 1 0 23655 18.5283
1 1 0 0 1 1 1 1 1 0 0 0 0 1 0 1 1 0 0 1 23656 18.1953
0 1 0 0 1 0 1 1 1 0 0 0 0 1 0 0 1 1 1 1 23659 19.3724
0 0 1 0 0 1 1 0 0 0 1 0 1 1 0 1 0 1 1 0 23661 16.8800
0 1 0 0 0 1 1 1 0 1 0 0 1 0 0 1 1 1 1 1 23664 18.6825
0 0 0 0 1 1 1 1 0 0 1 0 0 0 0 1 0 1 1 1 23667 18.3053
1 1 1 0 0 1 1 1 0 1 0 0 1 0 0 0 1 0 1 0 23669 18.5397
1 0 1 0 0 1 1 1 0 0 1 0 1 0 0 1 0 0 0 1 23671 18.2957
1 0 1 0 1 1 1 1 0 0 1 0 0 1 0 1 0 0 0 1 23673 18.0008
1 0 0 0 1 1 1 0 0 0 1 0 0 1 0 1 0 0 1 1 23675 17.9849
1 1 0 0 1 1 1 1 1 0 0 0 0 1 0 0 1 0 0 0 23678 17.5084
1 0 1 1 0 0 1 1 0 0 1 0 1 0 0 1 0 0 1 1 23680 17.8969
0 0 1 0 0 1 1 0 0 0 1 0 1 0 0 1 0 1 1 1 23683 18.1270
1 1 0 1 0 1 0 1 0 1 0 0 1 0 1 0 1 0 1 0 23684 18.1084
0 1 0 1 1 0 1 1 1 0 0 0 0 1 0 1 1 1 1 0 23687 18.8213
1 0 1 0 1 0 1 1 0 0 1 0 0 1 0 0 0 0 0 0 23689 17.9306
1 1 0 1 0 0 1 1 0 1 0 0 1 1 0 1 1 0 1 1 23691 18.8595
1 0 0 0 1 1 1 0 0 0 1 0 0 0 0 0 0 0 0 1 23694 18.3048
0 1 1 0 1 1 1 1 1 0 0 0 0 0 0 0 1 1 1 1 23696 19.2090
0 0 0 1 0 1 1 0 0 0 1 0 1 0 0 0 0 1 0 0 23699 17.6985
0 1 1 0 0 0 1 1 0 1 0 0 1 1 0 1 1 1 1 1 23702 18.6784
0 1 1 1 0 1 0 1 0 1 0 0 1 1 1 1 1 1 1 0 23705 17.6876
1 1 1 1 0 1 1 1 0 1 0 0 1 1 0 1 1 0 1 1 23706 18.5279
1 0 1 1 0 1 1 0 0 0 1 0 1 0 0 0 0 0 0 0 23709 18.1209
1 0 1 1 1 1 1 0 0 0 1 0 0 1 0 0 0 0 0 0 23711 18.0194
0 1 0 1 1 1 1 1 1 0 0 0 0 0 0 0 1 1 0 1 23713 19.0855
1 1 1 0 1 1 1 1 1 0 0 0 0 0 0 0 1 0 0 0 23714 18.0504
0 0 0 0 0 1 1 0 0 0 1 0 1 0 0 0 0 1 1 1 23718 17.9467
0 0 1 1 0 1 1 1 0 0 1 0 1 0 0 0 0 1 1 1 23720 18.2999
0 0 1 1 1 1 1 1 0 0 1 0 0 1 0 0 0 1 1 1 23722 19.1171
0 1 1 1 1 1 1 1 1 0 0 0 0 0 0 1 1 1 0 1 23725 19.0632
1 0 0 1 0 1 1 1 0 0 1 0 1 1 0 0 0 0 1 1 23728 17.7125
0 0 0 1 1 1 1 0 0 0 1 0 0 1 0 0 0 1 1 1 23730 19.1398
1 0 1 0 1 1 1 0 0 0 1 0 0 0 0 0 0 0 1 1 23732 18.8430
0 1 0 1 1 0 1 1 1 0 0 0 0 0 0 1 1 1 0 0 23735 18.4521
0 0 0 0 0 0 0 1 0 0 0 0 1 1 1 0 0 1 1 1 23737 17.6467
0 1 0 0 1 0 1 1 0 0 0 0 0 1 0 0 1 1 1 1 23737 19.1052
1 0 1 0 1 0 0 1 0 0 0 0 0 1 1 0 0 0 1 0 23737 18.7534
0 1 1 1 0 0 1 1 0 0 0 0 1 1 0 0 1 1 1 0 23738 18.4376
1 0 0 1 0 1 0 1 0 0 0 0 1 0 1 0 0 0 1 1 23738 17.3863
1 1 0 1 1 1 1 1 0 0 0 0 0 0 0 0 1 0 1 1 23738 18.6998
1 1 0 1 0 1 1 1 0 0 0 0 1 0 0 1 1 0 0 1 23739 18.7478
0 1 1 1 1 1 1 1 0 0 0 0 0 1 0 0 1 1 1 0 23740 18.9190
0 0 1 0 1 0 1 1 0 0 0 0 0 0 0 0 0 1 0 0 23741 18.0703
0 0 0 0 0 0 1 1 0 0 0 0 1 1 0 1 0 1 1 1 23742 17.6744
1 0 0 0 1 1 1 1 0 0 0 0 0 0 0 1 0 0 1 1 23742 18.6837
0 0 1 0 1 0 1 1 0 0 0 0 0 1 0 0 0 1 1 1 23743 19.3041
1 1 0 0 0 1 0 1 0 0 0 0 1 0 1 0 1 0 1 0 23743 18.3961
0 0 0 1 0 1 1 1 0 0 0 0 1 0 0 0 0 1 1 0 23744 18.0477
0 1 1 1 1 1 0 1 0 0 0 0 0 0 1 0 1 1 1 1 23744 19.0040
1 0 1 1 1 1 1 1 0 0 0 0 0 0 0 0 0 0 1 1 23744 18.3817
1 0 1 0 0 0 1 1 0 0 0 0 1 0 0 0 0 0 1 1 23745 17.9529
0 0 0 0 1 0 1 1 0 0 0 0 0 1 0 1 0 1 0 0 23746 17.7887
0 0 0 1 0 1 1 1 0 0 0 0 1 0 0 1 0 1 1 0 23747 17.2566
1 0 1 0 1 1 1 1 0 0 0 0 0 1 0 0 0 0 0 1 23747 18.0965
1 1 1 1 0 0 1 1 0 0 0 0 1 0 0 0 1 0 0 1 23748 18.3561
0 1 1 1 1 0 1 1 0 0 0 0 0 1 0 1 1 1 0 1 23749 18.5771
0 1 1 0 0 1 1 1 0 0 0 0 1 0 0 1 1 1 0 1 23750 19.2202
1 1 0 1 1 1 1 1 0 0 0 0 0 1 0 0 1 0 1 0 23750 18.2328
1 0 0 0 1 0 1 1 0 0 0 0 0 0 0 0 0 0 1 1 23751 18.6010
1 0 1 0 0 0 1 1 0 0 0 0 1 1 0 1 0 0 0 0 23752 16.0889
0 1 1 1 0 0 0 1 0 0 0 0 1 0 1 1 1 1 0 0 23753 17.3752
1 0 1 1 0 0 1 1 0 0 0 0 1 0 0 1 0 0 0 0 23753 17.6301
1 1 0 1 1 1 0 1 0 0 0 0 0 1 1 1 1 0 1 0 23753 16.5444
0 0 0 1 1 1 1 1 0 0 0 0 0 1 0 1 0 1 1 1 23754 19.1959
1 1 1 1 0 1 0 1 0 0 0 0 1 1 1 1 1 0 0 1 23754 16.1438
0 1 0 0 0 1 1 1 0 0 0 0 1 1 0 0 1 1 0 0 23755 17.3563
0 0 0 1 0 0 1 1 0 0 0 0 1 0 0 0 0 1 0 0 23756 18.3759
1 0 1 0 1 0 1 1 0 0 0 0 0 1 0 1 0 0 1 1 23756 19.0643
1 0 1 1 0 1 1 1 0 0 0 0 1 0 0 1 0 0 1 0 23757 17.7161
0 0 0 1 1 1 1 1 0 0 0 0 0 1 0 0 0 1 0 1 23758 18.5226
0 0 0 1 0 1 0 1 0 0 0 0 1 1 1 1 0 1 0 0 23759 15.2827
0 1 0 1 1 1 1 1 0 0 0 0 0 1 0 1 1 1 0 0 23759 18.0188
1 0 1 1 1 1 0 1 0 0 0 0 0 1 1 1 0 0 1 0 23759 16.6265
0 1 1 1 0 1 1 1 0 0 0 0 1 1 0 1 1 1 1 1 23760 18.5789
1 1 0 1 0 0 0 1 0 0 0 0 1 0 1 1 1 0 0 1 23760 17.5531
0 1 1 1 0 0 1 1 0 1 1 0 1 0 1 1 0 1 0 0 23761 16.1173
1 1 0 1 0 0 1 0 0 1 1 0 0 0 0 1 1 0 1 0 23765 16.9823
1 1 1 0 1 0 1 1 1 0 1 0 1 1 0 1 1 0 1 0 23769 18.8874
0 1 1 0 0 0 1 0 0 1 1 0 1 0 1 1 0 1 0 0 23776 16.1826
0 1 0 1 1 0 1 1 1 0 1 0 0 1 1 1 0 1 0 0 23780 16.8285
1 0 1 1 1 0 1 0 1 0 1 0 1 1 0 1 1 0 1 1 23784 17.6914
1 1 1 1 1 1 1 1 1 0 1 0 1 0 0 1 1 0 1 0 23792 19.4622
0 0 0 0 1 0 1 1 1 0 1 0 0 1 1 0 0 1 0 1 23803 17.4855
1 0 1 0 1 0 1 1 1 0 1 0 1 1 0 0 1 0 1 1 23811 18.5853
0 1 1 0 1 1 1 0 1 0 1 0 0 0 1 1 0 1 0 0 23822 18.4191
1 1 1 0 1 0 1 0 1 0 1 0 1 0 0 1 1 0 0 0 23831 18.1610
1 1 0 0 0 0 1 0 0 0 1 0 0 1 0 1 1 0 1 0 23837 16.8602
1 1 1 0 0 1 1 1 0 0 1 0 0 1 0 1 1 0 0 0 23841 17.4463
1 1 1 1 0 1 1 1 0 0 1 0 0 0 0 1 1 0 1 0 23846 18.0222
1 1 0 1 1 1 1 0 0 0 1 0 1 1 0 1 1 0 0 0 23850 15.8241
0 0 0 1 0 1 1 1 0 1 0 0 1 0 1 1 0 1 1 1 23855 17.5140
0 1 0 0 0 1 1 0 0 0 1 0 1 0 1 1 0 1 1 0 23861 17.8601
0 1 1 0 1 0 1 1 0 0 1 0 0 0 1 1 0 1 0 0 23865 17.7881
1 0 0 1 1 1 1 1 1 0 0 0 1 1 0 0 1 0 0 1 23869 18.1351
0 1 0 1 0 1 1 0 0 0 1 0 1 1 1 1 0 1 0 0 23874 16.1763
0 1 1 1 1 1 1 0 0 0 1 0 0 1 1 1 0 1 1 0 23878 18.5338
1 0 1 1 1 1 1 1 1 0 1 0 1 1 0 1 1 0 0 0 23882 17.7051
1 1 1 0 1 1 1 1 1 0 1 0 1 1 0 1 1 0 1 1 23887 19.8916
0 1 1 1 0 0 1 0 0 1 1 0 1 0 1 1 0 1 1 1 23893 18.0529
0 1 1 1 0 1 1 0 0 1 1 0 1 0 1 1 0 1 1 1 23898 18.6043
0 0 0 0 1 0 1 0 1 0 1 0 0 1 1 1 0 1 1 0 23903 17.5657
1 0 1 1 1 0 1 1 1 0 1 0 1 1 0 0 1 0 0 0 23908 18.1015
0 0 1 1 1 1 1 0 1 0 1 0 0 1 1 0 0 1 0 0 23919 18.8275
0 1 0 1 1 0 1 0 1 0 1 0 0 0 1 1 0 1 1 1 23928 19.5743
1 1 1 1 0 0 1 1 0 1 1 0 0 1 0 1 1 0 0 1 23936 17.9511
1 1 0 1 1 0 1 0 1 0 1 0 1 0 0 1 1 0 0 1 23946 18.7968
0 0 1 1 0 0 1 1 0 1 0 0 1 0 1 0 0 1 0 0 23955 16.6926
0 0 0 1 1 1 1 1 1 0 0 0 0 1 1 0 0 1 1 0 23959 18.7660
1 1 0 0 0 1 1 0 0 0 1 0 0 1 0 1 1 0 1 1 23963 18.1213
0 0 1 0 1 1 1 1 1 0 0 0 0 1 1 1 0 1 1 0 23968 17.4144
1 1 1 1 0 0 1 0 0 0 1 0 0 1 0 1 1 0 1 1 23972 17.8302
0 1 0 1 1 1 1 1 0 0 1 0 0 0 1 1 0 1 0 1 23978 19.3520
1 0 1 1 1 0 0 1 1 0 0 0 1 1 1 0 1 0 1 0 23982 18.2149
1 0 1 0 1 1 1 1 1 0 0 0 1 1 0 1 1 0 0 0 23986 17.6319
0 1 1 1 0 0 1 1 0 0 1 0 1 0 1 1 0 1 1 1 23992 18.3970
0 1 1 1 0 1 1 0 0 0 1 0 1 0 1 1 0 1 1 1 23996 18.6783
1 1 1 0 0 0 1 1 0 1 1 0 0 0 0 0 1 0 0 1 24001 18.7753
1 0 1 1 1 0 1 1 1 0 1 0 1 0 0 1 1 0 1 0 24010 19.0199
0 0 0 0 1 0 1 1 1 0 1 0 0 0 1 1 0 1 1 0 24021 18.4895
1 0 0 1 1 1 1 0 1 0 1 0 1 0 0 1 1 0 1 1 24029 18.9387
0 1 1 0 1 1 1 0 1 0 1 0 0 1 1 0 0 1 0 0 24040 19.3093
1 1 1 0 1 0 1 0 1 0 1 0 1 1 0 0 1 0 0 0 24048 18.2100
0 1 1 0 0 1 1 1 0 1 1 0 1 1 1 0 0 1 0 0 24053 18.0286
0 1 0 1 1 1 1 0 1 0 1 0 0 0 1 0 0 1 0 0 24057 19.6191
1 1 0 0 0 1 1 1 0 1 1 0 0 1 0 0 1 0 0 1 24063 18.6827
1 1 1 1 1 1 1 0 1 0 1 0 1 0 0 0 1 0 0 1 24067 19.9998
1 0 1 1 0 1 1 0 0 1 1 0 0 1 0 0 1 0 1 1 24072 19.6376
0 0 0 0 1 1 1 1 1 0 0 0 0 0 1 1 0 1 1 1 24076 18.3139
1 1 1 1 1 0 1 1 0 0 1 0 1 1 0 0 1 0 0 1 24080 17.6854
1 1 0 1 1 1 1 1 0 0 1 0 1 1 0 0 1 0 0 0 24086 17.3481
0 0 0 0 0 1 1 1 0 1 0 0 1 1 1 0 0 1 1 0 24091 18.4908
0 0 0 1 0 1 1 1 0 1 0 0 1 1 1 1 0 1 1 1 24096 17.9837
1 0 0 1 0 0 1 1 0 1 0 0 0 1 0 1 1 0 1 1 24099 18.7297
0 1 1 1 1 1 1 1 0 0 1 0 0 0 1 0 0 1 0 1 24104 19.4056
0 1 0 1 0 1 1 1 0 0 1 0 1 1 1 0 0 1 0 0 24110 17.6911
1 0 1 1 0 1 1 1 0 1 0 0 0 1 0 1 1 0 1 1 24114 19.6178
1 0 0 1 1 0 0 1 1 0 0 0 1 0 1 1 1 0 1 0 24119 17.2119
1 0 0 0 1 1 1 0 1 0 1 0 1 0 0 1 1 0 0 0 24126 18.0426
0 1 1 1 0 1 1 0 0 1 1 0 1 0 1 0 0 1 1 1 24137 18.7614
0 1 1 1 1 1 1 1 1 0 1 0 0 1 1 0 0 1 1 0 24145 20.0571
0 1 0 0 1 1 1 0 1 0 1 0 0 1 1 0 0 1 1 0 24154 19.8513
1 0 1 0 1 1 1 0 1 0 1 0 1 0 0 1 1 0 0 1 24164 18.7203
1 0 1 1 0 0 1 1 0 1 1 0 0 1 0 0 1 0 0 0 24170 17.6589
1 1 1 0 0 0 1 1 0 1 1 0 0 1 0 0 1 0 1 1 24175 18.9317
1 1 0 0 0 0 1 0 0 1 1 0 0 1 0 0 1 0 1 0 24180 18.5472
1 1 0 1 1 0 1 0 1 0 1 0 1 0 0 0 1 0 1 0 24185 19.1621
0 0 0 1 0 1 1 0 0 1 1 0 1 1 1 0 0 1 0 0 24191 18.2150
0 0 1 0 0 0 1 1 0 1 0 0 1 1 1 0 0 1 0 0 24194 17.6743
0 0 0 1 1 1 1 1 1 0 0 0 0 0 1 0 0 1 0 0 24199 18.8352
1 1 0 1 1 1 1 0 0 0 1 0 1 0 0 0 1 0 1 0 24203 18.6156
1 1 0 1 0 0 1 0 0 0 1 0 0 0 0 0 1 0 1 0 24209 18.1185
0 0 0 1 1 0 1 1 1 0 0 0 0 0 1 0 0 1 0 1 24214 18.5867
1 0 0 1 1 1 1 1 1 0 0 0 1 0 0 0 1 0 0 1 24217 19.5197
1 0 1 1 1 0 1 1 1 0 0 0 1 0 0 0 1 0 0 0 24222 19.2722
0 1 0 1 0 1 1 0 0 0 1 0 1 0 1 0 0 1 1 0 24227 18.8167
0 1 0 1 0 1 1 0 0 0 1 0 1 1 1 0 0 1 1 0 24233 18.2584
1 0 0 0 0 1 1 1 0 1 0 0 0 1 0 0 1 0 0 1 24237 18.3415
1 0 0 0 1 1 1 1 0 0 1 0 1 0 0 1 1 0 0 0 24241 18.1618
1 0 0 1 0 0 1 0 0 0 1 0 0 1 0 1 1 0 1 0 24246 16.9862
1 0 1 1 0 1 1 1 0 0 1 0 0 1 0 1 1 0 0 0 24250 17.7775
1 0 1 0 1 0 1 1 0 0 1 0 1 0 0 1 1 0 1 0 24255 18.1718
1 0 1 0 1 1 1 0 0 0 1 0 1 0 0 1 1 0 1 0 24259 17.4046
0 1 1 1 0 0 1 1 0 1 0 0 1 0 1 0 0 1 1 0 24265 17.4953
0 1 1 1 0 1 1 1 0 1 0 0 1 0 1 0 0 1 1 0 24270 18.0493
0 1 0 0 1 1 1 1 1 0 0 0 0 1 1 1 0 1 1 0 24274 17.7691
0 1 1 1 1 1 1 1 1 0 0 0 0 1 1 1 0 1 1 0 24279 17.6225
1 0 1 0 0 0 1 0 0 0 1 0 0 1 0 1 1 0 1 1 24283 17.6856
0 1 0 0 1 0 1 1 1 0 0 0 0 1 1 1 0 1 1 0 24288 16.9718
1 0 1 1 0 1 1 1 0 0 1 0 0 1 0 0 1 0 0 0 24292 17.8071
1 0 1 1 1 1 1 1 0 0 1 0 1 0 0 0 1 0 0 1 24296 19.0906
0 1 1 1 0 0 1 1 0 1 0 0 1 1 1 1 0 1 1 0 24303 16.9781
0 1 0 0 1 0 1 1 1 0 0 0 0 0 1 0 0 1 1 0 24307 18.8924
0 1 0 1 1 0 0 1 1 0 0 0 0 0 0 1 0 1 1 1 24312 18.9657
1 0 1 0 1 1 1 1 0 0 1 0 1 1 0 0 1 0 1 0 24315 18.0749
1 0 1 1 0 0 1 1 0 0 1 0 0 1 0 0 1 0 1 1 24320 18.7557
0 1 1 0 1 1 1 1 1 0 0 0 0 0 1 1 0 1 0 1 24326 18.4044
1 0 0 1 1 0 1 0 0 0 1 0 1 0 0 0 1 0 1 1 24330 19.0775
1 0 1 1 1 1 1 0 0 0 1 0 1 1 0 0 1 0 1 0 24335 18.0626
1 0 0 0 0 0 0 1 0 0 0 0 0 1 1 0 1 0 1 1 24337 18.1275
0 1 0 1 1 0 1 1 0 0 0 0 0 1 1 0 0 1 1 1 24338 18.8777
0 1 0 1 0 1 1 1 0 0 0 0 1 0 1 1 0 1 0 1 24339 17.4413
1 0 1 1 0 1 1 1 0 0 0 0 0 1 0 0 1 0 1 0 24340 18.3139
0 1 1 1 1 0 1 1 0 0 0 0 0 0 1 0 0 1 0 0 24342 18.2449
0 1 0 0 1 1 1 1 0 0 0 0 0 0 1 0 0 1 1 0 24343 18.7045
0 1 1 1 0 1 0 1 0 0 0 0 1 0 0 0 0 1 1 1 24344 18.0129
1 0 1 1 1 1 1 1 0 0 0 0 1 0 0 0 1 0 1 1 24344 18.6589
1 0 1 1 0 0 1 1 0 0 0 0 0 0 0 0 1 0 1 1 24346 18.0405
0 1 0 0 0 0 1 1 0 0 0 0 1 1 1 1 0 1 1 0 24348 16.1584
1 0 1 1 0 1 1 1 0 0 0 0 0 0 0 1 1 0 0 1 24349 18.8265
0 1 0 0 0 1 1 1 0 0 0 0 1 1 1 0 0 1 1 1 24351 17.5062
1 0 0 1 1 0 1 1 0 0 0 0 1 0 0 0 1 0 1 1 24352 18.6360
1 0 0 1 0 1 1 1 0 0 0 0 0 1 0 1 1 0 1 0 24353 18.1845
0 1 1 1 1 1 0 1 0 0 0 0 0 1 0 1 0 1 0 1 24354 18.4219
0 1 0 0 1 1 1 1 0 0 0 0 0 1 1 0 0 1 0 0 24355 18.4623
0 1 0 0 0 0 1 1 0 0 0 0 1 0 1 0 0 1 0 1 24357 18.0922
1 0 1 0 0 0 1 1 0 0 0 0 0 1 0 1 1 0 1 0 24358 18.0607
1 0 1 1 0 0 0 1 0 0 0 0 0 0 1 1 1 0 1 0 24359 16.0194
0 1 1 1 1 0 1 1 0 0 0 0 0 0 1 1 0 1 1 1 24360 18.0177
0 0 0 1 0 1 1 1 0 0 1 0 1 0 1 1 0 1 0 0 24362 17.4283
1 1 1 1 0 1 1 1 0 1 0 0 0 0 0 0 1 0 1 1 24366 18.6355
1 1 0 0 1 1 1 1 1 0 0 0 1 1 0 1 1 0 1 1 24370 19.6990
1 1 1 1 1 1 1 1 1 0 0 0 1 1 0 1 1 0 1 1 24375 20.1522
0 0 1 1 0 0 1 0 0 0 1 0 1 1 1 1 0 1 1 0 24380 17.1732
0 0 0 0 1 1 1 1 0 0 1 0 0 0 1 1 0 1 0 1 24385 18.2744
0 0 0 1 1 0 1 0 0 0 1 0 0 1 1 1 0 1 1 1 24390 18.6036
0 0 1 1 1 1 1 1 0 0 1 0 0 1 1 1 0 1 0 1 24394 19.1382
1 1 0 1 0 0 1 1 0 1 0 0 0 0 0 1 1 0 0 0 24399 18.0910
1 1 0 0 0 1 1 1 0 1 0 0 0 0 0 0 1 0 1 0 24403 18.3586
1 1 0 0 0 1 1 1 0 1 0 0 0 0 0 1 1 0 1 0 24408 18.2842
1 1 0 0 1 1 1 1 1 0 0 0 1 0 0 1 1 0 1 1 24412 19.4302
0 0 1 0 0 1 1 1 0 0 1 0 1 1 1 0 0 1 0 1 24417 17.0511
0 0 0 0 1 1 1 1 0 0 1 0 0 1 1 0 0 1 0 1 24423 18.8609
1 1 0 0 0 1 1 1 0 1 0 0 0 1 0 0 1 0 1 0 24427 18.8976
0 0 1 1 1 1 1 0 0 0 1 0 0 1 1 0 0 1 0 1 24432 19.0809
0 0 1 1 0 1 1 1 0 0 1 0 1 1 1 0 0 1 1 0 24436 18.4763
1 1 1 0 0 0 1 1 0 1 0 0 0 1 0 0 1 0 0 1 24440 17.8418
1 1 1 0 0 0 1 1 0 1 0 0 0 1 0 1 1 0 0 1 24446 17.9953
1 1 1 1 1 0 1 1 1 0 0 0 1 0 0 1 1 0 0 1 24450 20.0418
0 0 1 1 0 0 1 0 0 0 1 0 1 0 1 0 0 1 1 1 24456 18.6572
1 1 0 0 0 0 1 1 0 0 0 0 0 1 0 0 1 0 1 1 24457 18.3431
0 0 1 1 1 0 0 1 0 0 0 0 0 1 0 0 0 1 1 0 24458 18.7695
0 0 1 0 0 1 1 1 0 0 0 0 1 1 1 0 0 1 1 0 24459 17.6058
1 1 1 1 1 0 1 1 0 0 0 0 1 0 0 0 1 0 1 0 24460 18.2643
0 0 0 0 1 0 1 1 0 0 0 0 0 1 1 1 0 1 1 1 24462 18.4927
0 0 1 0 1 1 0 1 0 0 0 0 0 0 0 0 0 1 1 1 24463 18.6354
0 0 1 1 0 1 1 1 0 0 0 0 1 0 1 0 0 1 1 1 24464 18.0692
0 0 1 0 0 0 1 1 0 0 0 0 1 0 1 0 0 1 1 1 24465 17.9578
1 1 0 0 0 0 1 1 0 0 0 0 0 1 0 1 1 0 0 0 24466 17.4644
0 0 0 0 0 1 1 1 0 0 0 0 1 0 1 1 0 1 1 0 24468 16.6208
1 1 0 0 0 1 1 1 0 0 0 0 0 1 0 0 1 0 1 0 24469 18.0683
0 0 0 0 1 0 1 1 0 0 0 0 0 0 1 0 0 1 1 1 24471 18.7130
1 1 1 0 1 0 1 1 0 0 0 0 1 1 0 1 1 0 0 0 24472 17.0512
1 1 1 1 0 1 0 1 0 0 0 0 0 1 1 1 1 0 0 0 24473 15.8297
0 0 1 1 1 1 1 1 0 0 0 0 0 1 1 1 0 1 0 1 24474 17.9480
1 1 0 0 0 0 1 1 0 0 0 0 0 0 0 0 1 0 0 0 24475 17.7476
0 0 1 1 0 0 1 1 0 0 0 0 1 1 1 1 0 1 1 0 24477 16.1441
1 1 1 0 0 1 1 1 0 0 0 0 0 0 0 1 1 0 1 0 24478 18.2646
1 1 1 1 0 0 1 1 0 0 0 0 0 0 0 1 1 0 1 0 24479 17.8480
0 0 0 1 1 1 0 1 0 0 0 0 0 1 0 1 0 1 0 1 24480 18.5069
1 1 1 0 0 0 1 1 0 1 1 0 0 0 0 1 0 0 0 0 24481 17.6785
1 1 0 0 0 0 1 0 0 1 1 0 0 0 0 1 0 0 1 0 24486 16.8967
1 1 1 1 1 0 1 1 1 0 1 0 1 1 0 1 0 0 1 0 24490 17.7928
0 0 1 0 0 1 1 0 0 1 1 0 1 0 1 1 1 1 1 1 24497 19.1911
0 1 0 0 1 0 1 1 1 0 1 0 0 1 1 1 1 1 1 0 24501 18.6901
1 1 0 0 0 0 1 1 0 1 1 0 0 1 0 1 0 0 1 0 24505 18.2519
1 1 1 1 1 0 1 1 1 0 1 0 1 0 0 1 0 0 1 0 24514 17.7842
0 1 0 0 1 0 1 1 1 0 1 0 0 0 1 1 1 1 1 0 24525 18.4605
1 1 0 1 1 1 1 0 1 0 1 0 1 0 0 1 0 0 0 0 24533 17.0407
0 0 1 0 1 1 1 0 1 0 1 0 0 1 1 0 1 1 1 1 24544 19.0689
1 1 1 1 1 0 1 0 1 0 1 0 1 0 0 1 0 0 0 0 24552 17.0709
0 0 1 1 0 1 0 1 0 1 0 0 1 0 0 0 1 1 1 1 24558 19.0198
0 0 1 0 0 0 1 1 0 1 0 0 1 0 1 1 1 1 0 1 24562 16.8629
0 0 0 1 1 1 1 1 1 0 0 0 0 1 1 1 1 1 0 1 24567 17.9509
0 0 0 0 1 0 1 1 1 0 0 0 0 1 1 0 1 1 1 1 24571 18.8236
0 0 0 0 0 1 1 1 0 1 0 0 1 0 1 1 1 1 1 1 24576 18.2692
1 0 1 0 0 1 1 1 0 1 0 0 0 0 0 0 0 0 1 1 24581 18.7485
1 0 0 1 1 1 1 1 1 0 0 0 1 1 0 1 0 0 1 1 24585 18.3534
1 0 0 0 1 1 1 1 1 0 0 0 1 1 0 0 0 0 0 1 24590 17.3215
0 1 1 0 0 0 1 0 0 0 1 0 1 1 1 1 1 1 1 0 24595 18.0715
0 1 1 0 1 1 1 0 0 0 1 0 0 1 1 1 1 1 0 0 24599 18.0856
1 1 1 0 0 1 1 1 0 1 1 0 0 0 0 1 0 0 0 1 24603 18.9651
0 1 1 0 1 1 1 1 1 0 1 0 0 1 1 1 1 1 1 1 24608 19.9622
0 1 1 0 0 0 1 0 0 1 1 0 1 0 1 1 1 1 1 1 24614 18.8461
1 1 0 1 0 1 1 0 0 1 1 0 0 0 0 1 0 0 1 1 24618 17.7112
1 0 1 0 1 0 1 0 1 0 1 0 1 1 0 1 0 0 1 0 24623 16.3330
1 1 0 0 1 1 1 0 1 0 1 0 1 0 0 1 0 0 1 1 24630 17.9839
0 1 1 0 0 1 1 0 0 1 1 0 1 1 1 1 1 1 1 1 24641 20.1036
0 1 0 1 1 1 1 1 1 0 1 0 0 0 1 1 1 1 0 1 24649 20.0632
0 0 0 0 1 1 1 0 1 0 1 0 0 1 1 0 1 1 1 0 24658 18.9476
1 1 1 0 1 1 1 0 1 0 1 0 1 0 0 1 0 0 0 1 24668 18.1079
0 0 1 0 0 0 1 1 0 1 0 0 1 0 1 0 1 1 0 0 24676 17.4355
0 0 0 0 1 1 1 1 1 0 0 0 0 1 1 0 1 1 1 0 24680 18.9036
1 1 0 1 0 1 1 0 0 0 1 0 0 1 0 1 0 0 1 1 24684 18.2756
1 1 1 1 1 1 1 1 0 0 1 0 1 1 0 1 0 0 1 1 24688 17.5706
0 0 0 1 0 1 1 1 0 1 0 0 1 0 1 1 1 1 0 0 24693 16.5020
0 1 0 0 1 1 1 1 0 0 1 0 0 0 1 1 1 1 1 1 24699 19.4862
1 0 0 1 0 0 1 1 0 1 0 0 0 0 0 0 0 0 1 0 24703 17.8487
1 0 1 1 1 0 1 1 1 0 0 0 1 1 0 1 0 0 0 0 24707 16.8211
1 0 0 0 0 0 1 1 0 1 0 0 0 0 0 1 0 0 0 0 24712 17.3511
1 0 0 1 0 1 1 1 0 1 0 0 0 0 0 0 0 0 1 0 24716 17.9603
1 1 1 1 0 0 1 1 0 1 1 0 0 0 0 0 0 0 0 1 24722 18.5365
1 1 0 0 1 1 1 0 1 0 1 0 1 1 0 0 0 0 0 1 24732 17.4396
0 1 0 1 0 1 1 0 0 1 1 0 1 0 1 0 1 1 0 1 24743 18.3612
0 1 0 1 1 1 1 1 1 0 1 0 0 1 1 0 1 1 0 0 24751 19.5747
1 1 0 1 0 1 1 0 0 1 1 0 0 0 0 0 0 0 0 0 24761 18.2195
0 1 1 1 1 1 1 1 1 0 1 0 0 0 1 0 1 1 0 0 24769 19.9169
0 1 1 1 0 1 1 1 0 1 1 0 1 1 1 0 1 1 0 0 24774 18.4703
0 1 0 0 1 1 1 0 1 0 1 0 0 0 1 0 1 1 0 0 24778 19.5539
1 1 0 1 0 1 1 1 0 1 1 0 0 1 0 0 0 0 0 1 24784 18.9757
1 1 1 0 1 1 1 0 1 0 1 0 1 0 0 0 0 0 0 1 24788 18.4552
0 0 0 1 0 0 1 1 0 1 0 0 1 1 1 0 1 1 1 1 24793 18.5005
0 0 1 0 1 0 1 1 1 0 0 0 0 0 1 0 1 1 1 0 24797 18.8081
1 1 1 0 0 1 1 1 0 0 1 0 0 1 0 0 0 0 0 1 24801 18.3898
1 1 0 0 1 1 1 1 0 0 1 0 1 1 0 0 0 0 0 1 24807 16.5610
0 0 0 1 0 1 1 1 0 1 0 0 1 1 1 0 1 1 1 0 24812 18.7556
1 1 1 1 0 1 1 0 0 0 1 0 0 1 0 0 0 0 0 1 24816 18.3232
1 0 0 0 0 0 1 1 0 1 0 0 0 1 0 1 0 0 1 1 24820 18.9326
1 0 1 0 1 1 1 1 1 0 0 0 1 0 0 0 0 0 1 1 24824 18.4541
0 1 0 0 0 1 1 1 0 0 1 0 1 1 1 0 1 1 0 1 24831 18.0713
0 1 1 1 1 1 1 0 0 0 1 0 0 0 1 0 1 1 0 1 24835 19.3854
0 1 1 1 1 0 1 0 0 0 1 0 0 0 1 0 1 1 0 1 24840 19.2720
1 1 0 0 1 1 1 1 1 0 1 0 1 1 0 0 0 0 1 1 24847 18.8572
0 1 1 0 0 1 1 0 0 1 1 0 1 0 1 0 1 1 1 1 24858 19.8853
0 1 1 0 1 1 1 1 1 0 1 0 0 1 1 0 1 1 1 0 24866 19.7964
0 0 1 1 1 0 1 1 1 0 1 0 0 0 1 1 1 1 0 1 24876 19.3382
1 1 1 0 1 1 1 0 1 0 1 0 1 1 0 0 0 0 1 0 24886 18.2464
0 1 0 1 0 0 1 0 0 1 1 0 1 1 1 0 1 1 1 1 24891 19.3231
0 1 1 0 0 0 1 1 0 1 1 0 1 1 1 0 1 1 1 1 24896 19.0395
1 1 0 0 0 1 1 1 0 1 1 0 0 1 0 0 0 0 1 0 24901 19.6873
0 1 1 1 1 0 1 0 1 0 1 0 0 0 1 0 1 1 1 1 24906 19.7300
1 0 1 1 0 1 1 0 0 1 1 0 0 1 0 0 0 0 0 0 24911 18.2511
1 1 1 1 0 1 1 1 0 0 1 0 0 0 0 0 0 0 1 0 24914 18.4623
1 1 1 0 1 0 1 1 0 0 1 0 1 1 0 0 0 0 1 1 24919 17.6908
1 1 0 0 1 1 1 0 0 0 1 0 1 0 0 0 0 0 1 0 24924 17.9239
0 0 1 1 0 1 0 1 0 1 0 0 1 1 0 1 1 1 0 1 24930 18.6245
0 0 0 1 0 1 1 1 0 1 0 0 1 1 1 1 1 1 0 0 24935 16.3395
0 1 1 1 1 0 1 1 0 0 1 0 0 1 1 0 1 1 1 0 24938 19.9865
0 1 1 0 1 1 1 1 0 0 1 0 0 0 1 0 1 1 1 1 24943 19.5125
0 1 0 0 0 1 1 0 0 0 1 0 1 0 1 0 1 1 1 0 24948 19.7299
1 0 1 1 0 1 1 1 0 1 0 0 0 1 0 1 0 0 0 0 24953 17.9415
1 0 0 1 0 1 1 1 0 1 0 0 0 1 0 0 0 0 0 1 24958 18.3051
1 0 0 1 1 1 1 1 0 0 1 0 1 0 0 1 0 0 0 0 24962 17.3533
0 1 0 1 0 0 1 1 0 1 0 0 1 0 1 0 1 1 1 1 24967 18.0645
0 1 1 1 1 0 1 1 1 0 0 0 0 1 1 1 1 1 0 1 24971 17.7774
0 1 0 0 1 1 1 1 1 0 0 0 0 1 1 1 1 1 0 1 24976 17.8742
0 1 0 1 1 0 1 1 1 0 0 0 0 1 1 0 1 1 1 1 24980 19.0900
0 1 1 0 0 0 1 1 0 1 0 0 1 0 1 0 1 1 1 0 24986 18.1932
1 0 0 1 0 1 1 0 0 0 1 0 0 0 0 1 0 0 1 1 24990 17.2164
1 0 1 1 1 0 1 1 0 0 1 0 1 0 0 1 0 0 0 1 24994 17.8612
1 0 1 0 1 1 1 1 0 0 1 0 1 1 0 1 0 0 1 1 24999 17.1752
0 1 0 1 0 1 0 1 0 1 0 0 1 0 0 0 1 1 1 0 25004 18.3342
0 1 1 1 0 0 1 1 0 1 0 0 1 1 1 0 1 1 1 0 25009 18.5605
1 0 0 1 0 1 1 0 0 0 1 0 0 0 0 0 0 0 0 1 25013 18.0984
1 0 1 0 1 1 1 1 0 0 1 0 1 1 0 0 0 0 0 1 25017 16.5935
0 1 1 0 0 0 1 1 0 1 0 0 1 1 1 1 1 1 1 0 25024 17.1977
0 1 0 1 1 0 1 1 1 0 0 0 0 0 1 0 1 1 1 0 25028 19.0087
1 0 1 1 1 0 1 0 0 0 1 0 1 0 0 0 0 0 0 1 25032 18.1023
1 0 1 1 1 1 1 1 0 0 1 0 1 1 0 0 0 0 1 0 25036 17.2665
0 1 0 1 0 0 1 1 0 1 0 0 1 1 1 1 1 1 0 0 25041 16.4702
0 1 1 1 1 1 1 1 1 0 0 0 0 0 1 1 1 1 0 0 25047 17.4829
1 0 1 1 0 1 1 0 0 0 1 0 0 0 0 0 0 0 1 1 25051 18.2998
0 1 0 1 1 0 1 1 1 0 0 0 0 0 1 1 1 1 0 1 25056 18.3625
1 0 0 0 0 1 0 1 0 0 0 0 0 0 1 0 0 0 1 1 25057 17.9469
0 1 0 1 1 1 1 1 0 0 0 0 0 0 1 0 1 1 1 1 25058 18.9261
0 1 0 1 1 1 1 1 0 0 0 0 0 0 1 1 1 1 0 1 25059 18.2282
1 0 1 1 1 1 1 1 0 0 0 0 1 1 0 0 0 0 1 0 25060 16.8222
1 0 1 1 0 0 1 1 0 0 0 0 0 0 0 0 0 0 0 0 25062 17.6206
1 0 0 0 0 0 1 1 0 0 0 0 0 1 0 0 0 0 1 0 25063 18.1580
0 1 1 1 1 0 0 1 0 0 0 0 0 1 0 0 1 1 1 1 25064 18.8538
0 1 1 0 0 1 1 1 0 0 0 0 1 1 1 0 1 1 1 1 25065 18.4411
1 0 1 1 1 0 1 1 0 0 0 0 1 0 0 0 0 0 1 1 25066 17.7979
0 1 0 0 1 0 1 1 0 0 0 0 0 1 1 1 1 1 1 0 25068 17.4731
1 0 1 1 1 1 1 1 0 0 0 0 1 0 0 1 0 0 0 1 25069 18.2736
0 1 0 0 1 1 1 1 0 0 0 0 0 1 1 0 1 1 1 1 25071 18.8931
0 1 0 1 0 0 0 1 0 0 0 0 1 0 0 1 1 1 1 0 25073 17.9757
1 0 0 1 1 0 1 1 0 0 0 0 1 0 0 1 0 0 1 0 25073 17.3348
1 0 1 1 0 0 0 1 0 0 0 0 0 0 1 1 0 0 0 1 25074 16.9008
1 0 0 0 0 1 1 1 0 0 0 0 0 1 0 0 0 0 0 0 25075 17.8058
0 1 0 0 1 0 1 1 0 0 0 0 0 0 1 0 1 1 0 1 25077 18.6244
1 0 1 0 1 0 1 1 0 0 0 0 1 1 0 1 0 0 1 0 25078 16.7933
1 0 1 1 0 1 0 1 0 0 0 0 0 1 1 1 0 0 1 0 25079 16.6351
0 1 1 1 1 1 1 1 0 0 0 0 0 1 1 1 1 1 1 1 25080 18.5152
0 0 0 0 0 1 1 1 0 0 1 0 1 0 1 1 1 1 1 0 25083 18.1445
0 0 1 0 1 1 1 1 0 0 1 0 0 0 1 1 1 1 0 0 25087 18.1936
1 1 1 1 0 1 1 1 0 1 0 0 0 0 0 1 0 0 0 1 25091 18.7959
0 0 1 1 1 1 1 1 0 0 1 0 0 1 1 1 1 1 1 0 25096 18.5139
1 1 0 1 0 1 0 1 0 1 0 0 0 0 1 0 0 0 1 1 25100 17.7703
0 0 0 1 1 1 1 1 0 0 1 0 0 0 1 1 1 1 0 1 25106 19.4274
1 1 1 1 1 0 0 1 1 0 0 0 1 1 1 0 0 0 1 0 25110 17.9754
1 1 1 0 1 1 1 1 1 0 0 0 1 1 0 1 0 0 0 0 25114 16.9659
0 0 1 1 0 0 1 1 0 0 1 0 1 0 1 1 1 1 1 1 25120 19.3117
0 0 1 1 0 1 1 0 0 0 1 0 1 0 1 1 1 1 1 1 25124 18.6112
0 0 1 0 1 0 1 1 0 0 1 0 0 1 1 0 1 1 0 0 25129 18.6590
1 1 1 0 1 0 1 1 1 0 0 0 1 0 0 0 0 0 1 0 25133 17.8928
0 0 1 1 0 1 1 1 0 0 1 0 1 1 1 0 1 1 0 1 25138 18.7972
0 0 0 1 1 1 1 1 0 0 1 0 0 1 1 0 1 1 0 1 25144 19.6858
1 1 0 1 0 1 1 1 0 1 0 0 0 1 0 0 0 0 1 0 25148 19.2456
1 1 0 1 1 0 1 1 1 0 0 0 1 0 0 1 0 0 1 1 25152 18.4167
0 0 0 1 0 1 1 0 0 0 1 0 1 0 1 0 1 1 1 1 25157 19.3547
0 0 1 0 1 1 1 1 0 0 1 0 0 1 1 0 1 1 1 1 25161 19.3493
1 1 1 1 0 0 1 1 0 1 0 0 0 1 0 1 0 0 0 0 25167 17.6708
1 1 0 0 1 0 1 1 1 0 0 0 1 0 0 0 0 0 0 0 25171 17.7706
1 1 0 1 0 1 0 1 0 1 0 0 0 1 1 1 0 0 0 1 25176 17.5317
1 1 0 0 0 1 1 1 0 0 0 0 0 0 0 0 0 0 1 1 25177 18.3530
0 0 1 1 1 1 0 1 0 0 0 0 0 0 0 0 1 1 1 0 25178 18.8007
0 0 1 0 1 1 1 1 0 0 0 0 0 1 1 0 1 1 1 0 25179 18.9566
0 0 1 0 0 0 1 1 0 0 0 0 1 0 1 0 1 1 0 0 25181 18.6920
1 1 0 0 0 0 1 1 0 0 0 0 0 1 0 1 0 0 1 1 25182 18.7050
1 1 1 0 0 0 0 1 0 0 0 0 0 1 1 0 0 0 1 1 25183 18.2609
0 0 1 1 1 0 1 1 0 0 0 0 0 1 1 0 1 1 1 1 25184 18.7996
0 0 1 0 1 0 1 1 0 0 0 0 0 0 1 0 1 1 1 1 25185 18.8022
1 1 0 0 1 0 1 1 0 0 0 0 1 1 0 1 0 0 0 0 25186 16.1147
0 0 0 0 1 1 1 1 0 0 0 0 0 0 1 1 1 1 1 0 25188 17.4302
1 1 0 0 1 1 1 1 0 0 0 0 1 1 0 0 0 0 1 0 25189 16.8653
1 1 0 0 0 0 1 1 0 0 0 0 0 0 0 0 0 0 1 1 25191 17.2508
0 0 0 1 0 0 1 1 0 0 0 0 1 0 1 1 1 1 1 0 25193 17.2527
1 1 1 1 1 0 0 1 0 0 0 0 1 0 1 1 0 0 0 0 25193 15.9003
1 1 1 1 0 0 1 1 0 0 0 0 0 0 0 1 0 0 0 1 25194 18.3845
1 1 0 0 1 0 1 1 0 0 0 0 1 0 0 0 0 0 0 0 25195 17.7178
0 0 1 1 1 0 1 1 0 0 0 0 0 1 1 1 1 1 1 0 25197 17.5018
1 1 1 0 1 1 1 1 0 0 0 0 1 0 0 1 0 0 1 0 25198 18.0904
1 1 1 1 0 1 1 1 0 0 0 0 0 1 0 1 0 0 1 0 25199 18.4267
1 1 0 1 0 0 0 1 0 0 0 0 0 0 1 1 0 0 0 1 25200 17.0917
0 0 0 1 0 0 1 0 0 1 1 1 1 0 1 0 1 0 0 0 25202 16.8900
0 0 1 1 1 1 1 0 1 0 1 1 0 1 1 0 0 0 0 0 25207 17.7239
1 1 0 1 1 0 1 0 1 1 1 0 1 0 0 1 1 1 1 1 25211 18.7269
1 1 0 1 0 0 1 0 1 1 1 0 0 1 0 1 1 1 1 1 25217 17.7698
0 0 0 1 1 0 1 0 1 0 1 1 0 1 1 0 0 0 0 0 25222 16.9095
1 1 1 0 1 1 1 1 1 1 1 0 0 0 0 1 1 1 0 1 25225 18.7013
1 1 1 1 1 1 1 1 1 1 1 0 1 0 0 1 0 1 0 1 25230 19.1037
0 0 1 0 0 1 1 0 0 1 1 1 1 0 1 0 0 0 1 0 25235 16.8565
0 0 0 0 0 1 1 1 0 1 1 1 1 0 1 0 1 0 1 0 25241 18.5393
1 1 1 1 0 0 1 0 1 1 1 0 1 1 0 1 1 1 0 1 25245 18.6615
0 0 1 0 1 1 1 0 1 0 0 1 0 1 1 0 1 0 0 0 25249 17.1241
0 0 0 0 0 0 1 1 0 1 0 1 1 0 1 0 1 0 1 0 25254 17.6651
0 0 1 1 1 0 1 0 1 0 0 1 0 1 1 0 1 0 1 0 25258 17.4703
1 1 0 1 0 0 1 1 1 0 1 0 0 1 0 1 1 1 1 1 25264 18.4698
1 1 1 0 1 0 1 0 0 1 1 0 1 0 0 1 1 1 1 1 25268 18.7802
0 0 1 1 0 0 1 0 0 1 0 1 1 0 0 0 0 0 0 0 25273 15.9661
1 1 1 0 1 1 1 1 0 1 1 0 0 0 0 1 1 1 1 1 25281 19.2113
0 0 0 1 1 0 1 0 1 0 0 1 0 1 0 0 0 0 0 0 25292 16.6960
1 1 1 1 1 1 1 1 0 1 1 0 0 0 0 1 0 1 0 1 25300 19.1651
0 0 1 1 1 1 1 1 1 0 0 1 0 1 0 0 1 0 0 0 25311 18.3738
0 0 0 1 1 0 1 1 1 0 0 1 0 1 0 0 1 0 1 0 25320 18.2745
1 0 1 1 0 1 1 1 1 1 1 0 1 1 0 1 1 1 1 1 25324 20.1067
1 0 0 1 1 0 1 1 1 1 1 0 1 0 0 1 1 1 1 1 25328 18.3481
0 1 0 0 0 1 1 0 0 1 1 1 1 0 1 0 1 0 0 0 25335 17.2481
0 1 1 1 1 1 1 1 1 0 1 1 0 1 1 0 1 0 0 0 25339 18.4369
0 1 0 1 1 0 1 1 1 0 1 1 0 1 1 0 0 0 0 0 25344 17.1961
0 1 0 1 0 0 1 0 0 1 1 1 1 1 1 0 1 0 0 0 25346 17.3678
1 1 1 1 0 0 1 1 1 1 1 0 0 1 0 0 1 1 0 1 25348 17.6195
0 1 1 1 1 1 1 0 1 0 1 1 0 0 1 0 0 0 0 0 25351 18.5314
1 1 0 0 1 0 1 1 1 1 1 0 1 0 0 0 0 1 0 1 25352 18.4036
1 1 0 1 1 0 1 0 1 1 1 0 1 0 0 0 1 1 0 1 25355 18.5693
0 0 0 0 0 1 1 0 0 1 1 1 1 1 1 0 1 0 1 0 25359 16.5756
1 1 0 1 0 0 1 0 1 1 1 0 0 1 0 0 1 1 0 1 25361 17.6298
0 0 1 1 1 1 1 1 1 0 1 1 0 0 1 0 1 0 1 0 25363 18.9720
0 1 0 1 1 0 1 0 1 0 1 1 0 0 1 0 0 0 0 0 25366 18.2707
0 0 0 1 1 0 1 1 1 0 1 1 0 0 1 0 0 0 1 0 25368 19.0076
1 1 1 0 1 1 1 1 0 1 1 0 1 0 0 0 0 1 0 1 25373 17.4284
0 0 0 1 1 0 1 0 1 0 0 1 0 0 1 0 1 0 1 0 25384 17.6676
1 1 1 0 1 1 1 0 0 1 1 0 1 0 0 0 1 1 0 1 25392 18.9432
0 1 0 0 0 0 1 1 0 0 1 1 1 1 1 0 1 0 0 0 25397 17.4091
1 0 1 1 0 0 1 1 1 1 0 0 1 1 0 1 0 1 1 1 25401 18.6399
0 0 1 1 1 0 1 0 1 0 0 1 0 0 0 0 0 0 1 0 25404 18.4139
1 0 0 0 1 0 1 1 1 1 0 0 1 0 0 0 0 1 1 1 25406 18.6308
1 0 0 1 0 0 1 1 1 1 0 0 0 1 0 0 0 1 1 1 25411 17.7009
0 1 1 1 1 1 0 1 0 0 1 1 0 1 1 1 1 0 0 0 25414 18.2268
0 1 0 1 0 0 1 0 0 0 1 1 1 1 1 0 0 0 0 0 25420 16.0934
1 0 1 0 1 1 1 1 1 1 0 0 1 0 0 0 1 1 1 1 25422 19.8633
0 0 1 0 1 0 1 0 1 0 0 1 0 0 0 0 1 0 1 0 25427 18.2619
1 0 0 1 1 0 1 1 1 1 0 0 1 0 0 0 1 1 1 1 25429 18.6280
1 0 0 0 1 1 1 1 1 1 0 0 0 0 0 1 1 1 1 1 25432 18.4083
0 1 1 0 1 1 0 1 0 0 1 1 0 1 1 1 0 0 0 0 25437 18.1828
1 0 1 0 0 1 1 1 1 1 1 0 0 1 0 1 1 1 0 1 25441 18.1308
0 1 0 0 1 1 1 1 1 0 1 1 0 1 1 0 1 0 1 0 25446 19.0820
1 0 0 0 0 0 1 0 1 1 1 0 1 1 0 1 0 1 0 1 25450 18.1992
1 0 1 0 1 0 1 0 1 1 1 0 1 0 0 1 0 1 0 1 25456 18.2158
0 1 0 0 0 1 1 0 0 1 1 1 1 0 1 0 0 0 1 0 25461 17.7360
0 1 0 1 0 0 1 0 0 1 1 1 1 1 1 0 0 0 1 0 25465 17.8622
1 1 1 0 0 0 1 1 1 1 1 0 1 1 0 0 0 1 1 1 25466 18.5656
0 1 0 1 1 1 1 1 1 0 1 1 0 0 1 0 1 0 1 0 25469 18.8858
1 1 0 1 1 1 1 1 1 1 1 0 0 0 0 0 0 1 1 1 25471 18.5543
1 1 0 1 0 0 1 0 1 1 1 0 1 1 0 0 0 1 1 1 25473 18.4747
1 1 0 0 1 1 1 0 1 1 1 0 0 0 0 0 1 1 1 1 25476 18.4309
1 1 1 1 1 0 1 0 1 1 1 0 1 0 0 0 0 1 1 1 25479 18.5273
0 0 1 1 0 1 1 1 0 1 1 1 1 1 1 0 0 0 0 0 25482 17.4216
0 1 1 0 0 0 1 1 0 1 1 1 1 1 1 0 1 0 1 0 25484 18.4077
0 0 1 0 0 1 1 1 0 1 1 1 1 1 1 0 1 0 0 0 25487 18.4124
1 1 1 0 0 1 1 0 1 1 1 0 1 1 0 0 1 1 1 1 25488 19.6046
0 0 1 1 0 0 1 0 0 1 0 1 1 1 1 0 1 0 0 0 25496 16.3416
0 0 0 1 1 0 1 1 1 0 0 1 0 0 1 0 1 0 0 0 25506 17.9612
0 1 0 0 1 0 0 0 0 0 1 1 0 1 1 1 1 0 1 0 25515 18.4817
1 0 1 1 1 1 1 1 1 1 0 0 1 0 0 0 0 1 0 1 25517 18.9014
1 0 1 0 0 1 1 1 1 1 0 0 0 1 0 1 0 1 0 1 25522 18.2340
0 1 1 0 0 1 0 0 0 0 1 1 1 0 1 1 1 0 1 0 25525 18.6236
1 0 0 1 1 1 1 1 1 1 0 0 0 0 0 1 0 1 0 1 25527 18.6855
0 1 1 1 1 1 1 1 0 0 1 1 0 0 1 0 1 0 1 0 25532 18.8972
0 0 0 0 1 0 1 1 1 0 0 1 0 0 0 0 0 0 0 0 25535 18.6862
1 1 1 1 1 1 1 1 0 1 1 0 0 0 0 0 0 1 1 1 25540 18.8823
0 1 0 0 1 0 1 0 0 0 1 1 0 0 1 0 0 0 1 0 25545 18.1431
0 1 0 1 0 1 1 1 0 0 1 1 1 1 1 0 0 0 1 0 25548 17.4253
1 0 0 0 0 0 0 1 1 1 0 0 1 1 1 0 1 1 0 1 25550 18.3324
0 1 1 0 0 1 1 1 0 0 1 1 1 0 1 0 0 0 1 0 25555 18.2066
0 1 1 1 0 0 1 1 0 0 1 1 1 0 1 0 0 0 1 0 25558 17.9077
0 1 1 1 1 1 1 0 1 0 0 1 0 1 1 0 1 0 0 0 25562 17.2218
1 0 1 1 0 1 1 1 1 0 1 0 0 1 0 1 0 1 1 1 25567 18.1797
0 1 0 0 1 1 1 1 1 0 0 1 0 1 1 0 1 0 0 0 25572 17.7388
1 0 1 0 1 1 1 0 0 1 1 0 1 0 0 1 0 1 1 1 25577 18.2634
1 0 1 0 1 0 1 0 0 1 1 0 1 0 0 1 1 1 0 1 25582 17.9471
0 1 0 1 1 1 1 1 1 0 0 1 0 0 1 0 0 0 1 0 25587 18.2379
1 0 0 0 1 1 1 1 0 1 1 0 1 0 0 0 1 1 0 1 25597 18.4057
1 0 1 1 0 0 1 0 1 0 1 0 0 1 0 0 1 1 0 1 25607 17.4077
1 0 0 0 1 0 1 1 0 1 1 0 1 0 0 0 1 1 1 1 25615 17.6433
0 1 0 1 0 1 1 1 0 1 0 1 1 1 1 0 1 0 0 0 25626 17.1648
0 1 0 1 1 1 1 0 0 0 0 1 0 0 1 0 1 0 0 0 25634 17.4805
1 0 1 1 1 1 0 1 0 1 0 0 1 0 1 0 0 1 1 1 25638 18.2052
1 0 1 0 1 0 1 1 0 1 0 0 1 0 0 1 0 1 0 1 25642 17.3290
0 1 1 1 0 0 1 0 0 0 0 1 1 0 1 0 1 0 1 0 25648 17.3624
0 1 1 1 0 1 1 1 0 0 0 1 1 0 1 0 1 0 1 0 25652 18.2209
1 0 1 1 0 1 1 1 1 0 0 0 0 1 0 0 1 1 1 1 25657 18.9284
0 1 0 1 1 1 1 1 0 0 0 1 0 0 1 0 0 0 1 0 25662 17.7408
1 0 0 0 0 1 1 1 1 0 0 0 0 1 0 1 1 1 1 1 25666 18.5200
1 0 1 1 0 1 1 1 1 0 0 0 0 1 0 1 1 1 1 1 25671 18.8845
1 0 0 0 1 1 0 1 0 1 0 0 1 0 1 0 1 1 1 1 25675 18.9340
1 0 0 0 1 1 1 1 0 1 0 0 1 0 0 1 1 1 1 1 25680 18.4655
0 1 0 1 1 1 1 1 1 0 0 1 0 1 0 0 0 0 0 0 25689 17.9763
1 0 1 1 1 0 1 0 0 1 1 0 0 0 0 1 1 1 1 1 25699 18.4018
1 1 1 1 0 0 1 1 1 1 0 0 1 1 0 0 0 1 1 1 25707 18.6325
0 0 0 1 1 1 1 1 0 0 1 1 0 0 1 0 1 0 0 0 25710 18.6217
0 0 0 0 0 0 0 1 0 0 1 1 1 0 1 1 1 0 0 0 25715 18.5482
1 1 0 1 0 1 1 1 1 1 0 0 0 1 0 0 0 1 1 1 25717 18.5322
0 0 1 1 1 0 1 0 0 0 1 1 0 0 1 0 1 0 0 0 25720 18.0068
1 1 0 0 1 1 1 1 1 1 0 0 1 0 0 0 0 1 1 1 25724 18.8574
0 1 0 1 1 1 1 0 1 0 0 1 0 0 0 0 0 0 0 0 25729 18.4971
0 0 0 0 0 1 1 1 0 0 1 1 1 0 1 0 1 0 1 0 25733 18.4365
1 1 1 1 1 1 1 1 1 1 0 0 0 0 0 1 0 1 0 1 25737 18.6180
1 1 1 0 0 0 1 1 1 1 0 0 0 1 0 1 0 1 0 1 25740 17.5623
0 0 1 0 0 0 1 0 0 0 1 1 1 0 1 0 1 0 1 0 25743 18.1548
1 1 0 1 0 1 1 1 1 1 0 0 1 1 0 0 0 1 0 1 25747 18.6326
0 1 0 1 1 0 1 0 1 0 0 1 0 0 0 0 0 0 0 0 25750 18.4463
1 1 1 0 1 0 1 1 0 1 0 0 1 0 0 0 0 1 0 1 25756 17.7103
0 0 1 0 0 0 1 0 0 0 0 1 1 0 1 0 1 0 0 0 25761 17.2811
0 0 1 0 1 1 1 0 0 0 0 1 0 0 1 0 1 0 1 0 25765 17.7274
1 1 1 1 0 0 1 1 1 0 0 0 0 1 0 1 0 1 1 1 25769 17.3477
1 1 0 1 1 1 1 1 0 1 0 0 1 0 0 1 0 1 0 1 25773 18.2671
1 1 1 0 0 1 1 1 1 0 0 0 1 1 0 0 0 1 1 1 25778 16.8403
0 1 0 0 1 1 1 1 0 0 0 1 0 0 0 0 0 0 1 0 25781 18.2475
1 0 1 1 1 1 0 1 0 1 0 0 0 0 1 0 1 1 1 1 25782 18.8320
0 0 1 0 1 1 1 0 0 0 0 1 0 1 0 0 1 0 0 0 25785 17.7783
0 1 0 0 0 1 1 1 0 0 0 1 1 1 0 0 0 0 1 0 25787 17.4065
0 0 1 1 0 1 1 0 0 0 0 1 1 0 0 0 1 0 1 0 25790 18.0982
0 0 1 1 0 0 1 0 0 0 0 1 1 0 0 0 1 0 1 0 25792 17.9313
0 0 0 1 1 1 1 1 0 0 0 1 0 1 0 0 1 0 0 0 25794 17.9960
0 1 1 1 1 0 1 1 0 0 0 1 0 1 0 0 0 0 1 0 25796 18.9168
1 0 0 0 0 0 1 1 1 0 0 0 1 1 0 1 1 1 0 1 25798 18.2508
1 0 1 1 0 1 1 1 1 0 1 0 1 1 0 1 0 1 0 1 25802 17.5513
1 0 0 0 1 0 1 0 0 1 1 0 0 0 0 1 0 1 0 1 25812 18.5235
0 1 0 0 0 1 1 1 0 1 0 1 1 0 0 0 1 0 1 0 25823 18.5726
0 0 0 1 1 1 0 0 0 0 1 1 0 0 1 1 0 0 0 0 25828 17.8548
0 1 1 0 1 1 1 0 1 0 0 1 0 0 0 0 1 0 1 0 25832 18.5291
1 0 0 1 1 0 1 0 0 1 1 0 0 0 0 0 0 1 0 1 25835 18.6665
0 0 1 1 1 0 0 0 0 0 1 1 0 1 1 1 0 0 0 0 25838 17.8095
1 0 0 1 1 1 1 0 0 1 1 0 0 0 0 0 0 1 0 1 25841 18.5262
1 1 0 1 0 1 0 1 1 1 0 0 1 1 1 1 1 1 1 1 25845 19.1355
0 0 0 0 1 1 0 0 0 0 1 1 0 0 1 1 0 0 1 0 25851 18.4105
0 0 0 1 0 0 1 1 0 0 1 1 1 1 1 0 0 0 1 0 25854 17.5136
1 1 1 0 0 0 1 1 1 1 0 0 1 1 0 1 1 1 0 1 25858 18.2941
0 0 1 0 1 0 0 0 0 0 1 1 0 1 1 1 0 0 1 0 25861 18.6302
1 1 0 1 1 0 1 1 1 1 0 0 1 0 0 1 1 1 0 1 25863 18.5824
1 1 0 0 0 0 1 1 1 1 0 0 0 1 0 0 1 1 0 1 25868 17.7357
1 0 1 1 1 1 1 0 0 1 1 0 0 0 0 0 0 1 1 1 25871 18.8183
1 1 1 0 1 1 0 1 0 1 0 0 1 0 1 0 1 1 1 1 25877 19.5489
1 1 1 1 1 0 1 1 0 1 0 0 1 0 0 1 1 1 0 1 25881 18.2684
0 0 1 0 0 0 1 0 0 0 0 1 1 0 1 0 0 0 1 0 25887 16.6121
0 0 1 0 0 1 1 1 0 0 0 1 1 0 1 0 0 0 1 0 25891 17.8088
1 1 0 1 0 0 1 1 1 0 0 0 0 1 0 1 1 1 1 1 25895 18.2868
0 1 0 0 1 1 1 0 0 0 0 1 0 0 0 0 1 0 1 0 25899 18.6393
1 0 1 0 1 1 0 1 0 1 0 0 0 0 1 0 0 1 1 1 25901 19.1418
1 1 0 1 0 1 1 1 1 0 0 0 1 1 0 0 1 1 1 1 25903 19.5713
1 1 0 1 1 0 1 1 0 1 0 0 0 0 0 1 1 1 1 1 25905 18.8788
1 1 1 1 1 1 1 1 0 1 0 0 0 0 0 1 1 1 0 1 25907 19.0969
0 0 1 0 0 0 1 0 0 0 0 1 1 0 0 0 0 0 1 0 25911 17.3358
1 0 1 0 0 1 1 1 1 0 0 0 1 1 0 1 0 1 1 1 25912 17.9370
0 1 1 0 0 0 1 1 0 0 0 1 1 1 0 0 1 0 1 0 25915 18.5404
1 1 0 1 0 0 1 1 1 0 0 0 1 1 0 0 1 1 1 1 25916 18.5821
1 0 0 1 0 0 1 1 1 0 0 0 1 1 0 1 0 1 1 1 25919 17.8477
1 1 1 1 0 0 1 1 1 1 1 0 1 1 0 1 1 1 1 0 25922 18.0228
1 1 0 0 1 1 1 1 1 1 1 0 0 0 0 1 1 1 1 0 25927 17.7836
1 1 0 0 1 0 1 0 1 1 1 0 1 0 0 1 1 1 1 0 25932 17.5870
0 0 1 1 0 1 1 1 0 1 1 1 1 0 1 0 0 0 0 1 25938 17.7334
0 0 1 0 0 1 1 1 0 1 1 1 1 0 1 0 1 0 0 1 25943 18.2082
0 0 0 0 1 1 1 0 1 0 1 1 0 1 1 0 0 0 1 1 25946 18.1025
0 0 1 0 1 1 1 0 1 0 1 1 0 1 1 0 1 0 1 1 25951 18.2097
0 0 1 1 0 1 1 0 0 1 1 1 1 0 1 0 0 0 1 1 25956 17.5550
1 1 0 1 0 1 1 0 1 1 1 0 1 1 0 1 1 1 0 0 25961 17.9489
1 1 1 0 0 0 1 0 1 1 1 0 1 1 0 1 1 1 0 0 25966 17.5316
1 1 1 0 1 0 1 1 0 1 1 0 1 0 0 1 1 1 0 0 25969 17.6242
0 0 1 1 0 0 1 0 0 1 0 1 1 0 1 0 0 0 1 1 25975 16.3470
0 0 0 1 1 1 1 1 1 0 0 1 0 1 1 0 1 0 0 1 25979 17.6322
0 0 1 0 1 0 1 1 1 0 0 1 0 1 1 0 0 0 1 1 25985 17.3574
1 1 1 1 1 0 1 0 0 1 1 0 1 0 0 1 1 1 0 0 25989 17.5162
0 0 1 0 0 0 1 0 0 1 0 1 1 0 0 0 0 0 0 1 25994 15.8916
1 1 0 1 1 0 1 0 0 1 1 0 0 0 0 1 1 1 0 0 26003 18.0938
0 0 0 1 1 0 1 0 1 0 0 1 0 1 0 0 0 0 1 1 26014 17.0864
1 1 0 0 1 0 1 0 0 1 1 0 0 0 0 1 0 1 1 0 26022 17.7929
0 0 1 0 0 1 1 1 0 1 0 1 1 0 0 0 1 0 1 1 26033 19.2414
0 1 0 0 0 0 1 0 0 1 1 1 1 0 1 0 1 0 0 1 26041 16.7936
1 0 1 0 0 1 1 1 1 1 1 0 1 1 0 1 0 1 1 0 26045 18.4842
1 0 0 1 1 0 1 0 1 1 1 0 1 0 0 1 0 1 1 0 26049 17.6968
0 1 0 1 0 1 1 0 0 1 1 1 1 0 1 0 1 0 0 1 26056 17.2110
0 1 1 0 1 1 1 1 1 0 1 1 0 1 1 0 1 0 0 1 26060 18.1976
1 0 1 0 1 0 1 0 1 1 1 0 0 0 0 1 1 1 1 0 26064 16.7003
0 1 0 1 1 1 1 0 1 0 1 1 0 0 1 0 1 0 0 1 26066 18.3449
0 0 0 1 0 0 1 1 0 1 1 1 1 1 1 0 1 0 1 1 26069 19.2186
1 1 0 0 0 1 1 1 1 1 1 0 0 1 0 0 1 1 0 0 26071 18.3153
0 0 1 0 1 0 1 0 1 0 1 1 0 0 1 0 1 0 1 1 26073 18.3761
0 1 1 1 1 0 1 0 1 0 1 1 0 0 1 0 0 0 0 1 26076 16.5740
1 1 1 1 0 1 1 0 1 1 1 0 0 1 0 0 0 1 0 0 26079 18.3259
1 1 0 1 1 0 1 0 1 1 1 0 0 0 0 0 1 1 0 0 26081 17.3879
1 1 0 0 1 0 1 1 1 1 1 0 0 0 0 0 0 1 0 0 26083 17.5132
1 1 1 0 1 0 1 0 1 1 1 0 1 0 0 0 1 1 0 0 26086 18.2008
1 1 0 0 0 0 1 0 1 1 1 0 0 1 0 0 0 1 0 0 26088 17.3510
0 0 1 0 1 1 1 0 1 0 0 1 0 0 1 0 1 0 1 1 26095 17.8021
1 1 0 1 0 0 1 0 1 0 1 0 0 1 0 0 1 1 0 0 26105 17.2951
1 1 1 1 1 0 1 1 0 1 1 0 0 0 0 0 1 1 0 0 26114 18.7522
1 0 1 1 0 0 1 1 1 1 0 0 0 1 0 0 0 1 1 0 26117 17.3229
0 1 0 1 0 1 1 0 0 0 1 1 1 1 1 0 1 0 0 1 26122 16.8932
1 0 1 0 1 0 1 1 1 1 0 0 0 0 0 1 0 1 1 0 26124 16.9411
0 1 1 0 1 1 1 0 0 0 1 1 0 1 1 0 1 0 0 1 26127 18.1260
0 1 1 1 0 0 1 1 0 0 1 1 1 1 1 0 1 0 0 1 26132 17.8845
1 1 1 0 1 0 1 0 0 1 1 0 0 0 0 0 1 1 0 0 26134 18.6803
0 0 0 0 1 1 1 1 1 0 0 1 0 0 0 0 1 0 1 1 26140 18.7407
1 1 0 1 1 0 1 1 0 1 1 0 0 0 0 0 0 1 0 0 26144 18.6291
1 0 1 1 1 0 1 1 1 1 0 0 0 0 0 1 1 1 1 0 26147 16.9068
0 1 1 1 1 1 0 0 0 0 1 1 0 0 1 1 0 0 0 1 26150 17.7190
0 0 1 1 1 0 1 1 1 0 0 1 0 0 0 0 1 0 1 1 26154 18.7556
1 1 1 1 1 0 1 0 0 1 1 0 0 0 0 0 0 1 0 0 26157 18.3978
0 1 0 0 0 0 1 0 0 1 1 1 1 0 1 0 0 0 1 1 26162 17.0790
0 1 1 0 0 0 1 0 0 1 1 1 1 0 1 0 1 0 1 1 26167 17.8069
1 0 0 1 0 0 1 0 1 1 1 0 1 1 0 1 1 1 0 0 26171 17.7239
0 1 0 0 1 0 1 1 1 0 1 1 0 1 1 0 1 0 1 1 26177 18.9587
0 1 0 1 0 1 1 0 0 1 1 1 1 0 1 0 0 0 1 1 26182 17.4698
0 1 0 1 1 1 1 0 1 0 1 1 0 0 1 0 0 0 1 1 26185 18.3831
1 1 1 0 1 0 1 1 1 1 1 0 1 0 0 0 0 1 1 0 26186 18.2261
1 1 1 0 1 1 1 1 1 1 1 0 1 0 0 0 0 1 1 0 26189 18.7384
0 0 1 0 0 0 1 0 0 1 1 1 1 1 1 0 0 0 0 1 26192 17.2352
0 1 1 1 0 1 1 0 0 1 1 1 1 1 1 0 1 0 1 1 26194 19.0171
0 0 1 1 1 1 1 1 1 0 1 1 0 0 1 0 0 0 0 1 26197 19.3503
0 1 0 1 1 0 1 0 1 0 1 1 0 0 1 0 1 0 1 1 26200 18.4469
0 0 1 1 1 0 1 1 1 0 1 1 0 0 1 0 0 0 0 1 26202 19.2037
1 1 0 1 0 1 1 1 1 1 1 0 1 1 0 0 0 1 1 0 26204 19.2513
0 0 1 0 1 0 1 1 1 0 1 1 0 0 1 0 1 0 0 1 26207 18.4177
1 1 1 0 1 1 1 0 1 1 1 0 1 0 0 0 1 1 1 0 26208 19.2738
0 0 1 0 1 0 1 0 1 0 0 1 0 0 1 0 1 0 0 1 26217 17.3411
1 1 0 0 1 1 1 1 0 1 1 0 1 0 0 0 0 1 1 0 26227 18.4870
1 0 1 1 0 0 1 1 1 1 0 0 1 1 0 0 0 1 0 0 26235 18.1842
0 1 0 1 1 1 1 1 0 0 1 1 0 0 1 0 1 0 1 1 26238 19.3454
0 1 0 0 0 0 0 1 0 0 1 1 1 0 1 1 1 0 1 1 26243 18.5952
1 0 0 1 0 1 1 1 1 1 0 0 0 1 0 0 0 1 0 0 26245 18.3465
0 1 1 1 1 0 1 0 0 0 1 1 0 0 1 0 1 0 1 1 26248 18.3342
1 0 0 0 1 1 1 1 1 1 0 0 1 0 0 0 0 1 0 0 26252 18.4030
0 0 0 1 1 1 1 0 1 0 0 1 0 0 0 0 1 0 0 1 26257 18.2150
0 1 0 0 0 1 1 1 0 0 1 1 1 0 1 0 0 0 1 1 26261 17.8198
1 0 1 1 1 1 1 1 1 1 0 0 0 0 0 1 1 1 0 0 26265 17.8916
1 0 1 0 0 0 1 1 1 1 0 0 0 1 0 1 1 1 0 0 26268 16.9570
0 1 1 0 0 0 1 0 0 0 1 1 1 0 1 0 0 0 1 1 26271 17.5059
1 0 0 1 0 1 1 1 1 1 0 0 1 1 0 0 1 1 0 0 26275 18.4248
0 0 0 1 1 0 1 0 1 0 0 1 0 0 0 0 1 0 0 1 26278 18.1649
1 0 1 1 1 0 1 1 0 1 1 0 1 0 0 1 1 1 0 0 26282 17.7632
0 1 1 0 0 0 1 0 0 1 0 1 1 0 1 0 0 0 1 1 26288 16.4620
0 1 0 0 1 0 1 0 1 0 0 1 0 1 1 0 1 0 0 1 26293 17.3531
0 1 1 1 1 0 1 1 1 0 0 1 0 1 1 0 0 0 1 1 26298 17.5628
0 1 1 0 1 0 1 1 1 0 0 1 0 1 1 0 1 0 1 1 26303 18.7415
0 1 0 1 1 1 1 1 1 0 0 1 0 0 1 0 1 0 1 1 26309 18.3055
1 0 1 1 1 0 1 0 0 1 1 0 1 0 0 0 0 1 0 0 26319 17.0750
1 0 1 0 0 0 1 0 1 0 1 0 0 1 0 0 1 1 0 0 26328 16.9480
1 0 0 1 1 0 1 1 0 1 1 0 1 0 0 0 1 1 1 0 26336 18.4134
0 1 1 1 1 1 1 1 1 0 0 1 0 0 1 0 1 0 0 1 26347 18.2581
0 1 0 0 1 1 1 0 0 0 0 1 0 0 1 0 1 0 1 1 26355 18.1612
1 0 0 1 0 1 1 1 1 0 0 0 0 1 0 0 0 1 1 0 26359 18.0312
1 0 1 1 1 1 1 1 0 1 0 0 1 0 0 1 0 1 0 0 26363 17.4290
1 0 0 0 0 1 1 1 1 0 0 0 0 1 0 1 0 1 0 0 26368 16.8441
1 0 0 1 0 0 1 1 1 0 0 0 0 1 0 0 0 1 1 0 26372 17.0921
1 0 1 0 0 1 1 1 1 0 0 0 0 1 0 0 1 1 1 0 26378 18.3523
1 0 1 1 1 1 1 1 0 1 0 0 1 0 0 0 1 1 1 0 26382 18.6991
0 1 0 0 0 1 1 1 0 0 0 1 1 1 1 0 0 0 1 1 26387 17.0874
0 1 1 1 0 1 1 0 0 0 0 1 1 1 1 0 0 0 1 1 26392 16.4133
0 1 1 1 1 0 1 1 0 0 0 1 0 1 1 0 0 0 1 1 26396 18.4439
1 0 1 0 1 0 1 1 0 1 1 0 0 0 0 1 1 1 0 0 26401 18.1266
0 1 1 0 1 0 1 0 1 0 0 1 0 1 0 0 0 0 1 1 26411 17.6529
1 0 1 1 1 0 1 0 0 1 1 0 0 0 0 1 1 1 0 0 26421 17.9818
0 0 0 1 0 0 0 0 0 0 1 1 1 1 1 1 1 0 0 1 26428 17.1181
1 1 1 0 1 1 1 1 1 1 0 0 1 0 0 0 0 1 1 0 26430 18.4094
0 1 1 0 1 0 1 0 1 0 0 1 0 0 0 0 0 0 1 1 26435 18.2538
1 1 0 1 1 0 1 1 1 1 0 0 1 0 0 0 0 1 1 0 26437 18.1534
1 1 0 0 1 1 1 1 1 1 0 0 0 0 0 1 0 1 1 0 26440 17.8671
0 0 1 0 1 1 0 1 0 0 1 1 0 1 1 1 1 0 0 1 26445 18.3238
0 0 0 0 0 0 0 0 0 0 1 1 1 1 1 1 1 0 1 1 26451 18.1864
1 1 1 1 0 1 1 1 1 1 0 0 1 1 0 0 0 1 0 0 26453 18.2604
0 0 0 1 1 0 1 0 0 0 1 1 0 0 1 0 1 0 1 1 26458 18.3534
1 1 1 0 1 1 1 1 1 1 0 0 1 0 0 1 0 1 0 0 26460 18.1921
1 1 0 1 0 1 1 1 1 1 0 0 0 1 0 1 0 1 0 0 26463 17.8356
0 0 1 1 0 1 1 1 0 0 1 1 1 0 1 0 1 0 1 1 26468 19.2590
1 1 0 0 1 0 1 1 1 1 0 0 0 0 0 1 0 1 0 0 26470 17.0258
0 0 0 0 1 1 1 1 0 0 0 1 0 0 1 0 1 0 1 1 26477 18.3937
1 1 0 1 0 1 1 1 1 0 0 0 0 1 0 1 0 1 1 0 26481 17.6572
0 0 1 1 1 1 1 0 0 0 0 1 0 0 1 0 1 0 1 1 26486 17.8116
1 1 1 0 0 0 1 1 1 0 0 0 0 1 0 1 0 1 1 0 26490 16.7834
1 1 0 0 1 1 1 1 0 1 0 0 1 0 0 1 0 1 0 0 26494 17.5944
0 1 0 0 0 1 1 0 0 0 0 1 1 0 0 0 0 0 1 1 26499 17.7592
1 1 1 0 0 0 1 1 1 0 0 0 1 1 0 0 0 1 1 0 26501 17.5188
0 1 1 0 1 1 1 0 0 0 0 1 0 0 0 0 0 0 0 1 26503 17.6109
1 0 1 1 0 1 1 1 1 0 0 0 1 1 0 1 1 1 0 0 26505 17.9180
1 1 1 1 0 0 1 1 1 0 0 0 1 1 0 1 0 1 0 0 26507 17.0694
1 0 0 0 0 1 1 1 1 0 0 0 1 1 0 0 1 1 0 0 26510 17.2606
0 0 1 1 1 0 1 0 0 0 0 1 0 0 0 0 1 0 1 1 26512 17.9562
1 0 1 0 1 1 1 1 0 1 0 0 0 0 0 1 1 1 1 0 26514 18.4252
1 1 0 1 0 0 0 1 1 0 0 0 1 1 1 0 0 1 1 0 26516 17.6978
0 0 1 0 0 1 1 1 0 0 0 1 1 1 0 0 1 0 0 1 26519 17.5648
0 1 0 0 1 1 1 1 1 0 0 1 0 1 0 0 1 0 1 1 26524 19.0790
1 0 0 1 1 1 1 1 0 1 1 0 0 0 0 1 0 1 0 0 26534 18.0201
0 1 0 1 0 1 1 1 0 1 0 1 1 0 0 0 1 0 1 1 26544 18.3233
1 0 1 1 1 1 1 1 0 1 1 0 0 0 0 0 0 1 0 0 26548 18.5691
0 0 0 0 1 0 1 0 0 0 1 1 0 0 1 0 0 0 0 1 26553 17.2370
0 0 0 1 0 1 1 1 0 0 1 1 1 1 1 0 0 0 0 1 26556 17.1606
1 1 0 0 0 0 0 1 1 1 0 0 1 1 1 0 1 1 1 0 26558 18.5917
0 0 1 0 0 1 1 1 0 0 1 1 1 0 1 0 0 0 0 1 26563 18.4888
0 0 1 1 0 0 1 1 0 0 1 1 1 0 1 0 0 0 0 1 26566 18.5273
1 0 1 0 1 1 1 1 0 1 1 0 0 0 0 0 0 1 1 0 26571 18.6425
1 1 1 0 0 0 1 1 1 1 0 0 0 1 0 0 1 1 0 0 26574 17.1949
0 0 0 0 0 1 1 1 0 0 1 1 1 1 1 0 0 0 1 1 26579 17.4476
1 1 0 1 0 0 0 1 1 1 0 0 1 1 1 0 1 1 0 0 26581 18.5419
0 0 1 1 1 1 1 0 0 0 1 1 0 1 1 0 0 0 1 1 26584 18.5202
0 0 1 0 0 0 1 1 0 0 1 1 1 0 1 0 0 0 1 1 26589 17.8339
0 0 0 0 1 1 1 0 0 0 0 1 0 0 1 0 0 0 0 1 26593 17.4566
0 0 0 1 1 0 1 1 0 0 0 1 0 1 1 0 0 0 1 1 26598 17.9956
0 0 1 1 1 1 1 0 0 0 0 1 0 1 1 0 0 0 0 1 26602 17.1983
1 1 0 1 0 1 1 1 1 0 0 0 0 1 0 1 1 1 0 0 26607 17.1634
1 1 0 0 0 0 1 1 1 0 0 0 0 1 0 0 1 1 1 0 26611 17.8588
1 1 0 0 0 0 1 1 1 0 0 0 0 1 0 1 1 1 1 0 26616 17.5516
1 1 1 1 1 0 1 1 0 1 0 0 0 0 0 0 1 1 0 0 26619 18.5829
0 0 0 1 0 0 1 1 0 0 0 1 1 1 0 0 0 0 1 1 26622 17.2544
0 1 1 1 0 1 1 0 0 0 0 1 1 0 0 0 1 0 0 1 26624 18.3419
0 1 1 1 0 0 1 0 0 0 0 1 1 0 0 0 1 0 0 1 26626 18.0183
0 1 0 1 1 1 1 1 0 0 0 1 0 1 0 0 1 0 1 1 26628 18.6638
0 0 1 0 1 0 1 0 0 0 0 1 0 0 0 0 0 0 1 1 26631 17.7023
1 0 1 0 1 0 1 1 0 1 0 0 0 0 0 1 0 1 1 0 26632 17.7235
0 1 1 0 1 0 1 1 0 0 0 1 0 1 0 0 1 0 1 1 26635 18.9705
1 1 0 1 1 1 1 1 0 1 0 0 0 0 0 0 1 1 1 0 26636 18.8038
0 0 1 1 0 1 1 1 0 0 0 1 1 1 0 0 0 0 0 1 26640 16.3632
0 1 0 0 0 0 1 0 0 1 1 1 1 0 1 1 0 0 0 0 26642 16.2695
0 0 0 0 1 1 1 1 1 0 1 1 0 1 1 1 0 0 0 1 26644 18.2552
0 1 1 0 0 0 1 0 0 1 1 1 1 0 1 1 1 0 0 0 26647 16.8566
1 1 0 0 1 1 1 1 1 1 1 0 0 1 0 1 0 1 1 0 26648 18.8667
1 1 0 1 0 0 1 0 1 1 1 0 1 0 0 1 1 1 1 0 26651 16.7521
1 1 0 1 1 0 1 1 1 1 1 0 0 1 0 1 1 1 1 0 26654 18.6216
0 1 0 0 1 0 1 1 1 0 1 1 0 1 1 1 1 0 0 0 26657 17.6861
0 0 1 1 0 0 1 1 0 1 1 1 1 0 1 1 1 0 0 1 26659 17.9007
0 1 0 1 0 1 1 0 0 1 1 1 1 0 1 1 0 0 0 0 26662 16.9052
0 0 1 1 0 1 1 1 0 1 1 1 1 0 1 1 1 0 0 1 26664 18.9282
0 1 0 1 1 1 1 0 1 0 1 1 0 0 1 1 1 0 0 0 26666 18.5859
1 0 0 0 0 1 1 1 1 1 1 0 0 0 0 0 1 1 1 1 26671 17.2952
0 1 1 1 1 0 1 0 1 0 1 1 0 0 1 1 0 0 0 0 26676 18.4062
1 0 0 1 1 0 1 0 1 1 1 0 0 1 0 0 1 1 1 1 26681 18.1904
1 0 1 0 1 0 1 0 1 1 1 0 1 1 0 0 1 1 1 1 26686 19.0587
0 0 1 0 1 0 1 0 1 0 0 1 0 1 1 1 1 0 0 1 26691 17.7575
1 1 1 1 1 0 1 0 0 1 1 0 1 1 0 1 0 1 1 0 26701 17.8051
1 1 1 0 0 0 1 0 1 0 1 0 0 0 0 1 1 1 1 0 26711 17.4413
1 0 1 0 1 0 1 1 1 1 0 0 1 1 0 0 0 1 1 1 26716 18.7313
0 1 0 0 0 0 0 0 0 0 1 1 1 0 1 0 1 0 0 0 26721 17.4687
1 0 1 1 0 1 1 1 1 1 0 0 1 0 0 1 0 1 1 1 26723 18.4706
1 0 0 0 1 1 1 1 1 1 0 0 0 1 0 0 0 1 1 1 26726 18.8370
1 1 0 1 1 1 1 0 0 1 1 0 0 1 0 1 1 1 1 0 26730 19.1939
1 0 0 1 0 0 1 1 1 1 0 0 0 0 0 1 0 1 1 1 26733 16.5755
1 0 1 1 0 0 1 1 1 1 0 0 1 0 0 0 1 1 1 1 26739 17.5149
0 0 1 1 1 0 1 0 1 0 0 1 0 1 0 1 1 0 0 1 26742 17.8501
1 0 1 0 0 1 1 1 1 1 0 0 0 0 0 1 1 1 1 1 26746 17.2923
1 0 0 1 0 1 1 1 1 1 0 0 0 0 0 0 1 1 1 1 26749 17.5404
0 1 1 1 1 1 0 0 0 0 1 1 0 1 1 0 0 0 0 0 26752 17.2243
0 0 0 1 1 0 1 0 1 0 0 1 0 1 0 1 1 0 0 1 26756 17.6632
1 1 1 1 1 1 1 0 0 1 1 0 0 1 0 1 0 1 1 0 26760 19.2236
1 1 1 0 0 1 1 1 1 1 1 0 0 0 0 1 0 1 1 1 26762 16.8521
0 1 0 1 0 0 1 1 0 1 1 1 1 0 1 1 1 0 0 1 26765 18.4595
1 1 0 1 0 0 1 1 1 1 1 0 1 0 0 1 0 1 1 1 26767 17.7679
0 1 1 0 1 0 1 0 1 0 1 1 0 1 1 1 1 0 0 1 26769 18.8282
1 1 0 0 0 1 1 0 1 1 1 0 0 0 0 1 1 1 1 1 26772 17.6410
1 1 1 1 0 0 1 0 1 1 1 0 1 0 0 1 0 1 1 1 26775 17.8063
1 1 1 1 1 1 1 0 1 1 1 0 1 1 0 1 0 1 1 1 26777 20.1863
1 1 0 0 1 1 1 1 1 1 1 0 1 1 0 1 0 1 1 1 26779 19.9403
0 0 0 0 0 1 1 1 0 1 1 1 1 0 1 1 0 0 0 0 26783 16.8706
1 1 1 0 0 0 1 0 1 1 1 0 0 0 0 1 1 1 1 1 26784 16.6593
1 0 1 0 0 1 1 1 1 1 1 0 1 0 0 0 1 1 1 0 26787 18.4251
0 1 1 1 1 1 1 0 1 0 1 1 0 0 1 1 1 0 0 1 26792 19.4356
0 1 1 0 0 0 1 1 0 1 1 1 1 1 1 1 0 0 0 1 26798 18.3205
1 0 0 0 0 1 1 0 1 1 1 0 1 0 0 0 1 1 1 0 26802 17.2732
1 0 1 1 1 0 1 0 1 1 1 0 0 1 0 0 1 1 1 0 26807 17.8085
1 1 0 0 1 0 1 0 0 1 1 0 1 1 0 1 1 1 1 1 26814 19.8833
0 0 0 1 0 1 1 1 0 1 0 1 1 0 1 1 1 0 0 0 26825 16.4892
1 1 0 0 1 0 1 1 0 1 1 0 0 1 0 1 1 1 1 1 26833 19.9787
1 0 1 1 0 1 1 1 1 1 0 0 1 0 0 0 0 1 1 0 26837 18.1899
1 1 1 0 1 1 1 1 0 1 1 0 0 1 0 1 1 1 1 1 26841 20.3096
1 0 1 0 0 0 1 1 1 1 0 0 0 0 0 1 0 1 1 0 26844 15.8593
1 0 0 1 0 1 1 1 1 1 0 0 0 0 0 1 0 1 1 0 26847 16.7482
1 0 0 1 0 1 1 1 1 1 0 0 1 0 0 0 0 1 1 0 26851 18.2820
0 1 1 1 1 1 1 1 0 0 1 1 0 1 1 1 1 0 0 1 26854 19.7646
1 0 1 0 0 1 1 1 1 1 0 0 0 0 0 0 1 1 1 0 26860 17.0189
1 1 1 0 1 0 1 1 0 1 1 0 0 1 0 1 0 1 1 1 26863 19.3282
0 1 0 0 1 0 1 1 0 0 1 1 0 0 1 1 0 0 0 1 26867 19.0697
0 1 1 1 1 1 1 0 0 0 1 1 0 0 1 1 0 0 0 1 26870 18.7582
0 0 1 1 1 0 1 1 1 0 0 1 0 1 0 1 1 0 0 0 26873 17.7209
0 1 1 0 0 1 1 1 0 0 1 1 1 1 1 1 0 0 0 1 26877 17.3383
1 1 1 0 1 1 1 1 1 1 1 0 0 1 0 0 1 1 1 1 26881 20.1472
1 1 1 1 1 1 1 1 1 1 1 0 1 1 0 0 0 1 1 1 26886 20.0692
0 0 1 0 0 1 1 0 0 1 1 1 1 1 1 1 0 0 0 0 26891 17.0902
0 0 0 0 0 1 1 1 0 1 1 1 1 1 1 1 1 0 0 0 26897 17.3756
1 1 1 1 0 0 1 0 1 1 1 0 1 0 0 0 1 1 1 1 26901 17.5836
0 0 0 0 1 1 1 0 1 0 1 1 0 0 1 1 1 0 0 1 26905 18.4754
0 0 0 0 0 0 1 1 0 1 1 1 1 1 1 1 1 0 0 1 26910 17.7226
0 0 1 1 1 0 1 0 1 0 1 1 0 0 1 1 1 0 0 1 26914 18.4041
1 1 1 0 0 0 1 0 1 1 1 0 1 0 0 0 0 1 1 0 26920 17.3086
1 1 0 1 1 1 1 1 1 1 1 0 1 1 0 0 0 1 1 0 26924 19.9028
0 0 1 1 0 0 1 0 0 1 0 1 1 1 1 1 0 0 0 0 26929 16.2332
0 0 0 1 1 1 1 1 1 0 0 1 0 0 1 1 1 0 0 1 26933 18.2009
1 1 1 0 0 0 1 1 1 0 1 0 0 0 0 0 1 1 1 1 26937 18.2164
1 1 0 0 1 1 1 1 0 1 1 0 1 1 0 0 1 1 1 1 26943 19.6599
0 0 1 0 0 0 1 1 0 1 0 1 1 1 1 1 1 0 0 1 26948 17.0965
1 1 1 1 0 0 1 0 1 0 1 0 0 0 0 0 1 1 1 1 26952 18.4389
1 1 1 1 0 1 1 1 1 0 1 0 1 0 0 0 1 1 1 1 26960 19.4203
1 1 0 1 1 1 1 0 0 1 1 0 0 1 0 0 1 1 1 1 26970 20.0545
0 0 0 1 1 1 1 1 1 0 0 1 0 0 0 1 1 0 0 1 26979 19.3730
1 1 0 0 1 1 1 1 0 1 1 0 0 1 0 0 0 1 1 0 26989 19.7359
1 1 1 1 0 0 1 0 1 0 1 0 1 0 0 0 0 1 1 0 26999 17.6638
1 0 1 0 1 0 1 1 0 1 1 0 1 1 0 1 1 1 1 0 27007 18.9679
0 1 0 0 0 1 1 1 0 1 0 1 1 0 1 1 1 0 0 1 27018 17.2130
0 1 1 1 1 1 1 0 1 0 0 1 0 1 1 1 1 0 0 0 27026 17.2204
0 1 0 0 1 1 1 1 1 0 0 1 0 1 1 1 1 0 0 0 27036 16.9363
1 0 0 1 1 1 1 1 0 1 1 0 1 1 0 1 0 1 1 1 27046 18.2826
0 1 1 0 0 1 1 0 0 1 0 1 1 1 1 1 1 0 0 0 27051 17.2065
0 1 1 1 0 0 1 0 0 1 0 1 1 1 1 1 1 0 0 1 27056 17.3696
1 0 0 0 0 0 1 1 1 0 1 0 0 0 0 0 1 1 1 0 27061 17.6755
0 1 0 1 1 0 1 1 1 0 0 1 0 0 1 1 1 0 0 1 27066 18.3809
1 0 0 1 0 0 1 0 1 0 1 0 0 0 0 0 0 1 1 0 27071 17.8226
1 0 1 0 0 1 1 1 1 0 0 0 0 0 0 0 0 1 1 0 27074 18.1533
1 0 0 1 1 0 1 1 0 1 0 0 1 1 0 0 0 1 1 0 27079 18.0559
1 0 1 1 1 1 1 1 0 1 0 0 1 1 0 0 0 1 1 1 27084 18.4016
0 1 0 1 0 0 1 1 0 0 0 1 1 0 1 1 1 0 0 1 27090 18.4555
0 1 1 1 0 1 1 1 0 0 0 1 1 1 1 1 1 0 0 0 27095 16.0818
0 1 1 1 1 0 1 0 0 0 0 1 0 1 1 1 0 0 0 0 27098 17.2149
0 1 1 0 1 1 1 0 0 0 0 1 0 0 1 1 0 0 0 1 27103 17.8299
0 1 0 0 0 1 1 1 0 0 0 1 1 0 1 1 0 0 0 0 27108 16.6528
1 0 1 1 0 0 1 1 1 0 0 0 0 0 0 1 1 1 1 0 27113 17.8225
1 0 0 1 0 0 1 1 1 0 0 0 0 0 0 0 1 1 1 1 27118 18.4622
0 0 0 0 1 1 1 0 0 0 1 1 0 0 1 1 1 0 0 0 27123 18.2662
0 0 0 1 1 0 0 1 0 0 1 1 0 1 1 0 1 0 0 0 27126 17.8795
0 0 0 1 1 1 0 0 0 0 1 1 0 1 1 0 1 0 0 0 27130 17.1129
0 0 1 0 1 0 1 0 0 0 1 1 0 1 1 1 1 0 0 0 27133 17.8542
0 0 1 1 0 1 0 0 0 0 1 1 1 1 1 0 1 0 0 0 27136 16.2375
0 0 1 1 1 0 0 1 0 0 1 1 0 1 1 0 1 0 0 0 27140 18.2371
1 0 1 0 1 1 1 0 0 1 1 0 0 1 0 1 1 1 1 0 27143 18.7087
0 0 0 0 1 0 0 1 0 0 1 1 0 1 1 0 1 0 0 1 27149 17.3553
0 0 0 0 1 1 0 0 0 0 1 1 0 1 1 0 1 0 0 1 27153 17.0591
0 0 0 1 0 0 1 1 0 0 1 1 1 0 1 1 1 0 0 1 27156 19.5538
0 0 1 0 0 1 0 0 0 0 1 1 1 1 1 0 1 0 0 1 27159 16.2124
0 0 1 0 1 0 0 1 0 0 1 1 0 1 1 0 1 0 0 1 27163 17.5391
1 1 0 1 1 1 1 1 1 1 0 0 1 1 0 1 0 1 1 0 27165 19.4023
0 1 1 0 1 0 1 0 1 0 0 1 0 0 0 1 0 0 0 0 27173 17.6555
1 0 0 0 1 1 1 1 0 1 1 0 0 1 0 0 1 1 1 1 27183 20.2426
1 0 1 1 0 0 1 0 1 0 1 0 1 0 0 0 1 1 1 1 27192 18.6809
1 1 0 0 1 0 1 1 0 1 0 0 1 1 0 1 0 1 1 1 27196 18.5072
0 0 1 0 0 1 1 0 0 0 0 1 1 1 1 1 1 0 0 1 27201 17.1157
0 0 0 0 1 1 1 0 0 0 0 1 0 1 1 1 1 0 0 1 27207 17.9374
1 1 0 0 0 0 1 1 1 0 0 0 0 0 0 0 0 1 1 0 27211 17.8351
0 0 1 1 1 1 1 1 0 0 0 1 0 1 1 1 1 0 0 1 27216 17.9999
0 1 1 1 1 0 1 0 0 0 0 1 0 1 0 1 0 0 0 0 27218 17.5111
1 0 0 0 0 1 1 1 1 0 0 0 1 0 0 1 1 1 1 1 27220 17.0119
0 0 1 0 1 0 1 0 0 0 0 1 0 1 0 1 1 0 0 1 27223 17.9175
1 0 1 0 1 0 1 1 0 1 0 0 0 1 0 0 1 1 1 1 27224 19.5443
0 1 0 0 0 1 1 1 0 0 0 1 1 0 0 1 0 0 0 0 27228 18.4203
0 0 0 0 0 1 1 0 0 0 0 1 1 1 0 1 1 0 0 1 27231 17.6847
1 0 1 1 0 0 0 1 1 0 0 0 1 0 1 1 1 1 1 0 27233 17.2369
0 0 1 1 1 1 1 1 0 0 0 1 0 0 0 1 1 0 0 1 27235 19.4870
1 1 0 1 0 0 1 1 1 0 0 0 1 0 0 0 0 1 1 1 27238 17.8424
0 1 1 1 1 1 1 1 0 0 0 1 0 1 0 1 0 0 0 1 27240 18.3481
0 0 0 1 1 0 1 0 0 0 1 1 0 1 1 1 0 0 0 0 27244 18.0488
1 1 1 0 1 1 1 1 1 1 0 0 1 1 0 0 1 1 1 1 27246 21.3050
0 0 0 0 0 0 1 1 0 0 1 1 1 0 1 1 0 0 0 0 27251 17.8895
0 0 1 1 0 1 1 0 0 0 1 1 1 0 1 1 0 0 0 0 27254 17.9316
1 1 0 0 1 1 1 1 1 1 0 0 0 1 0 1 1 1 1 1 27256 19.3943
1 1 0 0 1 1 1 1 1 1 0 0 1 1 0 0 1 1 1 1 27260 20.7529
0 0 0 0 0 0 1 0 0 0 1 1 1 1 1 1 0 0 0 1 27267 16.5078
1 1 1 1 1 1 1 1 1 1 0 0 1 1 0 0 1 1 1 0 27269 21.3659
0 0 0 1 0 0 1 0 0 0 1 1 1 0 1 1 0 0 0 1 27274 18.0648
1 1 1 0 1 1 1 1 1 1 0 0 1 1 0 1 1 1 1 0 27276 20.6043
1 1 0 1 1 1 1 1 1 1 0 0 0 1 0 1 1 1 1 0 27279 19.5226
1 1 0 1 1 1 1 1 1 1 0 0 1 1 0 0 1 1 1 0 27283 20.8344
1 1 0 0 1 0 1 1 1 1 0 0 0 1 0 1 1 1 1 0 27286 17.7611
1 0 1 0 1 0 1 1 0 1 1 0 0 1 0 0 0 1 1 1 27295 19.0864
0 1 1 1 0 1 1 1 0 1 0 1 1 1 0 1 1 0 0 1 27306 16.9324
1 1 1 1 0 1 1 1 1 0 0 0 0 0 0 0 1 1 1 0 27313 18.3120
1 1 1 1 0 0 1 1 1 0 0 0 0 0 0 0 1 1 1 0 27318 18.1233
1 1 0 0 1 0 1 1 0 1 0 0 1 1 0 1 1 1 1 0 27322 19.1032
0 0 0 1 0 0 1 1 0 0 0 1 1 0 1 1 0 0 0 0 27329 16.9851
0 0 1 1 1 1 1 1 0 0 0 1 0 0 1 1 0 0 0 0 27333 16.8366
0 1 1 0 0 0 1 0 0 0 0 1 1 1 0 1 1 0 0 0 27337 16.7759
1 1 1 0 0 1 1 1 1 0 0 0 1 0 0 0 1 1 1 0 27338 18.2638
1 0 1 0 0 0 1 1 1 0 0 0 1 0 0 0 0 1 1 0 27341 17.3187
1 0 1 1 1 0 1 1 0 1 0 0 0 1 0 0 0 1 1 1 27343 18.1934
1 0 0 1 1 0 1 1 0 1 0 0 0 1 0 1 0 1 1 0 27345 18.4483
1 1 1 1 1 1 1 1 0 1 0 0 0 1 0 0 1 1 1 1 27348 20.2620
0 0 0 1 0 1 1 0 0 0 0 1 1 1 0 1 0 0 0 1 27352 16.4677
0 0 0 1 0 1 1 1 0 0 0 1 1 1 0 1 0 0 0 1 27354 17.5406
0 0 1 0 1 1 1 1 0 0 0 1 0 0 0 1 0 0 0 1 27356 17.2741
0 1 1 1 0 1 1 1 0 0 0 1 1 1 0 1 1 0 0 0 27359 17.3976
1 0 0 1 1 1 0 1 0 1 0 0 0 1 1 1 0 1 1 1 27360 19.3396
0 1 0 0 1 1 1 0 1 0 1 1 0 1 1 1 0 0 1 0 27362 18.0910
1 1 1 1 1 0 1 1 1 1 1 0 0 1 0 1 1 1 0 0 27364 18.1921
0 1 1 0 1 1 1 0 1 0 1 1 0 1 1 1 1 0 1 0 27367 18.8714
0 0 1 0 0 1 1 0 0 1 1 1 1 0 1 1 1 0 1 1 27369 19.1144
0 1 1 1 0 1 1 0 0 1 1 1 1 0 1 1 0 0 1 0 27372 17.6703
0 0 0 0 1 0 1 0 1 0 1 1 0 1 1 1 1 0 1 1 27375 18.5591
1 1 0 1 0 1 1 0 1 1 1 0 1 0 0 1 1 1 0 0 27377 17.4177
1 1 0 0 0 0 1 1 1 1 1 0 0 0 0 1 0 1 0 0 27379 16.0456
1 1 1 0 0 0 1 0 1 1 1 0 1 0 0 1 1 1 0 0 27382 16.6972
0 0 1 1 1 0 1 1 1 0 1 1 0 1 1 1 1 0 1 1 27384 19.3756
1 0 1 1 1 0 1 1 1 1 1 0 1 1 0 0 1 1 0 1 27386 19.1746
0 1 1 0 0 0 1 0 0 1 1 1 1 1 1 1 0 0 1 0 27392 18.0989
0 1 1 1 1 1 1 1 1 0 1 1 0 0 1 1 0 0 1 0 27397 18.6597
0 1 1 1 1 0 1 1 1 0 1 1 0 0 1 1 0 0 1 0 27402 18.5527
0 1 1 0 1 0 1 1 1 0 1 1 0 0 1 1 1 0 1 0 27407 17.7644
0 0 1 0 1 0 1 0 1 0 0 1 0 1 1 1 0 0 1 1 27413 17.4006
1 1 0 0 1 1 1 1 0 1 1 0 1 1 0 1 1 1 0 0 27423 17.9847
1 1 1 1 0 0 1 0 1 0 1 0 0 0 0 1 1 1 0 0 27432 17.3773
0 1 0 0 1 1 0 1 0 0 1 1 0 0 1 0 1 0 1 0 27437 17.9053
0 0 0 1 1 1 1 1 1 0 0 1 0 1 0 1 0 0 1 1 27441 18.9850
0 1 0 1 0 1 1 1 0 0 1 1 1 1 1 1 1 0 1 0 27444 18.0063
0 1 1 0 1 0 0 0 0 0 1 1 0 0 1 0 1 0 1 0 27447 17.4837
0 1 1 0 1 1 0 1 0 0 1 1 0 0 1 0 1 0 1 0 27451 18.3726
0 1 1 1 0 0 1 1 0 0 1 1 1 0 1 1 1 0 1 0 27454 18.2726
0 1 0 1 0 1 1 0 0 0 1 1 1 0 1 1 0 0 1 0 27460 17.7188
1 0 1 0 1 0 1 1 1 1 0 0 0 1 0 0 1 1 0 1 27462 18.5525
1 0 1 0 1 0 1 1 1 1 0 0 1 1 0 1 1 1 0 1 27466 19.1008
0 1 1 1 0 0 1 0 0 0 1 1 1 1 1 1 0 0 1 0 27470 17.1329
1 1 0 1 1 1 1 1 0 1 1 0 0 1 0 1 0 1 0 0 27472 18.4370
1 0 0 0 1 0 1 1 1 1 0 0 0 1 0 0 1 1 0 1 27476 18.5966
0 1 0 0 0 0 1 0 0 1 1 1 1 0 1 1 1 0 1 1 27481 18.7743
1 1 1 0 1 1 1 1 1 1 1 0 0 1 0 1 0 1 0 1 27482 18.9986
1 1 1 0 0 1 1 1 1 1 1 0 1 0 0 1 0 1 0 1 27485 18.3216
1 1 0 1 1 0 1 1 1 1 1 0 1 1 0 1 0 1 0 1 27487 18.7795
1 1 0 1 1 0 1 0 1 1 1 0 1 1 0 1 0 1 0 1 27489 18.7877
0 0 1 1 0 0 1 1 0 1 1 1 1 0 1 1 0 0 1 0 27493 17.0963
0 1 0 1 0 1 1 0 0 1 1 1 1 0 1 1 1 0 1 1 27496 19.0667
0 0 0 1 0 1 1 1 0 1 1 1 1 0 1 1 1 0 1 0 27498 18.2136
0 1 1 0 1 1 1 1 1 0 1 1 0 1 1 1 1 0 1 1 27500 20.0137
0 0 0 0 1 0 1 1 1 0 1 1 0 1 1 1 0 0 1 0 27503 17.5365
1 1 1 0 1 0 1 0 1 1 1 0 0 1 0 1 1 1 0 1 27504 18.7909
1 0 1 1 0 1 1 1 1 1 1 0 1 0 0 0 1 1 0 0 27508 18.5269
1 0 0 1 1 0 1 1 1 1 1 0 1 1 0 0 1 1 0 0 27512 18.8310
0 1 0 0 0 1 1 0 0 1 1 1 1 1 1 1 1 0 1 1 27519 19.3761
0 1 1 1 1 1 1 1 1 0 1 1 0 0 1 1 1 0 1 1 27523 20.2533
0 1 0 1 1 0 1 1 1 0 1 1 0 0 1 1 0 0 1 1 27528 20.2133
1 1 1 0 1 0 1 1 0 1 1 0 1 1 0 1 1 1 0 1 27535 18.7951
0 0 0 0 0 1 1 1 0 1 0 1 1 0 1 1 1 0 1 0 27546 17.3203
0 1 0 0 0 1 1 0 0 0 1 1 1 0 1 1 1 0 1 1 27555 19.5463
0 1 0 1 0 0 0 1 0 0 1 1 1 1 1 0 1 0 1 1 27558 18.2474
0 1 0 1 0 1 0 0 0 0 1 1 1 1 1 0 1 0 1 1 27562 17.1046
0 1 1 0 0 0 1 0 0 0 1 1 1 1 1 1 1 0 1 1 27565 19.1309
1 0 0 1 1 0 1 1 1 1 0 0 1 1 0 1 0 1 0 0 27567 17.6027
0 1 1 1 0 0 0 1 0 0 1 1 1 1 1 0 1 0 1 1 27572 18.3041
1 0 0 0 1 1 1 1 1 1 0 0 1 1 0 1 0 1 0 0 27574 17.5691
0 1 0 0 0 0 1 1 0 0 1 1 1 1 1 1 0 0 1 1 27581 18.3358
0 1 0 0 0 1 1 0 0 0 1 1 1 1 1 1 0 0 1 1 27585 18.0530
1 0 1 1 1 0 1 1 1 1 0 0 0 1 0 1 1 1 0 0 27587 17.7453
1 0 0 0 1 0 1 1 1 1 0 0 1 1 0 0 1 1 0 0 27590 18.9216
0 1 1 0 0 0 1 1 0 0 1 1 1 1 1 1 0 0 1 1 27595 18.3138
1 0 0 1 0 1 1 1 1 1 0 0 1 0 0 1 1 1 0 0 27597 17.4580
0 0 0 0 1 1 1 0 1 0 1 1 0 0 1 1 0 0 1 0 27602 18.6211
0 0 1 0 1 1 1 0 1 0 1 1 0 0 1 1 1 0 1 0 27607 18.6164
0 0 1 1 0 1 1 0 0 1 1 1 1 1 1 1 0 0 1 0 27612 18.0561
1 1 0 1 0 1 1 0 1 1 1 0 1 0 0 0 1 1 0 1 27617 18.2510
1 1 1 0 0 0 1 0 1 1 1 0 1 0 0 0 1 1 0 1 27622 17.5024
1 1 1 0 1 0 1 1 1 1 1 0 1 1 0 0 1 1 0 0 27625 18.9975
0 0 1 1 0 0 1 0 0 1 1 1 1 1 1 1 0 0 1 1 27631 18.1746
0 0 1 0 1 0 1 0 1 0 1 1 0 0 1 1 0 0 1 1 27635 18.7235
0 0 1 0 1 0 1 1 1 0 1 1 0 0 1 1 0 0 1 1 27641 18.9612
1 1 1 1 1 0 1 0 1 1 1 0 1 1 0 0 1 1 0 0 27645 19.1162
1 1 1 1 0 1 1 1 1 0 1 0 0 0 0 0 0 1 0 0 27649 18.3164
0 0 0 0 1 1 1 1 1 0 0 1 0 0 1 1 1 0 1 1 27654 18.2617
1 1 1 1 0 0 1 1 1 0 1 0 0 0 0 0 1 1 0 1 27658 18.1974
1 1 0 1 1 1 1 1 0 1 1 0 1 1 0 0 1 1 0 1 27664 18.7190
0 0 1 1 0 0 1 1 0 1 0 1 1 1 1 1 1 0 1 0 27669 17.0945
0 0 1 1 1 1 1 0 1 0 0 1 0 0 0 1 0 0 1 0 27673 17.7965
0 0 0 0 1 1 1 1 1 0 0 1 0 0 0 1 0 0 1 0 27682 18.7039
1 1 1 0 1 0 1 0 0 1 1 0 0 1 0 0 1 1 0 1 27692 18.8419
0 0 1 0 1 0 1 0 1 0 0 1 0 0 0 1 1 0 1 0 27701 17.7246
1 1 0 0 1 1 1 1 0 1 1 0 0 1 0 0 0 1 0 1 27711 19.1702
1 1 1 1 0 0 1 0 1 0 1 0 1 0 0 0 0 1 0 1 27720 18.1796
1 0 1 1 1 0 1 1 0 1 1 0 1 1 0 1 1 1 0 0 27728 18.1730
0 1 0 0 1 0 1 0 1 0 0 1 0 1 1 1 0 0 1 1 27739 18.0123
1 0 0 1 1 0 1 0 0 1 1 0 1 1 0 1 0 1 0 1 27747 16.6450
0 1 0 1 1 0 1 0 1 0 0 1 0 1 1 1 1 0 1 0 27758 17.9267
1 0 1 0 1 1 1 0 0 1 1 0 1 1 0 1 1 1 0 1 27767 18.8333
0 1 1 1 0 1 1 0 0 1 0 1 1 1 1 1 1 0 1 0 27772 18.1779
1 0 1 1 0 1 1 1 1 0 1 0 0 0 0 0 1 1 0 1 27776 18.5063
1 0 0 1 0 0 1 1 1 0 1 0 0 0 0 0 1 1 0 0 27782 17.8540
1 0 0 1 1 1 1 0 0 1 1 0 1 1 0 0 1 1 0 1 27786 18.5566
0 1 0 1 0 1 1 1 0 1 0 1 1 1 1 1 0 0 1 1 27792 17.9842
0 1 1 0 1 1 1 0 0 0 0 1 0 1 1 1 1 0 1 0 27795 17.5170
0 1 1 1 1 0 1 0 0 0 0 1 0 1 1 1 1 0 1 1 27800 18.5814
1 0 1 1 1 0 1 1 0 1 0 0 1 1 0 1 0 1 0 1 27805 17.4995
1 0 1 1 0 0 0 1 1 0 0 0 0 0 1 1 0 1 0 1 27810 18.1906
1 0 0 1 0 0 1 1 1 0 0 0 0 0 0 1 0 1 0 0 27815 17.5693
1 0 0 0 1 0 1 1 0 1 0 0 1 1 0 0 1 1 0 1 27818 18.8103
1 0 1 1 1 0 1 1 0 1 0 0 1 1 0 0 1 1 0 1 27823 18.5944
0 1 0 0 0 1 1 0 0 0 0 1 1 1 1 1 0 0 1 0 27829 16.1645
0 1 0 1 0 1 1 1 0 0 0 1 1 1 1 1 0 0 1 1 27834 17.0493
0 1 1 1 1 0 1 1 0 0 0 1 0 0 1 1 0 0 1 0 27839 17.0627
1 1 1 1 1 0 1 1 1 1 0 0 1 1 0 0 0 1 0 1 27843 18.6355
1 1 1 0 0 1 1 1 1 1 0 0 1 0 0 0 0 1 0 1 27846 18.1443
1 0 1 1 1 1 1 1 0 1 1 0 0 1 0 1 1 1 0 0 27850 18.6716
1 1 0 1 1 1 1 1 1 1 0 0 0 1 0 0 0 1 0 1 27853 18.8987
1 1 0 0 0 1 1 1 1 1 0 0 0 0 0 1 0 1 0 1 27856 17.6107
1 1 0 0 0 1 1 1 1 1 0 0 1 0 0 0 0 1 0 1 27860 18.0576
1 0 0 0 1 0 1 1 0 1 1 0 0 1 0 1 1 1 0 1 27865 18.5766
1 1 1 1 0 1 1 1 1 1 0 0 1 0 0 0 0 1 0 0 27869 17.9343
1 0 1 0 1 1 1 1 0 1 1 0 0 1 0 1 1 1 0 1 27873 18.9501
1 1 1 0 0 0 1 1 1 1 0 0 0 0 0 1 0 1 0 0 27876 16.1514
1 1 0 1 0 1 1 1 1 1 0 0 0 0 0 1 0 1 0 0 27879 17.0252
1 1 0 1 0 1 1 1 1 1 0 0 1 0 0 0 0 1 0 0 27883 17.8731
0 0 1 1 1 1 1 1 0 0 1 1 0 1 1 1 1 0 1 1 27886 19.6015
0 1 1 1 0 0 1 0 0 1 0 1 1 1 0 1 0 0 1 1 27895 18.3725
0 1 1 1 1 0 1 1 1 0 0 1 0 0 0 1 0 0 1 0 27905 18.6947
0 0 1 0 1 0 1 0 0 0 0 1 0 1 1 1 1 0 1 0 27913 17.6446
1 1 1 0 1 1 1 1 0 1 0 0 1 1 0 0 0 1 0 0 27917 17.0901
0 0 1 1 0 1 1 0 0 0 0 1 1 1 1 1 1 0 1 1 27922 18.0101
0 0 0 1 1 1 1 0 0 0 0 1 0 1 1 1 1 0 1 1 27928 18.5505
1 1 0 1 0 0 1 1 1 0 0 0 0 0 0 0 0 1 0 0 27932 17.9412
1 1 0 1 1 1 1 1 0 1 0 0 1 1 0 1 0 1 0 1 27936 17.5224
1 1 0 0 0 1 1 1 1 0 0 0 1 0 0 0 0 1 0 1 27938 17.8593
0 0 0 1 0 1 1 1 0 0 0 1 1 0 0 1 1 0 1 1 27941 19.7722
1 0 0 1 0 1 1 1 1 0 0 0 1 0 0 0 1 1 0 0 27943 18.8121
0 0 1 0 1 1 1 0 0 0 0 1 0 1 0 1 1 0 1 1 27945 18.5666
1 1 1 1 0 0 1 1 1 0 0 0 1 0 0 0 0 1 0 1 27948 18.1989
1 0 1 1 0 1 1 1 1 0 0 0 1 0 0 1 1 1 0 0 27951 18.4233
1 0 1 1 1 1 0 1 0 1 0 0 0 1 1 1 1 1 0 0 27953 17.7376
1 0 0 0 1 1 1 1 0 1 0 0 0 1 0 0 1 1 0 0 27955 19.0430
0 1 1 1 0 0 1 1 0 0 0 1 1 0 0 1 0 0 1 0 27959 17.9718
1 1 0 1 0 0 1 1 1 0 0 0 1 0 0 1 0 1 0 1 27960 17.7685
1 1 1 0 1 1 1 1 1 1 0 0 0 1 0 0 1 1 0 1 27964 19.3208
1 0 1 1 1 0 1 1 0 1 1 0 0 1 0 1 0 1 0 0 27968 17.7924
1 1 1 1 0 0 1 1 1 1 0 0 0 0 0 1 1 1 0 1 27971 16.6525
1 1 0 0 0 0 1 1 1 1 0 0 1 0 0 0 1 1 0 1 27974 17.7143
0 1 1 0 1 0 1 1 1 0 0 1 0 1 0 1 1 0 1 1 27978 19.8586
0 0 1 0 1 1 1 1 0 0 1 1 0 1 1 1 0 0 1 0 27981 18.4182
1 1 1 1 0 1 1 1 1 1 0 0 0 0 0 0 1 1 0 0 27987 17.2904
0 0 0 1 1 1 0 1 0 0 1 1 0 0 1 0 0 0 1 1 27990 18.1238
0 1 0 0 1 1 1 1 1 0 0 1 0 1 0 1 1 0 1 0 27994 19.0072
0 0 1 0 1 1 1 0 0 0 1 1 0 0 1 1 0 0 1 1 27997 18.6128
0 0 1 1 1 0 0 0 0 0 1 1 0 0 1 0 0 0 1 1 28000 17.2575
0 0 1 1 1 1 0 1 0 0 1 1 0 0 1 0 0 0 1 1 28004 18.3993
0 1 0 0 1 0 1 1 1 0 0 1 0 1 0 1 1 0 1 0 28008 18.9253
1 0 1 1 1 0 1 1 0 1 1 0 0 1 0 0 0 1 0 1 28016 18.3091
0 1 0 0 1 0 1 0 1 0 0 1 0 0 0 1 1 0 1 0 28027 17.9057
0 0 1 1 0 1 1 0 0 0 0 1 1 0 1 1 0 0 1 0 28034 16.8448
0 0 1 0 1 0 1 0 0 0 0 1 0 1 1 1 0 0 1 1 28039 18.6280
1 1 1 0 1 1 1 1 0 1 0 0 1 1 0 0 1 1 0 1 28043 19.2198
1 1 1 1 0 0 0 1 1 0 0 0 0 0 1 1 1 1 0 0 28049 16.7273
0 0 1 0 1 1 1 1 0 0 0 1 0 0 1 1 0 0 1 0 28054 17.3375
0 1 1 0 1 0 1 0 0 0 0 1 0 1 0 1 1 0 1 0 28057 17.9731
1 1 1 0 1 0 1 1 0 1 0 0 0 1 0 0 1 1 0 0 28058 18.4777
0 0 0 0 0 1 1 1 0 0 0 1 1 0 0 1 0 0 1 1 28062 19.1667
0 0 1 1 0 1 1 0 0 0 0 1 1 0 0 1 0 0 1 1 28064 18.0787
0 0 1 1 1 1 1 0 0 0 0 1 0 1 0 1 0 0 1 1 28066 18.6225
0 1 0 0 1 1 1 0 0 0 0 1 0 1 0 1 1 0 1 0 28069 17.9056
1 0 1 0 0 1 1 1 1 0 0 0 1 0 0 1 0 1 0 0 28072 17.1251
0 0 0 1 1 1 1 1 0 0 0 1 0 1 0 1 0 0 1 1 28074 19.7644
1 0 0 1 1 1 1 1 0 1 0 0 0 1 0 0 0 1 0 0 28076 18.7103
0 1 1 1 1 1 1 1 0 0 0 1 0 1 0 1 1 0 1 0 28079 18.7083
0 0 1 1 0 0 1 1 0 1 1 0 1 0 0 1 0 0 0 1 28081 16.3026
1 1 1 0 0 0 1 1 0 1 1 0 1 0 0 1 0 1 0 0 28082 16.0421
0 1 1 0 1 0 1 1 1 0 1 0 0 1 0 1 0 0 0 0 28085 16.7078
1 1 1 0 0 0 1 1 0 1 1 0 1 0 0 1 1 1 1 0 28087 17.6687
1 1 0 1 0 0 1 0 0 1 1 0 1 0 0 1 0 1 0 0 28089 15.8389
1 1 0 0 0 0 1 0 0 1 1 0 1 0 0 1 1 1 0 0 28092 16.3963
1 1 1 1 1 1 1 0 1 0 1 0 0 1 0 1 0 1 0 0 28095 17.5495
1 1 0 0 1 0 1 0 1 0 1 0 0 1 0 1 1 1 1 0 28097 17.1143
0 1 0 1 0 1 1 1 0 1 1 0 1 0 0 1 0 0 0 0 28100 16.6382
0 1 0 0 0 1 1 0 0 1 1 0 1 0 0 1 0 0 1 0 28103 16.6706
1 0 1 1 0 1 1 0 0 1 1 0 1 0 0 1 1 1 1 1 28104 18.9683
1 0 1 0 1 0 1 1 1 0 1 0 0 1 0 0 1 1 0 1 28107 17.7588
1 1 1 0 0 0 1 1 0 1 1 0 1 1 0 1 0 1 1 0 28112 17.9134
0 0 0 1 1 0 1 1 1 0 1 0 0 1 0 0 1 0 0 1 28118 18.0167
1 1 1 1 1 0 1 0 1 0 1 0 0 0 0 1 0 1 1 0 28122 18.2398
1 1 1 0 1 0 1 0 1 0 1 0 0 0 0 1 1 1 1 0 28127 18.0116
0 0 1 0 0 1 1 1 0 1 1 0 1 0 0 0 1 0 1 1 28131 19.1500
0 1 1 1 0 0 1 1 0 1 1 0 1 1 0 1 1 0 0 0 28136 17.1236
1 0 0 0 0 1 1 1 0 1 1 0 1 0 0 0 1 1 1 1 28141 18.5062
0 1 0 1 1 0 1 0 1 0 1 0 0 0 0 1 1 0 0 0 28146 17.2982
1 1 0 0 0 1 1 0 0 1 1 0 1 1 0 1 0 1 0 0 28151 16.6415
1 1 0 1 0 1 1 1 0 0 1 0 1 0 0 1 1 1 0 0 28154 18.0088
0 0 1 0 1 0 0 1 1 0 0 0 0 1 1 0 0 0 1 1 28157 17.2362
1 0 1 1 1 0 1 1 1 0 0 0 0 1 0 0 0 1 1 1 28158 17.7630
1 0 0 1 0 0 1 1 0 1 0 0 1 0 0 1 0 1 1 1 28161 17.5672
0 1 0 0 0 1 1 0 0 0 1 0 1 1 0 1 1 0 1 0 28163 16.8860
0 1 1 1 1 1 1 1 0 0 1 0 0 0 0 1 1 0 1 0 28166 18.3627
0 1 1 1 0 1 1 1 0 0 1 0 1 1 0 1 1 0 1 0 28168 17.7948
1 0 1 0 0 1 1 1 0 1 0 0 1 0 0 1 0 1 1 1 28170 18.0192
0 1 1 1 1 1 1 0 0 0 1 0 0 0 0 1 1 0 1 0 28172 17.4023
1 1 1 1 1 1 1 0 0 0 1 0 0 1 0 1 1 1 1 0 28174 18.1546
1 0 1 1 1 1 1 1 1 0 0 0 0 1 0 0 1 1 1 1 28177 18.6341
0 1 0 0 0 0 1 0 0 0 1 0 1 1 0 1 0 0 1 0 28181 16.0606
1 1 0 1 0 1 1 0 0 0 1 0 1 0 0 1 0 1 1 0 28182 17.2735
0 0 0 1 0 0 1 1 0 1 0 0 1 0 0 1 1 0 1 1 28185 18.1673
1 0 1 0 0 0 1 1 0 1 0 0 1 0 0 1 1 1 0 1 28186 17.0956
1 1 1 0 0 1 1 1 0 0 1 0 1 0 0 1 0 1 1 0 28189 17.8825
1 1 1 0 1 1 1 1 0 0 1 0 0 1 0 1 0 1 1 0 28191 18.2986
1 1 0 0 1 1 1 0 0 0 1 0 0 1 0 1 0 1 0 0 28193 17.4490
1 0 0 0 1 0 1 1 1 0 0 0 0 1 0 0 1 1 1 1 28195 18.5009
0 1 1 1 0 1 1 0 0 0 1 0 1 1 0 1 0 0 1 0 28198 15.9060
0 1 1 1 0 0 1 1 0 1 1 0 1 0 0 1 0 0 0 1 28201 16.7579
1 0 1 1 0 0 1 1 0 1 1 0 1 0 0 1 1 1 0 0 28202 16.8315
0 1 0 1 1 1 1 0 1 0 1 0 0 1 0 1 1 0 1 1 28205 18.7326
1 0 1 1 1 1 1 1 1 0 1 0 0 1 0 1 0 1 1 0 28207 18.3140
1 1 1 0 0 1 1 1 0 1 1 0 1 0 0 1 1 1 1 1 28209 19.3569
1 1 1 1 1 0 1 1 1 0 1 0 0 1 0 1 0 1 1 1 28212 18.5968
1 1 0 0 1 0 1 1 1 0 1 0 0 1 0 1 1 1 1 1 28215 19.1747
0 0 1 1 0 1 1 0 0 1 1 0 1 0 0 1 0 0 1 0 28218 16.3731
0 1 1 0 0 0 1 0 0 1 1 0 1 0 0 1 1 0 1 1 28220 17.5604
0 0 1 0 0 1 1 0 0 1 1 0 1 0 0 1 1 0 1 0 28223 17.1080
1 1 1 1 0 1 1 0 0 1 1 0 1 0 0 1 1 1 1 1 28224 19.3375
0 0 1 1 0 1 1 1 0 1 1 0 1 0 0 0 1 0 0 0 28228 18.1447
1 1 1 1 0 0 1 1 0 1 1 0 1 1 0 1 1 1 1 1 28232 18.9196
1 0 0 1 0 1 1 1 0 1 1 0 1 0 0 0 1 1 0 0 28238 17.4110
1 1 0 1 1 0 1 0 1 0 1 0 0 0 0 1 1 1 1 1 28242 19.1790
0 1 0 1 0 1 1 0 0 1 1 0 1 1 0 1 0 0 1 1 28248 17.8880
0 0 1 0 1 0 1 1 1 0 1 0 0 1 0 0 1 0 1 0 28251 18.1241
0 1 1 0 1 1 1 1 1 0 1 0 0 0 0 1 0 0 0 1 28256 19.0690
1 0 0 0 1 0 1 1 1 0 1 0 0 1 0 0 1 1 1 0 28261 17.8510
1 1 1 1 0 1 1 0 0 1 1 0 1 1 0 1 0 1 0 1 28266 17.7308
1 1 1 0 0 1 1 0 0 1 1 0 1 1 0 1 1 1 0 1 28271 18.5626
1 1 0 1 1 1 1 1 0 0 1 0 0 0 0 1 1 1 0 1 28274 18.8206
0 0 1 0 1 0 1 1 1 0 0 0 0 1 0 0 0 0 1 0 28277 17.0362
0 0 0 1 0 0 1 1 0 1 0 0 1 0 0 0 0 0 1 0 28279 17.0209
1 0 1 1 0 0 1 1 0 1 0 0 1 0 0 1 0 1 0 0 28281 15.8873
0 1 0 0 1 1 1 0 0 0 1 0 0 1 0 1 1 0 1 1 28283 18.3808
0 0 0 0 1 1 1 1 1 0 0 0 0 1 0 0 0 0 0 0 28286 17.7710
0 1 1 1 1 0 1 1 0 0 1 0 0 0 0 1 1 0 1 1 28288 18.9620
1 1 0 1 0 1 1 0 0 0 1 0 1 1 0 1 1 1 0 1 28290 17.7523
0 0 0 1 1 0 0 1 1 0 0 0 0 1 1 0 0 0 1 0 28292 17.1373
1 0 0 0 1 0 1 1 1 0 0 0 0 1 0 1 0 1 0 0 28294 16.5179
0 1 0 1 0 1 1 1 0 0 1 0 1 0 0 1 0 0 0 1 28298 18.0770
0 1 0 0 0 1 1 0 0 0 1 0 1 0 0 1 0 0 1 1 28301 17.5024
1 0 1 1 0 1 0 1 0 1 0 0 1 0 1 0 1 1 1 0 28302 19.1802
0 0 1 1 0 0 1 1 0 1 0 0 1 0 0 1 1 0 0 0 28305 16.6969
1 1 1 1 1 0 1 1 0 0 1 0 0 0 0 1 0 1 0 1 28306 18.6762
1 0 0 1 0 0 1 1 0 1 0 0 1 0 0 0 1 1 0 0 28309 17.0058
1 0 0 1 1 1 1 1 1 0 0 0 0 1 0 1 1 1 0 0 28311 17.3875
1 0 1 1 1 0 1 1 1 0 0 0 0 1 0 1 1 1 1 0 28313 17.8133
0 1 1 1 0 0 1 0 0 0 1 0 1 1 0 1 0 0 1 1 28316 16.8777
0 0 0 0 0 1 1 1 0 1 0 0 1 0 0 1 1 0 0 0 28318 17.1188
0 1 1 1 1 1 1 1 1 0 1 0 0 1 0 0 0 0 0 1 28321 18.4216
1 0 0 1 1 1 1 0 1 0 1 0 0 0 0 1 1 1 1 0 28325 17.9671
0 0 1 1 0 1 1 1 0 1 1 0 1 1 0 1 1 0 1 0 28330 18.8149
0 0 0 1 1 0 1 1 1 0 1 0 0 0 0 1 1 0 1 0 28336 18.3185
1 0 1 0 0 0 1 0 0 1 1 0 1 1 0 1 1 1 1 0 28340 17.6211
1 1 1 0 1 0 1 0 1 0 1 0 0 1 0 0 1 1 0 1 28344 17.9402
0 0 0 1 0 0 1 0 0 1 1 0 1 1 0 1 1 0 1 1 28349 17.5481
0 0 1 0 1 0 1 1 1 0 1 0 0 0 0 1 1 0 1 1 28353 18.3633
1 0 0 0 0 1 1 1 0 1 1 0 1 1 0 1 1 1 1 1 28359 18.4730
1 0 1 1 1 1 1 0 1 0 1 0 0 0 0 1 1 1 1 1 28363 18.9214
1 1 0 0 0 1 1 0 0 1 1 0 1 0 0 0 0 1 0 0 28368 16.9428
0 1 1 0 1 1 1 1 1 0 1 0 0 0 0 0 0 0 0 0 28370 18.8748
1 1 0 0 1 1 1 0 1 0 1 0 0 0 0 0 0 1 0 1 28372 18.6580
0 1 1 0 1 1 1 1 1 0 1 0 0 0 0 0 1 0 0 1 28375 18.9782
0 1 0 1 0 0 1 0 0 1 1 0 1 1 0 0 0 0 0 0 28377 17.6304
0 1 0 0 0 0 1 0 0 1 1 0 1 1 0 0 1 0 0 0 28380 17.7524
0 1 1 1 1 1 1 0 1 0 1 0 0 0 0 0 0 0 0 0 28383 18.9607
1 1 0 1 0 1 1 0 0 1 1 0 1 1 0 0 1 1 0 0 28385 17.5894
1 1 0 0 0 1 1 1 0 1 1 0 1 1 0 0 0 1 0 0 28387 17.5188
1 1 1 0 0 0 1 0 0 1 1 0 1 1 0 0 1 1 0 0 28390 17.2539
0 0 1 1 1 0 1 0 1 0 1 0 0 0 0 0 1 0 1 1 28392 19.1885
1 0 1 1 1 1 1 1 1 0 0 0 0 0 0 0 0 1 1 0 28393 18.8407
0 0 0 0 0 0 1 1 0 1 0 0 1 1 0 1 0 0 1 1 28396 18.6654
0 0 1 1 0 0 1 1 0 1 0 0 1 1 0 0 0 0 1 1 28399 17.9875
1 1 1 1 0 0 1 1 0 0 1 0 1 1 0 0 1 1 0 1 28400 17.6633
0 0 1 0 1 0 1 1 1 0 0 0 0 0 0 0 0 0 1 1 28403 18.6065
1 0 1 0 0 0 1 1 0 1 0 0 1 1 0 1 0 1 1 1 28406 18.3982
0 1 0 1 1 1 1 0 0 0 1 0 0 1 0 0 1 0 0 0 28409 18.4605
1 0 1 1 1 0 0 1 1 0 0 0 0 0 1 1 0 1 1 1 28410 18.5698
1 0 0 0 1 0 1 1 1 0 0 0 0 0 0 0 0 1 1 1 28413 18.7941
0 0 0 1 0 1 0 1 0 1 0 0 1 1 1 1 0 0 1 1 28416 17.1950
1 1 1 0 0 1 1 1 0 0 1 0 1 0 0 0 0 1 0 0 28417 18.3432
0 1 1 0 1 1 1 1 0 0 1 0 0 1 0 0 0 0 0 0 28419 17.4251
0 0 1 1 1 0 1 1 1 0 0 0 0 0 0 0 1 0 1 0 28422 18.3650
0 1 1 1 1 0 1 1 0 0 1 0 0 1 0 0 0 0 0 1 28424 17.8830
1 0 0 0 0 0 1 1 0 1 0 0 1 1 0 1 1 1 1 0 28426 17.8244
1 1 0 0 1 1 1 1 0 0 1 0 0 1 0 0 0 1 0 0 28429 18.2281
1 0 1 0 1 1 1 1 1 0 0 0 0 0 0 1 1 1 1 0 28432 18.4413
1 1 0 1 0 0 1 0 0 0 1 0 1 0 0 0 0 1 0 1 28434 16.4080
0 0 0 0 0 1 1 1 0 1 0 0 1 1 0 0 1 0 1 1 28437 18.5056
1 0 0 1 0 1 0 1 0 1 0 0 1 1 1 1 1 1 1 0 28439 17.2931
0 1 1 0 1 1 1 1 1 0 1 0 0 1 0 0 1 0 1 1 28441 19.4259
0 0 0 0 0 0 1 0 0 1 1 0 1 1 0 1 1 0 0 0 28446 16.1849
0 0 1 1 1 0 1 1 1 0 1 0 0 0 0 1 1 0 0 0 28450 17.9977
1 0 0 1 0 1 1 1 0 1 1 0 1 1 0 1 1 1 0 0 28456 17.1172
1 0 1 0 1 1 1 0 1 0 1 0 0 0 0 1 1 1 0 0 28460 17.7841
0 1 1 1 0 0 1 1 0 1 1 0 1 0 0 0 0 0 1 0 28465 17.6375
0 0 0 1 1 1 1 0 1 0 1 0 0 0 0 1 1 0 0 1 28469 17.6398
1 0 1 0 0 1 1 1 0 1 1 0 1 1 0 1 1 1 0 1 28473 18.3294
1 0 0 0 1 0 1 1 1 0 1 0 0 0 0 1 1 1 0 1 28479 18.2706
0 0 1 0 0 0 1 0 0 1 1 0 1 1 0 1 1 0 0 1 28484 16.4097
1 1 1 0 0 1 1 0 0 1 1 0 1 0 0 0 1 1 1 0 28488 18.8118
0 0 1 1 1 1 1 1 1 0 1 0 0 0 0 0 1 0 0 0 28490 18.4266
1 1 1 1 1 0 1 1 1 0 1 0 0 0 0 0 1 1 1 0 28492 18.8489
1 0 1 1 0 0 1 1 0 1 1 0 1 1 0 0 0 1 0 1 28495 17.6696
0 1 1 0 0 1 1 1 0 1 1 0 1 1 0 0 1 0 1 1 28497 19.6432
0 1 1 1 1 0 1 1 1 0 1 0 0 0 0 0 0 0 1 1 28500 19.1799
0 1 0 0 1 0 1 1 1 0 1 0 0 0 0 0 1 0 1 1 28503 19.0087
1 0 1 1 1 0 1 0 1 0 1 0 0 0 0 0 0 1 0 0 28505 18.2130
1 1 1 1 0 0 1 0 0 1 1 0 1 1 0 0 1 1 1 1 28507 18.6676
1 1 0 1 1 0 1 1 1 0 1 0 0 0 0 0 0 1 1 1 28510 19.0153
0 1 1 1 1 0 1 0 1 0 1 0 0 0 0 0 1 0 1 1 28512 19.1738
0 0 0 0 0 0 1 1 0 1 0 0 1 1 0 0 0 0 0 1 28514 17.4218
0 1 1 1 0 1 1 1 0 0 1 0 1 1 0 0 1 0 1 0 28516 18.5572
0 1 1 0 0 0 1 1 0 0 1 0 1 1 0 0 1 0 1 1 28519 18.6634
1 1 1 1 0 1 1 1 0 0 1 0 1 0 0 0 1 1 1 1 28520 18.9877
1 0 1 0 0 1 1 1 0 1 0 0 1 1 0 0 0 1 0 1 28523 17.8599
1 1 0 1 0 1 1 1 0 0 1 0 1 1 0 0 1 1 1 0 28526 18.4158
0 0 1 1 1 0 0 1 1 0 0 0 0 0 1 1 0 0 0 0 28529 16.4501
1 0 1 1 1 0 1 1 1 0 0 0 0 0 0 1 0 1 0 1 28530 18.5980
0 0 0 1 0 1 1 1 0 1 0 0 1 1 0 0 0 0 0 1 28534 17.1274
0 0 0 1 0 1 1 1 0 1 0 0 1 1 0 1 0 0 0 1 28536 17.7062
1 0 0 1 0 0 1 1 0 1 0 0 1 1 0 0 1 1 0 1 28537 17.8195
0 0 0 1 1 1 1 1 1 0 0 0 0 0 0 1 1 0 0 1 28539 18.7720
1 1 0 0 0 1 1 0 0 0 1 0 1 0 0 0 0 1 1 1 28542 18.1051
0 1 1 1 1 1 1 1 0 0 1 0 0 0 0 0 0 0 1 1 28544 18.6807
1 1 1 1 1 1 1 1 0 0 1 0 0 1 0 0 0 1 1 1 28546 19.0647
1 0 1 1 1 1 1 1 1 0 0 0 0 0 0 1 1 1 0 1 28549 18.7447
0 1 0 1 0 0 1 0 0 0 1 0 1 0 0 0 0 0 1 0 28553 18.3015
1 1 0 1 0 1 1 0 0 0 1 0 1 1 0 0 0 1 1 1 28554 17.6469
0 1 1 1 1 1 1 0 0 0 1 0 0 0 0 0 0 0 1 0 28557 18.5003
1 0 0 1 0 1 1 1 0 1 0 0 1 1 0 1 1 1 0 0 28559 16.9412
1 1 1 1 0 0 1 1 0 1 0 0 1 0 0 0 0 1 1 1 28561 17.6560
1 0 0 1 0 1 1 1 0 0 1 0 1 0 0 1 1 1 1 0 28564 17.1696
0 1 1 1 1 0 0 1 1 0 0 0 0 1 1 0 0 0 1 1 28566 17.4236
1 1 0 0 1 1 1 1 1 0 0 0 0 1 0 0 0 1 1 1 28568 19.2789
1 1 0 0 0 0 1 1 0 1 0 0 1 0 0 1 0 1 1 1 28570 17.5415
0 0 1 0 0 1 1 1 0 0 1 0 1 0 0 1 1 0 1 0 28573 18.2426
1 0 1 0 0 0 1 1 0 0 1 0 1 0 0 1 1 1 1 0 28575 17.5610
0 1 1 1 1 0 1 1 1 0 0 0 0 1 0 1 0 0 1 1 28577 18.3682
1 0 1 0 1 0 1 0 0 0 1 0 0 1 0 1 1 1 1 0 28579 18.0488
1 0 1 0 0 1 1 0 0 0 1 0 1 1 0 1 1 1 1 0 28581 17.8647
1 0 1 1 1 1 1 0 0 0 1 0 0 1 0 1 1 1 0 0 28584 17.4814
1 1 1 1 1 1 1 1 1 0 0 0 0 1 0 0 0 1 0 0 28587 18.0069
0 1 1 1 0 1 0 1 0 1 0 0 1 0 1 0 0 0 1 0 28590 17.4534
0 0 1 1 0 1 1 1 0 0 1 0 1 0 0 1 1 0 0 1 28592 18.5507
0 0 1 1 0 0 1 1 0 0 1 0 1 0 0 1 1 0 0 1 28594 18.2445
0 1 1 0 1 0 1 1 1 0 0 0 0 1 0 1 0 0 0 0 28596 16.9768
0 0 1 0 1 0 1 1 0 0 1 0 0 0 0 1 1 0 1 1 28599 18.4362
1 0 1 1 1 1 1 1 0 0 1 0 0 1 0 1 1 1 1 1 28600 18.8452
0 1 0 0 1 0 0 1 1 0 0 0 0 1 1 0 0 0 1 0 28603 17.8270
1 1 0 1 1 0 1 1 1 0 0 0 0 1 0 0 0 1 1 0 28604 18.1569
0 1 0 0 0 1 1 1 0 1 0 0 1 0 0 1 0 0 1 0 28608 17.9092
0 1 1 0 0 0 1 1 0 1 0 0 1 1 0 0 0 0 1 0 28610 17.9362
0 0 1 1 1 1 1 1 0 0 1 0 0 1 0 0 1 0 0 0 28612 18.5531
0 0 1 0 0 1 1 1 0 0 1 0 1 0 0 0 1 0 0 1 28615 19.2387
1 0 1 1 1 0 1 1 0 0 1 0 0 1 0 0 1 1 0 1 28616 18.1844
1 0 0 1 0 1 1 0 0 0 1 0 1 0 0 0 1 1 0 0 28619 18.2031
1 0 0 1 1 1 1 1 0 0 1 0 0 1 0 0 1 1 0 0 28622 17.8743
0 1 1 1 1 0 1 1 1 0 0 0 0 0 0 1 0 0 1 0 28625 18.7181
0 1 0 0 0 1 1 1 0 1 0 0 1 1 0 0 0 0 1 0 28627 17.8811
0 0 1 0 0 1 1 0 0 0 1 0 1 0 0 0 1 0 0 0 28630 18.8858
0 0 1 1 0 0 1 0 0 0 1 0 1 0 0 0 1 0 0 1 28632 18.7642
1 0 1 0 0 1 1 1 0 0 1 0 1 0 0 0 1 1 1 0 28633 17.8162
1 1 0 1 0 0 1 1 0 1 0 0 1 1 0 1 0 1 0 1 28635 17.6752
1 0 0 0 0 1 1 0 0 0 1 0 1 0 0 0 1 1 1 1 28638 18.4566
0 1 0 0 1 1 1 1 1 0 0 0 0 0 0 0 0 0 0 0 28640 18.3561
1 1 0 0 1 1 1 1 1 0 0 0 0 0 0 1 0 1 0 0 28642 18.0464
0 1 1 0 0 0 1 1 0 1 0 0 1 1 0 1 0 0 0 1 28646 17.5983
0 1 1 1 0 1 1 1 0 1 0 0 1 1 0 1 0 0 0 0 28649 17.1597
1 0 0 1 0 0 1 0 0 0 1 0 1 0 0 0 1 1 1 1 28650 18.7473
0 1 0 0 1 0 1 1 1 0 0 0 0 0 0 0 0 0 0 1 28653 18.5747
1 0 1 1 1 0 1 0 0 0 1 0 0 0 0 0 1 1 1 0 28655 18.4255
0 1 0 0 0 1 1 1 0 0 0 0 1 0 0 0 0 0 1 1 28657 18.0752
0 0 1 0 1 1 0 1 0 0 0 0 0 0 1 0 1 0 1 0 28657 18.7163
1 1 1 0 1 1 1 1 0 0 0 0 0 0 0 0 0 1 1 0 28657 18.4423
0 1 0 1 1 0 0 1 0 0 0 0 0 1 1 0 0 0 1 1 28658 18.1145
1 0 0 1 0 0 1 1 0 0 0 0 1 1 0 0 1 1 1 1 28658 18.6985
0 1 0 1 0 1 1 1 0 0 0 0 1 0 0 1 0 0 0 1 28659 17.9885
1 1 1 0 1 1 1 1 0 0 0 0 0 1 0 0 0 1 1 0 28659 18.4854
1 0 1 1 0 0 1 1 0 0 0 0 1 0 0 0 1 1 1 0 28660 18.3223
0 0 0 1 1 0 1 1 0 0 0 0 0 1 0 1 1 0 1 1 28661 18.9958
0 0 0 0 0 1 1 1 0 0 0 0 1 0 0 1 1 0 1 1 28662 18.6525
1 0 1 1 1 1 1 1 0 0 0 0 0 1 0 0 1 1 0 0 28662 17.0409
0 0 0 0 1 0 0 1 0 0 0 0 0 1 1 0 1 0 1 0 28663 18.0318
1 1 0 0 1 0 1 1 0 0 0 0 0 1 0 0 0 1 1 0 28663 18.6476
0 0 1 1 0 0 0 1 0 0 0 0 1 1 1 0 1 0 1 1 28664 17.7165
1 1 1 1 0 0 1 1 0 0 0 0 1 1 0 0 0 1 1 1 28664 17.6800
1 0 0 1 1 1 0 1 0 0 0 0 0 0 1 0 1 1 1 0 28664 19.0006
1 0 0 1 0 0 1 1 0 0 0 0 1 1 0 1 1 1 0 0 28665 16.9026
0 0 0 0 1 1 1 1 0 0 0 0 0 0 0 1 1 0 0 0 28666 17.3255
0 0 1 0 0 1 1 1 0 0 0 0 1 1 0 0 1 0 0 1 28667 17.2841
0 1 1 1 0 0 1 1 0 0 0 0 1 0 0 0 0 0 0 1 28668 17.6320
1 1 0 0 1 0 1 1 0 0 0 0 0 1 0 1 0 1 1 0 28668 18.3357
1 1 1 1 0 1 1 1 0 0 0 0 1 0 0 1 0 1 0 1 28669 18.4431
0 1 0 1 1 1 1 1 0 0 0 0 0 1 0 0 0 0 1 0 28670 18.4840
0 0 0 0 0 0 1 1 0 0 0 0 1 0 0 0 1 0 1 1 28671 18.4350
1 0 1 1 1 0 1 1 0 0 0 0 0 1 0 1 1 1 0 0 28671 17.4813
1 0 1 0 0 1 1 1 0 0 0 0 1 0 0 1 1 1 0 0 28672 17.6409
0 0 1 1 0 1 1 1 0 0 0 0 1 1 0 1 1 0 0 0 28673 17.0831
1 0 0 1 0 0 0 1 0 0 0 0 1 0 1 1 1 1 1 0 28673 17.3251
0 1 0 1 0 0 1 1 0 0 0 0 1 0 0 1 0 0 1 1 28674 18.4299
0 0 1 1 1 0 0 1 0 0 0 0 0 0 1 1 1 0 0 1 28674 17.2069
1 1 1 1 1 0 1 1 0 0 0 0 0 0 0 1 0 1 0 1 28674 18.4041
0 0 0 0 1 0 1 1 0 0 0 0 0 0 0 0 1 0 0 0 28675 18.1536
0 0 1 0 0 0 1 1 0 0 0 0 1 1 0 1 1 0 1 1 28676 18.5325
1 0 1 0 1 1 1 1 0 0 0 0 0 0 0 1 1 1 1 1 28676 18.9616
1 0 0 0 0 1 1 1 0 0 0 0 1 1 0 0 1 1 0 1 28677 17.7213
1 1 0 1 0 0 1 1 0 0 0 0 1 0 0 0 0 1 0 1 28678 17.8058
0 0 0 1 0 0 1 1 0 0 0 0 1 0 0 1 1 0 0 0 28679 18.2978
1 1 1 1 0 0 0 1 0 0 0 0 1 0 1 1 0 1 1 0 28679 16.7856
1 0 1 1 1 0 1 1 0 0 0 0 0 0 0 1 1 1 1 0 28679 18.1330
0 1 0 1 1 1 0 1 0 0 0 0 0 1 1 1 0 0 0 1 28680 17.1798
1 0 0 1 0 1 1 1 0 0 0 0 1 1 0 1 1 1 0 1 28680 17.6229
1 0 0 0 1 1 1 1 0 0 1 0 0 0 0 1 0 1 0 0 28681 17.6347
1 1 1 0 1 1 1 1 1 0 0 0 0 1 0 0 1 1 0 1 28684 18.3332
1 0 0 1 0 0 1 0 0 0 1 0 1 1 0 1 0 1 1 0 28686 16.8755
0 0 1 0 0 1 1 1 0 0 1 0 1 1 0 1 0 0 0 0 28689 15.9782
1 1 0 0 0 0 1 1 0 1 0 0 1 0 0 1 1 1 1 1 28690 18.1968
0 1 0 1 1 1 1 1 1 0 0 0 0 1 0 0 1 0 0 1 28693 18.0726
1 0 1 0 1 0 1 1 0 0 1 0 0 0 0 1 0 1 1 0 28695 18.0333
1 1 1 1 0 1 1 1 0 1 0 0 1 0 0 1 1 1 1 1 28697 19.1652
1 1 0 0 1 0 0 1 1 0 0 0 0 1 1 0 1 1 1 1 28699 18.9972
1 1 0 1 1 0 1 1 1 0 0 0 0 1 0 1 1 1 0 1 28701 18.0602
0 0 0 0 0 1 1 1 0 0 1 0 1 0 0 1 0 0 0 1 28705 17.7965
0 1 1 0 0 0 1 1 0 1 0 0 1 0 0 0 1 0 0 0 28708 16.7326
0 1 1 1 0 1 0 1 0 1 0 0 1 0 1 0 1 0 1 0 28710 18.3789
0 1 0 0 1 1 1 1 1 0 0 0 0 1 0 0 1 0 1 0 28712 18.7265
0 0 1 1 1 0 1 1 0 0 1 0 0 0 0 1 0 0 0 1 28714 18.0254
1 1 1 0 0 1 1 1 0 1 0 0 1 0 0 1 1 1 0 0 28716 17.6320
0 1 0 1 1 1 1 1 1 0 0 0 0 1 0 1 1 0 0 0 28719 18.0631
1 1 1 0 1 1 1 1 1 0 0 0 0 1 0 1 1 1 1 0 28720 18.5015
1 0 1 0 0 0 1 0 0 0 1 0 1 1 0 1 0 1 1 1 28723 17.3821
0 1 0 1 0 1 1 1 0 1 0 0 1 0 0 1 1 0 0 0 28725 17.4248
0 0 1 1 1 1 1 0 0 0 1 0 0 1 0 1 0 0 0 1 28728 17.2242
0 1 1 0 0 0 1 1 0 1 0 0 1 1 0 0 1 0 1 0 28730 18.0135
1 0 1 1 0 1 1 1 0 0 1 0 1 1 0 0 0 1 0 0 28732 16.4135
0 0 1 0 1 1 1 1 0 0 1 0 0 0 0 0 0 0 0 1 28735 18.5308
1 1 0 0 1 1 1 1 1 0 0 0 0 0 0 0 1 1 1 0 28736 18.5952
1 1 1 0 1 0 1 1 1 0 0 0 0 0 0 0 1 1 1 1 28739 18.9258
0 0 0 0 0 1 1 1 0 0 1 0 1 1 0 0 0 0 0 1 28743 16.7648
1 0 0 1 0 1 1 0 0 0 1 0 1 1 0 0 0 1 0 0 28745 16.2995
0 0 1 1 1 1 1 0 0 0 1 0 0 0 0 0 0 0 0 1 28747 18.4428
0 1 0 1 1 0 1 1 1 0 0 0 0 0 0 0 1 0 1 1 28750 18.6686
0 0 1 1 1 0 1 0 0 0 1 0 0 0 0 0 0 0 0 1 28752 18.5150
1 0 1 0 1 1 1 1 0 0 1 0 0 0 0 0 0 1 1 0 28753 18.5221
1 0 1 0 1 1 1 1 0 0 1 0 0 1 0 0 0 1 1 0 28755 18.5697
1 1 1 1 1 0 1 1 1 0 0 0 0 0 0 0 1 1 0 0 28758 18.3500
1 0 1 1 0 0 1 1 0 0 1 0 1 1 0 0 0 1 1 1 28760 17.7131
0 1 1 0 0 1 1 1 0 1 0 0 1 1 0 0 1 0 0 1 28763 18.3229
0 0 0 1 1 1 1 1 0 0 1 0 0 1 0 0 0 0 1 0 28766 19.0657
0 1 1 1 0 1 1 1 0 1 0 0 1 1 0 1 1 0 0 0 28769 17.5627
1 0 0 1 1 0 1 0 0 0 1 0 0 0 0 0 0 1 1 1 28770 18.8640
1 1 0 0 0 1 1 1 0 1 0 0 1 1 0 0 1 1 0 1 28773 17.9156
1 1 0 1 1 0 0 1 1 0 0 0 0 0 1 1 1 1 0 0 28775 17.2346
0 0 1 0 0 1 1 1 0 0 0 0 1 0 0 0 0 0 1 0 28777 17.8013
1 0 0 0 0 0 0 1 0 0 0 0 1 1 1 0 0 1 1 1 28777 17.5708
1 1 0 0 1 0 1 1 0 0 0 0 0 1 0 0 1 1 1 1 28777 18.9246
0 0 1 1 1 0 0 1 0 0 0 0 0 1 1 0 0 0 1 0 28778 18.3596
1 1 1 1 0 0 1 1 0 0 0 0 1 1 0 0 1 1 1 0 28778 18.2922
0 1 1 0 0 0 1 1 0 0 0 0 1 0 0 0 1 0 1 0 28779 18.1419
1 1 0 1 1 0 1 1 0 0 0 0 0 1 0 1 1 1 0 1 28779 18.2566
1 1 0 0 0 1 1 1 0 0 0 0 1 0 0 1 1 1 0 1 28780 18.5361
0 1 1 0 1 1 1 1 0 0 0 0 0 1 0 0 1 0 0 0 28781 17.9145
0 0 1 1 1 0 1 1 0 0 0 0 0 0 0 0 0 0 0 0 28782 17.7701
0 0 0 0 0 0 1 1 0 0 0 0 1 1 0 0 0 0 1 0 28783 17.0862
0 1 1 0 1 0 0 1 0 0 0 0 0 1 1 0 1 0 1 1 28783 18.4678
1 0 1 0 1 0 1 1 0 0 0 0 0 1 0 0 0 1 1 1 28783 19.2469
0 1 0 1 0 1 0 1 0 0 0 0 1 0 1 0 1 0 1 0 28784 18.1941
1 0 0 1 0 1 1 1 0 0 0 0 1 0 0 0 0 1 1 0 28784 17.9744
1 1 1 1 1 1 0 1 0 0 0 0 0 0 1 0 1 1 1 1 28784 18.9573
1 1 1 0 0 1 1 1 0 0 0 0 1 1 0 0 1 1 1 1 28785 18.5910
1 0 1 1 0 0 1 1 0 0 0 0 1 0 0 0 0 1 1 1 28786 18.2767
0 0 0 1 1 0 1 1 0 0 0 0 0 1 0 1 0 0 1 0 28787 18.3580
0 0 0 0 0 1 1 1 0 0 0 0 1 0 0 1 0 0 1 0 28788 17.5121
1 0 1 1 1 1 1 1 0 0 0 0 0 1 0 0 0 1 0 1 28788 18.4080
1 1 0 0 0 0 1 1 0 0 0 0 1 0 0 0 1 1 1 0 28789 18.2898
0 1 1 0 1 0 1 1 0 0 0 0 0 1 0 1 1 0 0 1 28790 18.3428
0 1 1 1 0 1 1 1 0 0 0 0 1 0 0 1 1 0 0 0 28791 17.6827
1 1 0 0 1 1 1 1 0 0 0 0 0 1 0 0 1 1 1 1 28791 18.9084
1 0 0 1 1 0 1 1 0 0 0 0 0 0 0 0 0 1 1 1 28792 18.9415
0 0 0 1 1 0 1 1 0 0 0 0 0 0 0 1 0 0 1 0 28793 18.3069
1 1 1 1 0 0 0 1 0 0 0 0 1 0 1 1 1 1 0 0 28793 17.3065
0 0 1 1 0 0 1 1 0 0 0 0 1 0 0 1 0 0 0 1 28794 18.2240
0 1 0 1 1 1 0 1 0 0 0 0 0 1 1 1 1 0 1 1 28794 17.6839
1 0 0 1 1 1 1 1 0 0 0 0 0 1 0 1 0 1 1 1 28794 19.1504
0 1 1 1 1 1 1 1 0 0 0 0 0 0 0 1 1 0 1 1 28795 19.1410
0 1 0 1 0 1 1 1 0 0 0 0 1 1 0 0 1 0 0 0 28796 16.9162
0 0 0 0 0 0 1 1 0 0 0 0 1 0 0 0 0 0 0 1 28797 17.8982
1 0 1 1 1 0 1 1 0 0 0 0 0 1 0 1 0 1 1 0 28797 18.3527
1 0 1 0 0 1 1 1 0 0 0 0 1 0 0 1 0 1 1 0 28798 16.2013
0 1 1 1 0 0 1 1 0 0 0 0 1 0 0 1 1 0 1 0 28799 18.4107
1 0 0 1 0 1 0 1 0 0 0 0 1 1 1 1 0 1 0 0 28799 15.2546
1 1 0 1 1 1 1 1 0 0 0 0 0 1 0 1 1 1 0 0 28799 17.5722
0 0 1 1 1 1 0 1 0 0 0 0 0 1 1 1 0 0 1 1 28800 17.6255
1 1 1 1 0 1 1 1 0 0 0 0 1 1 0 1 1 1 1 1 28800 18.5478
0 0 1 0 0 0 1 1 0 1 1 0 1 0 1 1 0 0 0 1 28802 15.7043
0 1 1 1 0 0 1 1 0 1 1 0 1 0 1 1 0 0 1 0 28807 16.0901
1 1 0 1 0 0 1 0 0 1 1 0 0 0 0 1 1 1 0 0 28811 17.1800
0 1 1 0 1 0 1 0 1 0 1 0 0 1 1 1 0 0 1 0 28817 16.8942
0 1 0 1 0 1 1 1 0 1 1 0 1 0 1 1 0 0 1 0 28822 16.6555
0 1 0 0 1 1 1 1 1 0 1 0 0 0 1 1 0 0 1 0 28826 17.4742
0 1 1 1 1 0 1 1 1 0 1 0 0 0 1 1 0 0 1 0 28836 17.5771
1 0 1 0 1 1 1 0 1 0 1 0 1 1 0 0 1 1 0 1 28846 17.9805
0 1 1 1 0 0 1 1 0 1 1 0 1 1 1 1 0 0 0 0 28855 16.1243
0 1 1 0 1 0 1 0 1 0 1 0 0 0 1 1 0 0 0 0 28865 17.3439
1 1 0 0 0 1 1 1 0 0 1 0 0 0 0 1 1 1 0 0 28873 17.7068
0 0 1 1 1 0 1 1 1 0 0 0 0 1 1 0 0 0 1 1 28878 17.1024
1 1 1 1 0 0 1 1 0 0 1 0 0 0 0 1 1 1 0 0 28882 17.8371
1 1 1 0 0 1 1 1 0 0 1 0 0 1 0 1 1 1 1 0 28887 18.1647
1 1 1 0 1 0 1 0 0 0 1 0 1 1 0 1 1 1 1 0 28891 17.7000
1 1 1 1 1 1 1 0 0 0 1 0 1 1 0 1 1 1 0 0 28896 16.7348
0 1 0 1 0 0 1 0 0 0 1 0 1 1 1 1 0 0 1 0 28902 16.2062
0 1 1 1 0 1 1 1 0 0 1 0 1 1 1 1 0 0 0 0 28906 15.1190
0 1 1 0 1 0 1 1 0 0 1 0 0 0 1 1 0 0 1 0 28911 16.9717
0 1 1 0 1 1 1 0 0 0 1 0 0 0 1 1 0 0 1 0 28915 17.3010
0 1 1 1 0 1 1 0 0 0 1 0 1 1 1 1 0 0 0 0 28920 15.1846
0 1 0 0 1 1 1 0 1 0 1 0 0 1 1 1 0 0 1 1 28924 18.9251
1 0 1 1 1 1 1 1 1 0 1 0 1 1 0 1 1 1 1 0 28928 19.1093
1 1 0 1 1 0 1 1 1 0 1 0 1 1 0 1 1 1 0 1 28934 18.7492
0 1 0 0 0 1 1 1 0 1 1 0 1 0 1 1 0 0 0 1 28939 17.2409
0 1 0 1 0 1 1 0 0 1 1 0 1 0 1 1 0 0 1 1 28944 17.6900
1 1 1 0 0 0 1 1 0 1 1 0 0 1 0 1 1 1 1 1 28951 19.0181
1 1 0 0 1 0 1 0 1 0 1 0 1 0 0 1 1 1 1 1 28961 19.3874
0 1 0 0 0 0 1 1 0 1 1 0 1 1 1 1 0 0 0 1 28970 17.3664
1 0 0 1 1 1 1 0 1 0 1 0 1 1 0 0 1 1 1 0 28979 18.6716
0 1 0 1 1 0 1 1 1 0 1 0 0 0 1 1 0 0 0 1 28990 19.0324
1 1 0 1 1 1 1 1 0 0 1 0 1 0 0 1 1 1 1 1 28996 18.9869
0 0 0 1 0 0 1 1 0 1 0 0 1 0 1 1 0 0 1 0 29001 15.2003
0 0 0 1 1 1 1 1 1 0 0 0 0 1 1 0 0 0 0 0 29005 17.5812
1 1 0 0 0 1 1 0 0 0 1 0 0 1 0 1 1 1 0 1 29009 18.1998
1 1 1 0 1 1 1 0 0 0 1 0 1 1 0 1 1 1 1 1 29013 18.5228
0 1 0 1 0 1 1 1 0 0 1 0 1 0 1 1 0 0 1 1 29020 18.1231
0 1 1 1 1 1 1 1 0 0 1 0 0 0 1 1 0 0 0 1 29024 18.4405
1 0 1 0 0 1 1 1 0 1 0 0 0 0 0 1 1 1 0 0 29028 18.2048
1 0 1 0 1 1 1 1 1 0 0 0 1 1 0 1 1 1 1 0 29032 17.9384
0 1 1 0 0 1 1 0 0 0 1 0 1 1 1 1 0 0 1 1 29037 17.1749
1 1 1 0 1 0 1 1 1 0 1 0 1 1 0 0 1 1 0 1 29043 18.5818
0 0 1 0 1 1 1 0 1 0 1 0 0 0 1 1 0 0 1 0 29054 17.7661
1 1 1 1 1 0 1 0 1 0 1 0 1 1 0 0 1 1 0 1 29063 18.5712
0 1 0 0 0 0 1 1 0 1 1 0 1 0 1 0 0 0 0 0 29072 16.1943
0 1 1 0 1 0 1 0 1 0 1 0 0 1 1 0 0 0 0 0 29082 17.2142
1 0 1 0 1 1 1 1 1 0 1 0 1 0 0 0 1 1 1 0 29089 19.4175
1 1 0 0 1 1 1 0 1 0 1 0 1 0 0 0 1 1 0 1 29094 19.3326
0 1 1 0 0 1 1 1 0 1 1 0 1 1 1 0 0 0 0 1 29099 17.0959
0 1 1 1 0 1 1 0 0 1 1 0 1 1 1 0 0 0 0 0 29105 17.3552
1 1 1 1 0 0 1 0 0 1 1 0 0 1 0 0 1 1 0 0 29109 17.7129
0 0 1 1 1 1 1 1 1 0 0 0 0 0 1 0 0 0 1 0 29113 18.5677
0 0 1 1 0 1 1 1 0 1 0 0 1 1 1 0 0 0 1 0 29118 17.9110
0 0 0 0 1 1 1 1 1 0 0 0 0 0 1 1 0 0 1 0 29122 16.4603
1 1 0 1 0 1 1 1 0 0 1 0 0 1 0 0 1 1 0 1 29128 18.1619
1 1 1 0 1 1 1 0 0 0 1 0 1 0 0 0 1 1 0 1 29132 18.9752
0 1 1 0 0 0 1 1 0 0 1 0 1 1 1 0 0 0 0 0 29137 16.3102
0 1 0 1 1 1 1 0 0 0 1 0 0 0 1 0 0 0 0 1 29141 17.6927
1 0 0 1 0 0 1 1 0 1 0 0 0 1 0 1 1 1 1 0 29145 17.8840
1 0 1 1 1 1 1 1 1 0 0 0 1 0 0 1 1 1 1 0 29151 19.5256
0 1 1 0 0 1 1 0 0 0 1 0 1 0 1 0 0 0 0 1 29156 18.1856
1 0 0 1 0 1 1 1 0 1 0 0 0 1 0 1 1 1 1 1 29160 19.4683
1 1 0 1 0 0 1 1 0 1 1 0 0 0 0 0 1 1 1 1 29168 18.6942
1 1 0 0 1 0 1 0 1 0 1 0 1 1 0 0 1 1 1 1 29178 19.3997
0 0 0 1 1 1 1 0 1 0 1 0 0 0 1 1 0 0 0 1 29187 17.5676
1 1 0 0 1 0 1 1 1 0 1 0 1 1 0 0 1 1 1 0 29197 19.3036
1 1 1 1 0 1 1 0 0 1 1 0 0 0 0 0 1 1 1 0 29207 18.7648
1 1 1 0 1 0 1 1 1 0 1 0 1 0 0 0 1 1 1 0 29211 19.4270
1 0 1 1 0 0 1 1 0 1 1 0 0 1 0 0 1 1 0 1 29216 17.8588
0 1 1 0 1 1 1 0 1 0 1 0 0 0 1 0 0 0 1 1 29222 18.7181
1 0 0 1 1 0 1 0 1 0 1 0 1 0 0 0 1 1 0 1 29226 19.5164
1 1 1 1 1 0 1 0 1 0 1 0 1 0 0 0 1 1 1 0 29231 19.4858
0 0 0 1 0 0 1 1 0 1 0 0 1 1 1 1 0 0 0 1 29235 15.2705
0 0 1 0 0 0 1 1 0 1 0 0 1 1 1 0 0 0 0 1 29240 17.1348
1 1 0 0 0 1 1 1 0 0 1 0 0 1 0 0 1 1 1 0 29245 18.6031
0 0 1 1 1 0 1 1 1 0 0 0 0 0 1 1 0 0 0 1 29250 17.2911
1 1 1 1 0 0 1 0 0 0 1 0 0 0 0 0 1 1 1 0 29255 18.1184
1 0 1 0 0 0 1 1 0 1 0 0 0 1 0 0 1 1 0 0 29258 17.5672
1 0 0 1 1 1 1 1 1 0 0 0 1 0 0 0 1 1 0 0 29263 18.8438
1 0 1 1 1 0 1 1 1 0 0 0 1 0 0 0 1 1 0 1 29268 20.0527
0 1 0 1 0 0 1 0 0 0 1 0 1 0 1 0 0 0 1 1 29274 17.7126
0 1 1 1 0 1 1 0 0 0 1 0 1 1 1 0 0 0 1 0 29279 17.3740
1 0 0 0 0 1 1 1 0 0 1 0 0 0 0 1 1 1 1 0 29283 17.7367
1 0 1 0 1 1 1 1 0 0 1 0 1 0 0 1 1 1 0 0 29287 18.4524
0 1 1 0 0 1 1 1 0 1 0 0 1 0 1 1 0 0 0 1 29292 15.8588
1 0 1 1 0 1 1 1 0 0 1 0 0 1 0 1 1 1 1 0 29296 18.5639
1 0 1 1 1 0 1 0 0 0 1 0 1 1 0 1 1 1 1 0 29300 17.8077
1 0 0 1 1 1 1 1 0 0 1 0 1 0 0 1 1 1 0 1 29306 18.6258
0 1 0 1 0 0 1 1 0 1 0 0 1 0 1 0 0 0 1 0 29311 16.9396
0 1 1 1 1 0 1 1 1 0 0 0 0 1 1 1 0 0 0 0 29315 14.9129
0 1 0 0 1 1 1 1 1 0 0 0 0 1 1 1 0 0 0 0 29320 15.9411
0 1 0 1 1 0 1 1 1 0 0 0 0 1 1 0 0 0 1 0 29324 17.7444
1 0 1 0 0 0 1 1 0 0 1 0 0 1 0 0 1 1 0 0 29329 17.8106
0 1 1 1 1 0 1 1 1 0 0 0 0 0 1 0 0 0 1 0 29334 18.4833
1 0 1 1 0 1 1 1 0 0 1 0 0 1 0 0 1 1 0 1 29338 18.4330
1 0 0 1 1 1 1 1 0 0 1 0 1 1 0 0 1 1 0 1 29344 17.3773
0 1 0 0 0 1 1 1 0 1 0 0 1 1 1 0 0 0 1 1 29349 18.0048
0 1 1 1 0 0 1 1 0 1 0 0 1 1 1 0 0 0 0 0 29353 17.0450
1 0 0 1 0 1 1 0 0 0 1 0 0 0 0 0 1 1 1 1 29357 18.3666
1 0 1 0 1 1 1 1 0 0 1 0 1 1 0 0 1 1 1 1 29361 18.3820
0 1 1 0 0 0 1 1 0 1 0 0 1 1 1 1 0 0 0 0 29368 15.2170
0 1 0 1 1 0 1 1 1 0 0 0 0 0 1 0 0 0 0 0 29372 18.2101
1 0 1 1 1 0 1 0 0 0 1 0 1 0 0 0 1 1 1 1 29376 18.8301
1 0 1 0 0 1 1 1 0 0 0 0 0 0 0 0 1 1 1 0 29377 18.4105
1 0 0 1 0 0 0 1 0 0 0 0 0 1 1 0 1 1 1 1 29378 18.4346
1 0 0 1 0 0 1 1 0 0 0 0 0 1 0 1 1 1 0 1 29379 16.2626
0 1 0 1 0 1 1 1 0 0 0 0 1 0 1 1 0 0 1 1 29381 16.4965
1 0 1 1 0 1 1 1 0 0 0 0 0 1 0 0 1 1 0 0 29382 18.2269
1 0 0 0 0 1 0 1 0 0 0 0 0 0 1 0 1 1 1 0 29383 18.7115
0 1 0 1 1 1 1 1 0 0 0 0 0 0 1 0 0 0 1 0 29384 17.9290
0 1 0 1 1 1 1 1 0 0 0 0 0 0 1 1 0 0 0 0 29385 15.8804
1 0 1 1 1 1 1 1 0 0 0 0 1 1 0 0 1 1 1 1 29386 18.4170
1 0 1 1 0 0 1 1 0 0 0 0 0 0 0 0 1 1 0 1 29388 18.4157
0 1 1 0 0 0 1 1 0 0 0 0 1 1 1 1 0 0 0 1 29390 15.2213
1 0 1 1 0 1 1 1 0 0 0 0 0 0 0 1 1 1 0 0 29391 18.1084
0 1 1 1 0 0 1 1 0 0 0 0 1 0 1 1 0 0 0 0 29393 15.6330
1 0 0 1 1 1 0 1 0 0 0 0 1 1 1 1 1 1 1 0 29393 17.0585
1 0 0 1 0 1 1 1 0 0 0 0 0 1 0 1 1 1 1 1 29394 18.9908
1 0 1 1 1 1 1 1 0 0 0 0 1 0 0 1 1 1 1 1 29395 18.8215
0 1 0 0 1 1 1 1 0 0 0 0 0 1 1 0 0 0 0 1 29397 18.0700
0 1 0 1 0 0 0 1 0 0 0 0 1 0 0 1 0 0 0 0 29399 17.5261
1 0 0 1 1 0 1 1 0 0 0 0 1 0 0 1 1 1 0 0 29399 18.0978
1 0 1 1 0 0 0 1 0 0 0 0 0 0 1 1 1 1 1 1 29400 17.9552
1 1 1 1 1 1 1 1 1 0 0 0 1 1 0 0 1 1 0 1 29403 18.5276
0 0 1 1 0 1 1 1 0 0 1 0 1 0 1 1 0 0 0 0 29408 16.6060
0 0 0 1 1 1 1 0 0 0 1 0 0 1 1 1 0 0 1 0 29412 17.6814
1 1 0 0 1 1 1 1 1 0 0 0 1 1 0 1 1 1 0 1 29416 18.3985
1 1 0 1 1 0 1 1 1 0 0 0 1 1 0 0 1 1 1 1 29420 19.4774
0 0 0 0 0 1 1 1 0 0 1 0 1 0 1 1 0 0 1 1 29427 17.0819
0 0 1 0 1 1 1 1 0 0 1 0 0 0 1 1 0 0 0 1 29431 16.0021
1 1 1 1 0 1 1 1 0 1 0 0 0 0 0 1 1 1 0 0 29435 18.4285
0 0 1 1 1 1 1 1 0 0 1 0 0 1 1 1 0 0 1 1 29440 18.7148
1 1 0 1 0 1 0 1 0 1 0 0 0 0 1 0 1 1 1 0 29444 19.0339
1 1 1 1 0 0 1 1 0 1 0 0 0 1 0 0 1 1 1 0 29449 18.4178
1 1 1 1 0 1 1 1 0 1 0 0 0 1 0 0 1 1 1 0 29454 19.3611
1 1 0 0 1 1 1 1 1 0 0 0 1 0 0 1 1 1 1 0 29458 18.6824
0 0 0 1 0 0 1 0 0 0 1 0 1 0 1 0 0 0 0 0 29465 17.4575
0 0 1 1 1 1 1 0 0 0 1 0 0 0 1 0 0 0 0 0 29469 18.2528
0 0 1 0 1 0 1 1 0 0 1 0 0 1 1 0 0 0 1 0 29473 17.1988
1 1 1 0 1 0 1 1 1 0 0 0 1 0 0 0 1 1 0 0 29477 19.3976
0 0 1 1 0 1 1 1 0 0 1 0 1 1 1 0 0 0 1 1 29482 18.0901
0 0 0 1 1 1 1 1 0 0 1 0 0 1 1 0 0 0 1 1 29488 18.3737
1 1 0 1 0 1 1 1 0 1 0 0 0 1 0 0 1 1 0 0 29492 18.3986
1 1 0 1 1 0 1 1 1 0 0 0 1 0 0 1 1 1 0 1 29496 19.5863
1 1 0 0 1 0 0 1 0 0 0 0 1 1 1 0 1 1 1 1 29497 18.5584
1 1 0 1 0 0 1 1 0 0 0 0 0 1 0 0 1 1 1 1 29498 17.4719
1 1 0 1 0 1 1 1 0 0 0 0 0 0 0 1 1 1 0 1 29499 17.3992
0 0 1 0 0 1 1 1 0 0 0 0 1 1 1 0 0 0 0 0 29501 16.2233
1 1 1 1 1 0 1 1 0 0 0 0 1 0 0 0 1 1 0 0 29502 18.6822
1 1 0 0 0 1 1 1 0 0 0 0 0 0 0 0 1 1 1 0 29503 18.3177
0 0 1 1 1 1 0 1 0 0 0 0 0 0 0 0 0 0 1 1 29504 18.1540
0 0 1 0 1 1 1 1 0 0 0 0 0 1 1 0 0 0 1 1 29505 18.4011
0 0 1 0 0 0 1 1 0 0 0 0 1 0 1 0 0 0 0 1 29507 17.5023
1 1 0 0 0 0 1 1 0 0 0 0 0 1 0 1 1 1 1 0 29508 17.8629
0 0 1 0 0 1 1 1 0 0 0 0 1 0 1 1 0 0 0 1 29510 17.1536
1 1 0 0 0 1 1 1 0 0 0 0 0 1 0 0 1 1 1 1 29511 18.8290
0 0 0 1 0 1 0 1 0 0 0 0 1 1 0 1 0 0 1 0 29513 16.4792
1 1 0 1 1 1 1 1 0 0 0 0 1 1 0 1 1 1 1 0 29513 17.8346
1 1 1 1 0 1 0 1 0 0 0 0 0 1 1 1 1 1 0 1 29514 17.7630
1 1 0 0 1 1 1 1 0 0 0 0 1 1 0 0 1 1 0 0 29515 17.1471
1 1 0 0 0 0 1 1 0 0 0 0 0 0 0 0 1 1 0 1 29517 18.4589
0 0 0 1 0 0 1 1 0 0 0 0 1 0 1 1 0 0 0 0 29519 15.0138
1 1 1 1 1 0 0 1 0 0 0 0 1 0 1 1 1 1 1 0 29519 17.5544
1 1 1 1 0 0 1 1 0 0 0 0 0 0 0 1 1 1 1 1 29520 18.3804
1 0 1 1 0 0 1 1 0 1 1 0 0 0 0 1 0 1 0 1 29522 18.2337
1 1 1 0 0 0 1 1 0 1 1 0 0 0 0 1 0 1 1 0 29527 17.6878
1 1 0 0 0 0 1 0 0 1 1 0 0 0 0 1 0 1 0 0 29532 17.7344
1 1 0 0 1 0 1 0 1 0 1 0 1 1 0 1 0 1 1 0 29537 17.6286
0 0 0 0 0 1 1 0 0 1 1 0 1 0 1 1 1 0 1 1 29543 17.6573
1 0 1 0 1 0 1 1 1 0 1 0 1 1 0 0 0 1 0 1 29547 17.3479
0 1 1 0 1 1 1 0 1 0 1 0 0 0 1 1 1 0 1 0 29558 17.6545
1 1 1 0 1 0 1 0 1 0 1 0 1 0 0 1 0 1 1 0 29567 17.6788
0 1 1 0 0 0 1 1 0 1 1 0 1 1 1 1 1 0 0 0 29576 16.2310
0 1 1 1 1 0 1 0 1 0 1 0 0 0 1 1 1 0 0 0 29586 17.4719
1 1 0 1 0 1 1 1 0 0 1 0 0 0 0 1 0 1 0 0 29594 17.6987
1 1 0 1 1 1 1 0 0 0 1 0 1 0 0 1 0 1 1 0 29598 17.3673
0 0 1 1 0 1 1 1 0 1 0 0 1 0 1 1 1 0 0 1 29603 16.8924
0 0 1 0 0 0 1 1 0 1 0 0 1 0 1 1 1 0 1 1 29608 16.8129
0 0 0 1 1 0 0 1 1 0 0 0 0 1 0 0 1 0 1 1 29612 18.4193
1 0 1 1 1 1 1 1 1 0 0 0 1 1 0 0 0 1 1 1 29617 18.4422
1 0 1 1 0 1 0 1 0 1 0 0 0 0 1 0 0 1 1 1 29622 18.5726
1 0 1 0 0 0 1 1 0 1 0 0 0 0 0 1 0 1 0 1 29626 17.8734
1 0 0 1 1 1 1 1 1 0 0 0 1 1 0 1 0 1 0 1 29631 17.4806
1 0 0 0 1 0 1 1 1 0 0 0 1 1 0 0 0 1 1 1 29635 17.7365
0 0 1 1 0 0 1 1 0 1 1 0 1 0 1 1 1 0 0 0 29641 15.8636
0 1 1 0 1 0 1 1 1 0 1 0 0 1 1 1 1 0 0 1 29645 17.9442
1 1 1 0 0 1 1 1 0 1 1 0 0 0 0 1 0 1 1 1 29649 19.1278
1 1 0 0 1 0 1 1 1 0 1 0 1 1 0 1 0 1 1 1 29655 18.7491
0 1 0 1 0 1 1 1 0 1 1 0 1 0 1 1 1 0 0 1 29660 18.0138
1 1 1 1 0 1 1 0 0 1 1 0 0 0 0 1 0 1 1 1 29664 18.9064
1 1 1 1 0 0 1 1 0 1 1 0 0 1 0 1 0 1 1 1 29672 19.2922
1 1 0 1 1 0 1 0 1 0 1 0 1 0 0 1 0 1 1 1 29682 18.4263
0 1 0 1 1 1 1 0 1 0 1 0 0 0 1 1 1 0 0 1 29691 18.7666
1 0 0 0 1 0 1 1 1 0 1 0 1 1 0 0 0 1 1 0 29701 17.0534
1 1 1 0 0 1 1 0 0 1 1 0 0 1 0 1 0 1 0 1 29711 18.8599
0 0 1 0 1 0 1 1 1 0 0 0 0 1 1 0 1 0 1 0 29717 18.3595
1 1 1 0 0 0 1 1 0 0 1 0 0 0 0 1 0 1 0 1 29721 18.4340
0 0 0 0 1 1 1 1 1 0 0 0 0 1 1 0 1 0 0 0 29726 17.8016
1 1 0 1 0 1 1 0 0 0 1 0 0 1 0 1 0 1 0 1 29730 18.3734
1 1 1 1 1 1 1 0 0 0 1 0 1 1 0 1 0 1 1 1 29734 17.6958
0 1 0 0 0 0 1 0 0 0 1 0 1 1 1 1 1 0 1 1 29741 18.2528
0 1 1 0 0 1 1 1 0 0 1 0 1 1 1 1 1 0 0 1 29745 17.2696
1 0 0 1 0 0 1 1 0 1 0 0 0 0 0 0 0 1 0 0 29749 17.9414
1 0 1 1 1 0 1 1 1 0 0 0 1 1 0 1 0 1 1 0 29753 16.9086
0 1 1 1 0 1 1 0 0 0 1 0 1 1 1 1 1 0 1 1 29758 17.9927
1 0 0 1 1 1 1 0 1 0 1 0 1 0 0 1 0 1 1 0 29765 18.0914
0 1 1 0 1 1 1 0 1 0 1 0 0 1 1 0 1 0 0 1 29776 18.0958
1 1 1 0 1 0 1 0 1 0 1 0 1 1 0 0 0 1 0 1 29784 17.5262
0 1 0 1 1 1 1 0 1 0 1 0 0 1 1 0 1 0 0 0 29793 18.0755
1 0 1 1 1 1 1 0 1 0 1 0 1 0 0 1 0 1 1 1 29803 18.9997
0 0 1 0 1 1 1 1 1 0 1 0 0 0 1 0 1 0 1 0 29810 18.7276
0 1 1 1 1 1 1 1 1 0 1 0 0 0 1 0 1 0 0 1 29815 19.1808
0 1 1 1 0 1 1 1 0 1 1 0 1 1 1 0 1 0 0 1 29820 18.8640
1 1 0 1 0 1 1 0 0 1 1 0 0 1 0 0 0 1 0 0 29825 18.7149
1 1 1 0 0 0 1 0 0 1 1 0 0 1 0 0 0 1 0 0 29830 17.9045
1 1 1 0 1 1 1 1 0 0 1 0 1 0 0 0 0 1 0 0 29833 18.3439
0 0 0 1 0 0 1 1 0 1 0 0 1 1 1 0 1 0 1 0 29839 17.9859
0 0 1 0 1 0 1 1 1 0 0 0 0 0 1 0 1 0 1 1 29843 18.2759
0 0 1 1 1 0 0 1 1 0 0 0 0 0 0 1 1 0 1 0 29849 18.3433
1 1 1 1 1 1 1 0 0 0 1 0 1 0 0 0 0 1 0 0 29853 18.2338
1 0 0 1 0 0 1 1 0 1 0 0 0 1 0 0 0 1 1 1 29857 18.8699
0 1 0 0 1 1 1 0 0 0 1 0 0 0 1 0 1 0 0 1 29862 18.0257
1 0 0 0 0 0 1 1 0 1 0 0 0 1 0 1 0 1 1 0 29866 18.1373
1 0 1 0 1 1 1 1 1 0 0 0 1 0 0 1 0 1 1 0 29872 17.9313
0 1 1 1 0 1 1 0 0 0 1 0 1 0 1 0 1 0 0 0 29877 18.9114
0 1 1 1 1 1 1 1 1 0 1 0 0 1 1 0 1 0 1 1 29881 19.6650
0 1 0 0 1 1 1 0 1 0 1 0 0 1 1 0 1 0 1 1 29890 18.6720
1 0 1 0 1 1 1 0 1 0 1 0 1 0 0 1 0 1 0 0 29900 18.0426
0 1 1 0 1 0 1 1 1 0 1 0 0 1 1 0 1 0 1 0 29909 18.8132
1 0 0 0 1 0 1 1 1 0 1 0 1 0 0 1 0 1 0 1 29919 18.0869
1 1 1 0 0 1 1 0 0 1 1 0 0 0 0 0 0 1 1 0 29928 18.6301
1 1 1 1 1 0 1 1 1 0 1 0 1 0 0 0 0 1 1 0 29932 18.4000
0 1 0 1 0 0 1 0 0 1 1 0 1 1 1 0 1 0 1 0 29937 18.3793
0 1 1 1 1 1 1 0 1 0 1 0 0 0 1 0 1 0 1 0 29943 18.9128
1 1 1 1 0 0 1 0 0 1 1 0 0 1 0 0 0 1 1 1 29947 19.0288
0 1 0 1 1 0 1 0 1 0 1 0 0 0 1 0 1 0 1 1 29952 18.5362
0 0 0 0 0 0 1 1 0 1 0 0 1 1 1 1 1 0 0 1 29956 16.3090
1 1 1 1 0 1 1 1 0 0 1 0 0 0 0 0 0 1 1 1 29960 18.6203
1 1 0 1 0 1 1 1 0 0 1 0 0 1 0 0 0 1 1 0 29966 18.8178
1 1 0 1 1 1 1 0 0 0 1 0 1 1 0 0 0 1 1 1 29970 15.4827
0 0 0 1 0 1 0 1 0 1 0 0 1 1 0 1 1 0 0 1 29976 17.9407
0 1 1 0 1 1 1 1 0 0 1 0 0 1 1 0 1 0 1 0 29979 18.5599
0 1 1 1 1 0 1 1 0 0 1 0 0 1 1 0 1 0 1 1 29984 19.2914
1 0 1 1 1 1 1 1 1 0 0 0 1 0 0 1 0 1 0 1 29989 18.9230
1 0 1 1 0 1 0 1 0 1 0 0 0 1 1 1 0 1 0 1 29994 18.1122
1 0 0 1 0 1 1 1 0 1 0 0 0 1 0 1 0 1 0 0 29999 17.9209
1 0 0 1 0 1 1 1 0 0 1 0 0 0 0 1 0 1 1 0 30004 17.5667
1 0 1 1 1 1 1 1 0 0 1 0 1 0 0 1 0 1 0 0 30008 17.8930
0 1 0 1 0 0 1 1 0 1 0 0 1 0 1 0 1 0 0 1 30013 16.5587
0 1 1 1 1 0 1 1 1 0 0 0 0 1 1 1 1 0 1 1 30017 17.7689
1 0 1 0 0 1 1 0 0 0 1 0 0 1 0 1 0 1 1 0 30021 18.0618
1 0 0 0 1 1 1 1 0 0 1 0 1 0 0 1 0 1 1 1 30027 17.8767
0 1 0 0 0 0 1 1 0 1 0 0 1 0 1 0 1 0 1 0 30032 17.7544
0 1 1 0 1 0 1 1 1 0 0 0 0 1 1 1 1 0 0 0 30036 15.8327
1 0 1 1 1 0 1 1 0 0 1 0 1 0 0 1 0 1 1 1 30040 18.0997
1 0 1 1 1 1 1 0 0 0 1 0 1 0 0 1 0 1 1 1 30044 18.1157
0 1 0 0 0 0 1 1 0 1 0 0 1 1 1 0 1 0 1 1 30050 18.3198
0 1 1 1 0 0 1 1 0 1 0 0 1 1 1 0 1 0 1 1 30055 17.9843
1 0 0 1 0 1 1 0 0 0 1 0 0 0 0 0 0 1 0 0 30059 17.6403
0 1 1 1 1 0 1 1 1 0 0 0 0 0 1 1 1 0 1 0 30065 16.6701
0 1 0 1 0 1 1 1 0 1 0 0 1 1 1 0 1 0 1 1 30070 18.1381
1 0 1 0 0 1 1 1 0 0 1 0 0 0 0 0 0 1 1 0 30073 18.0147
1 0 0 0 0 1 1 0 0 0 1 0 0 0 0 0 0 1 1 1 30078 17.9137
1 0 1 1 1 1 1 1 0 0 1 0 1 1 0 0 0 1 1 1 30082 17.4771
0 1 1 1 0 1 0 1 0 1 0 0 1 1 0 1 1 0 0 0 30089 17.7950
0 1 0 0 1 0 1 1 1 0 0 0 0 0 1 0 1 0 0 1 30093 18.3512
0 1 1 0 0 0 0 1 0 0 0 0 1 1 0 0 1 0 1 0 30097 17.9177
1 0 1 0 1 0 1 1 0 0 0 0 1 1 0 0 0 1 1 0 30097 17.0871
1 0 0 1 0 1 0 1 0 0 0 0 0 0 1 0 0 1 1 1 30098 17.0406
1 0 0 1 1 0 1 1 0 0 0 0 1 1 0 1 0 1 0 1 30099 16.5622
0 1 0 1 1 1 1 1 0 0 0 0 0 0 1 1 1 0 1 1 30101 17.4922
1 0 1 1 1 1 1 1 0 0 0 0 1 1 0 0 0 1 0 0 30102 16.1623
1 0 0 0 1 0 0 1 0 0 0 0 1 1 1 0 0 1 1 0 30103 17.5596
1 0 0 1 0 0 1 1 0 0 0 0 0 1 0 0 0 1 1 0 30104 18.4830
1 0 0 1 0 1 1 1 0 0 0 0 0 0 0 1 0 1 0 0 30105 17.4208
0 1 1 0 0 1 1 1 0 0 0 0 1 1 1 0 1 0 0 1 30107 17.1727
1 0 1 1 1 0 1 1 0 0 0 0 1 0 0 0 0 1 0 1 30108 18.0635
0 1 1 0 1 0 1 1 0 0 0 0 0 1 1 1 1 0 0 1 30110 16.9213
1 0 1 1 1 1 1 1 0 0 0 0 1 0 0 1 0 1 0 0 30111 17.5561
0 1 1 1 0 1 1 1 0 0 0 0 1 1 1 1 1 0 0 0 30113 15.1099
0 1 0 1 0 0 0 1 0 0 0 0 1 0 0 1 1 0 1 1 30114 18.7839
1 0 0 1 1 0 1 1 0 0 0 0 1 0 0 1 0 1 1 1 30114 18.1363
0 1 1 0 0 1 1 1 0 0 0 0 1 0 1 1 1 0 1 1 30116 17.6121
1 0 0 0 0 1 1 1 0 0 0 0 0 1 0 0 0 1 0 1 30117 17.6653
0 1 0 1 0 1 0 1 0 0 0 0 1 1 0 1 1 0 0 0 30119 16.6434
1 0 0 1 1 1 1 1 0 0 0 0 1 1 0 1 0 1 0 0 30119 15.6673
1 0 1 1 0 1 0 1 0 0 0 0 0 1 1 1 0 1 1 1 30120 18.5604
1 1 1 0 1 1 1 1 1 0 0 0 1 1 0 0 0 1 0 1 30124 17.5848
0 0 1 0 0 0 1 1 0 0 1 0 1 0 1 1 1 0 0 0 30129 17.1803
0 0 1 0 1 1 1 1 0 0 1 0 0 0 1 1 1 0 1 0 30133 17.6650
1 1 1 1 0 1 1 1 0 1 0 0 0 0 0 1 0 1 1 1 30137 18.7625
1 1 0 1 1 0 1 1 1 0 0 0 1 1 0 1 0 1 0 1 30141 17.5999
0 0 0 1 0 1 1 1 0 0 1 0 1 0 1 1 1 0 1 1 30148 18.4150
0 0 1 1 1 1 1 1 0 0 1 0 0 0 1 1 1 0 0 1 30152 18.5130
1 1 1 0 0 1 1 1 0 1 0 0 0 0 0 1 0 1 0 0 30156 18.3367
1 1 1 0 1 1 1 1 1 0 0 0 1 1 0 1 0 1 1 0 30160 18.1167
0 0 1 0 0 1 1 0 0 0 1 0 1 1 1 1 1 0 1 1 30165 17.4598
0 0 1 1 0 1 1 1 0 0 1 0 1 0 1 0 1 0 0 0 30170 19.1617
0 0 1 0 1 0 1 1 0 0 1 0 0 1 1 0 1 0 0 1 30175 17.9840
1 1 1 0 1 0 1 1 1 0 0 0 1 0 0 0 0 1 1 1 30179 18.6439
1 1 1 1 0 1 0 1 0 1 0 0 0 1 1 1 0 1 1 0 30185 18.5307
0 0 1 0 1 1 1 0 0 0 1 0 0 0 1 0 1 0 0 0 30190 16.5450
1 1 0 1 1 1 1 1 1 0 0 0 1 0 0 0 0 1 0 1 30193 18.8647
1 1 1 1 1 0 1 1 1 0 0 0 1 0 0 0 0 1 0 0 30198 18.5320
0 0 0 1 0 1 1 0 0 0 1 0 1 0 1 0 1 0 1 0 30203 16.5548
0 0 0 1 0 1 1 0 0 0 1 0 1 1 1 0 1 0 1 0 30209 17.3954
1 1 0 0 0 1 1 1 0 1 0 0 0 1 0 0 0 1 0 1 30213 19.0246
0 0 1 0 0 0 1 1 0 0 0 0 1 1 1 0 1 0 1 0 30217 18.1363
1 1 0 0 1 1 0 1 0 0 0 0 1 0 1 0 0 1 1 1 30217 18.4901
1 1 0 1 0 1 1 1 0 0 0 0 0 0 0 0 0 1 1 1 30218 18.5282
1 1 0 1 1 1 1 1 0 0 0 0 1 0 0 1 0 1 0 1 30219 18.1429
0 0 1 0 1 1 1 1 0 0 0 0 0 1 1 0 1 0 0 0 30221 18.0700
0 0 0 0 0 0 0 1 0 0 0 0 1 1 0 0 1 0 1 0 30223 18.1094
1 1 0 0 1 0 1 1 0 0 0 0 1 1 0 0 0 1 1 0 30223 17.2594
1 1 1 1 0 0 0 1 0 0 0 0 0 1 1 0 0 1 1 1 30224 18.7997
1 1 1 0 0 1 1 1 0 0 0 0 0 1 0 0 0 1 1 1 30225 18.9099
0 0 1 0 1 0 1 1 0 0 0 0 0 0 1 0 1 0 0 1 30227 18.2428
1 1 0 0 1 0 1 1 0 0 0 0 1 1 0 1 0 1 1 0 30228 16.9460
0 0 1 0 1 1 1 1 0 0 0 0 0 0 1 1 1 0 0 1 30230 17.2412
1 1 0 0 1 1 1 1 0 0 0 0 1 1 0 0 0 1 1 1 30231 17.6181
0 0 0 1 1 0 0 1 0 0 0 0 0 0 0 1 1 0 1 0 30233 17.9750
0 0 0 1 0 0 1 1 0 0 0 0 1 0 1 1 1 0 1 1 30234 17.2755
1 1 1 1 1 0 0 1 0 0 0 0 1 0 1 1 0 1 0 1 30234 17.8418
0 0 0 1 0 1 1 1 0 0 0 0 1 1 1 0 1 0 0 0 30236 17.0297
1 1 0 0 1 0 1 1 0 0 0 0 1 0 0 0 0 1 0 1 30237 18.4273
0 0 0 1 0 1 1 1 0 0 0 0 1 1 1 1 1 0 0 0 30239 15.1636
1 1 1 1 1 1 0 1 0 0 0 0 1 1 1 1 0 1 1 0 30239 16.0966
1 1 1 1 0 1 1 1 0 0 0 0 0 1 0 1 0 1 1 1 30240 18.9781
0 0 0 1 0 0 1 1 0 1 1 1 0 0 1 0 1 0 0 0 30245 18.3569
0 0 0 0 0 1 1 0 0 1 1 1 0 0 1 0 1 1 0 0 30249 18.6444
1 1 0 1 0 0 1 1 1 1 1 0 1 1 1 1 0 0 1 1 30253 18.6111
1 1 1 1 1 1 1 0 1 1 1 0 1 0 1 1 0 1 1 1 30257 19.8481
0 0 1 1 0 1 1 1 0 1 1 1 0 0 1 0 1 1 0 0 30262 19.5128
0 0 0 1 1 1 1 0 1 0 1 1 1 1 1 0 1 1 1 0 30268 18.9093
1 1 0 0 0 0 1 1 1 1 1 0 1 1 1 1 0 1 0 1 30272 19.0009
1 1 1 0 1 1 1 0 1 1 1 0 1 0 1 1 0 0 0 1 30276 18.3647
0 0 0 0 0 1 1 1 0 1 1 1 0 0 1 0 1 0 1 0 30281 18.2519
0 0 1 0 1 0 1 1 1 0 1 1 1 1 1 0 1 1 1 0 30285 19.2329
0 0 1 1 1 0 1 0 1 0 0 1 1 1 1 0 1 0 0 0 30292 17.1750
1 1 1 0 1 0 1 0 0 1 1 0 1 0 1 1 0 1 1 1 30302 18.6635
0 0 1 1 0 1 1 1 0 1 0 1 0 0 1 0 1 0 1 0 30312 18.1652
0 0 1 1 1 1 1 0 1 0 0 1 1 1 1 0 1 1 1 0 30320 18.9397
1 1 1 1 0 0 1 0 1 0 1 0 0 1 1 1 0 0 1 1 30330 16.8099
1 1 1 0 1 0 1 1 0 1 1 0 0 0 1 1 0 1 0 1 30337 19.2575
0 0 1 1 0 0 1 0 0 1 0 1 0 0 0 0 1 0 1 0 30343 17.5419
0 0 0 1 1 1 1 1 1 0 0 1 1 1 0 0 1 1 0 0 30347 18.3224
0 0 1 0 1 0 1 1 1 0 0 1 1 1 0 0 1 0 1 0 30353 18.7306
1 1 0 0 1 1 1 1 0 1 1 0 0 0 1 1 0 0 1 1 30357 18.4777
0 1 0 1 0 0 1 0 0 1 1 1 0 0 1 0 1 0 0 0 30362 17.9636
1 0 1 1 0 1 1 1 1 1 1 0 1 1 1 1 0 1 1 1 30366 20.1668
1 0 0 0 1 1 1 0 1 1 1 0 0 0 1 1 0 1 1 1 30370 18.3436
1 0 1 1 1 0 1 0 1 1 1 0 1 0 1 1 0 1 1 1 30375 18.3641
0 1 1 0 0 0 1 1 0 1 1 1 0 0 1 0 1 0 0 0 30380 18.3021
0 1 0 0 0 0 1 0 0 1 1 1 0 1 1 0 1 0 0 0 30385 17.5353
0 0 0 1 1 1 1 0 1 0 1 1 1 0 1 0 1 1 1 0 30388 19.7749
0 1 0 1 0 0 1 1 0 1 1 1 0 1 1 0 1 1 0 0 30390 18.0979
1 1 0 0 0 1 1 1 1 1 1 0 0 1 1 0 0 1 0 1 30392 18.9708
0 0 0 1 1 0 1 0 1 0 1 1 1 0 1 0 1 1 1 0 30394 19.1469
1 1 1 0 1 0 1 0 1 1 1 0 0 0 1 0 0 0 0 1 30396 17.2239
0 1 1 0 1 0 1 0 1 0 1 1 1 0 1 0 1 1 0 0 30399 19.5700
0 0 0 0 0 1 1 1 0 1 1 1 0 1 1 0 1 0 1 0 30401 18.6603
1 1 0 0 0 0 1 1 1 1 1 0 0 1 1 0 0 1 0 1 30403 18.2121
0 0 1 0 1 0 1 1 1 0 1 1 1 0 1 0 1 1 1 0 30405 20.1970
0 1 1 1 1 0 1 1 1 0 1 1 1 0 1 0 1 0 0 0 30408 19.7982
0 1 0 0 0 0 0 1 0 0 1 1 0 1 1 1 1 1 0 0 30413 17.8226
0 1 0 0 0 1 0 0 0 0 1 1 0 1 1 1 1 1 0 0 30417 17.5948
1 0 1 1 1 0 1 1 1 1 0 0 0 0 1 1 0 0 1 1 30419 16.0669
1 0 0 0 1 0 1 1 1 1 0 0 1 0 1 0 0 0 1 1 30422 17.9208
0 1 1 0 0 0 0 1 0 0 1 1 0 1 1 1 1 1 0 0 30427 18.5964
1 0 0 1 0 1 1 1 1 1 0 0 1 1 1 1 0 0 1 1 30429 18.0480
1 0 1 1 1 1 1 1 1 1 0 0 0 0 1 0 0 1 1 1 30435 18.4720
1 0 1 0 0 0 1 1 1 1 0 0 0 1 1 0 0 1 1 1 30438 17.6665
1 0 1 0 0 0 0 1 1 1 0 0 1 1 0 1 0 1 1 1 30442 18.4619
1 0 0 1 0 0 1 1 1 1 0 0 1 1 1 0 0 1 1 1 30445 18.5089
0 0 0 1 1 0 1 0 1 0 0 1 1 0 1 0 1 1 1 0 30448 18.6433
1 0 0 0 0 0 1 1 1 1 0 0 0 1 1 0 0 1 1 1 30452 17.6720
0 0 0 0 0 0 1 0 0 1 0 1 0 1 0 0 1 1 1 0 30457 18.3371
1 1 0 1 1 0 1 0 0 1 1 0 0 0 1 0 0 0 0 1 30465 18.2155
0 0 1 0 1 1 1 1 1 0 0 1 1 0 0 0 1 1 1 0 30476 19.6277
1 0 1 1 1 0 1 1 1 1 1 0 1 0 1 1 0 0 0 1 30483 18.2254
0 1 1 1 0 0 1 0 0 1 1 1 0 0 1 0 1 0 1 0 30488 17.8975
0 1 0 1 1 0 1 1 1 0 1 1 1 1 1 0 1 1 1 0 30492 19.3167
1 0 1 0 1 1 1 0 1 1 1 0 0 0 1 1 0 1 0 1 30496 18.4941
1 0 0 1 1 1 1 1 1 1 1 0 1 0 1 1 0 1 0 1 30500 19.4163
0 0 0 1 0 0 1 0 0 1 1 1 0 1 1 0 1 0 0 0 30506 17.2756
0 0 0 0 0 0 1 1 0 1 1 1 0 1 1 0 1 1 0 0 30509 17.7619
1 0 1 1 0 1 1 1 1 1 1 0 1 1 1 0 0 1 0 1 30510 19.8091
0 1 0 0 0 1 1 0 0 1 1 1 0 1 1 0 1 1 1 0 30513 19.3709
1 0 0 0 1 1 1 0 1 1 1 0 0 0 1 0 0 1 0 1 30514 19.2813
1 1 0 1 0 0 1 1 1 1 1 0 1 1 1 0 0 0 1 1 30517 18.6280
1 0 1 1 1 0 1 0 1 1 1 0 1 0 1 0 0 1 0 1 30519 19.2627
1 1 1 1 1 1 1 0 1 1 1 0 1 0 1 0 0 1 1 1 30521 20.0682
0 0 1 0 0 0 1 1 0 1 1 1 0 1 1 0 1 0 0 0 30524 17.5690
0 1 1 1 0 1 1 1 0 1 1 1 0 1 1 0 1 1 1 0 30526 20.4569
0 0 0 1 1 1 1 0 1 0 0 1 1 0 1 0 1 0 0 0 30530 18.4980
1 1 1 0 1 1 1 1 0 1 1 0 1 0 1 0 0 1 1 1 30533 19.2493
1 0 1 1 1 1 1 1 1 1 0 0 0 0 1 1 0 0 0 1 30537 17.1005
1 0 1 0 0 1 1 1 1 1 0 0 1 1 1 1 0 0 0 1 30540 17.1170
1 0 0 1 0 0 0 1 1 1 0 0 1 1 0 1 0 0 0 1 30543 18.6846
1 1 0 0 1 1 1 1 0 1 1 0 1 0 1 0 0 1 1 1 30547 19.2982
1 0 0 0 0 0 1 1 1 1 0 0 0 1 1 1 0 0 0 1 30550 16.2132
1 0 1 0 0 0 1 1 1 1 0 0 1 1 1 0 0 1 0 1 30556 18.4631
0 0 1 1 1 1 1 0 1 0 0 1 1 0 1 0 1 1 0 0 30560 19.1655
0 1 0 0 1 1 1 1 0 0 1 1 1 1 1 0 1 0 1 0 30563 18.2015
1 0 0 0 0 1 1 1 1 1 0 0 0 1 1 0 0 1 0 1 30566 18.6063
1 1 1 1 1 1 1 0 0 1 1 0 1 0 1 0 0 0 1 1 30569 18.0376
0 1 1 0 1 0 1 1 0 0 1 1 1 0 1 0 1 0 1 0 30573 18.3876
1 1 1 1 1 0 1 1 0 1 1 0 0 0 1 0 0 1 1 1 30578 19.6903
0 0 1 1 1 1 1 1 1 0 0 1 1 0 0 0 1 0 0 0 30589 19.5359
0 0 1 0 1 0 1 1 1 0 0 1 1 0 0 0 1 1 0 0 30599 19.7813
1 0 1 1 0 1 1 1 1 0 1 0 0 1 1 1 0 1 1 1 30607 18.9305
1 0 1 0 1 1 1 0 0 1 1 0 1 0 1 1 0 1 1 1 30617 18.5263
0 0 0 0 0 0 1 0 0 0 1 1 0 1 1 0 1 1 0 0 30627 17.8806
1 1 1 1 1 1 1 1 1 1 0 0 1 0 1 0 0 0 1 1 30629 18.1475
0 0 0 1 0 0 1 0 0 0 1 1 0 0 1 0 1 1 0 0 30634 17.9061
1 1 1 0 1 1 1 1 1 1 0 0 1 0 1 1 0 0 1 1 30636 17.3126
1 1 0 1 1 1 1 1 1 1 0 0 0 0 1 1 0 0 1 1 30639 17.0490
1 1 0 1 1 1 1 1 1 1 0 0 1 0 1 0 0 0 1 1 30643 18.5513
1 1 0 0 1 0 1 1 1 1 0 0 0 0 1 1 0 0 1 1 30646 16.1379
1 1 1 0 1 0 1 1 1 1 0 0 1 0 1 0 0 0 0 1 30652 18.1506
0 0 0 0 0 0 1 0 0 0 1 1 0 0 1 0 1 1 1 0 30657 18.0198
1 1 1 1 0 1 1 1 1 1 0 0 1 1 1 1 0 0 0 1 30659 17.0803
1 1 0 0 1 1 1 1 1 1 0 0 0 0 1 0 0 0 0 1 30662 18.0994
1 0 1 0 1 1 1 0 0 1 1 0 1 0 1 0 0 1 1 1 30666 19.2835
1 1 0 1 0 0 1 1 1 1 0 0 0 1 1 1 0 0 0 1 30669 16.1533
0 1 0 1 0 1 1 0 0 0 0 1 0 0 1 0 1 0 0 0 30674 17.1640
0 1 0 0 0 0 1 1 0 0 0 1 0 1 1 0 1 0 1 0 30677 17.6879
1 1 1 1 0 0 1 1 1 0 0 0 0 1 1 0 0 0 1 1 30678 16.6541
0 0 1 0 1 0 1 0 0 0 0 1 1 0 1 0 1 1 0 0 30681 18.0660
1 0 1 0 1 0 1 1 0 1 0 0 1 0 1 1 0 1 0 1 30682 17.1226
1 0 0 1 1 0 1 1 0 1 0 0 1 0 1 0 0 1 0 1 30685 17.5369
1 1 1 1 1 0 1 1 0 1 0 0 1 0 1 1 0 0 1 1 30687 16.5620
0 0 0 1 0 1 1 1 0 0 0 1 0 1 1 0 1 1 0 0 30690 18.2499
0 0 1 1 0 1 1 1 0 0 0 1 0 0 1 0 1 1 1 0 30692 19.1395
0 0 1 1 1 1 1 1 0 0 0 1 1 1 1 0 1 1 1 0 30694 18.6632
1 1 1 1 1 0 1 1 0 1 0 0 0 0 1 0 0 0 1 1 30697 17.8174
1 1 1 1 0 0 0 1 1 0 0 0 1 1 0 0 0 0 1 1 30702 17.3450
1 1 1 0 0 1 1 1 1 0 0 0 1 1 1 1 0 0 0 1 30706 16.1176
1 1 0 1 1 0 1 1 0 1 0 0 0 0 1 1 0 0 0 1 30711 16.1367
1 1 0 0 1 1 1 1 0 1 0 0 0 0 1 0 0 0 1 1 30715 17.1742
0 1 1 0 0 0 1 0 0 1 0 1 0 0 1 0 1 1 0 0 30721 17.8880
1 0 0 1 1 0 1 0 0 1 1 0 1 0 1 1 0 0 0 1 30729 16.3443
0 1 1 0 1 1 1 1 1 0 0 1 1 1 1 0 1 1 1 0 30740 19.8773
1 1 1 1 1 0 1 1 1 1 0 0 1 0 1 0 0 1 1 1 30747 18.4250
1 1 1 0 0 1 0 1 1 1 0 0 1 1 0 0 0 1 1 1 30750 18.7217
1 0 0 0 1 0 1 0 0 1 1 0 1 0 1 0 0 0 0 1 30754 17.1500
1 1 0 1 1 1 1 1 1 1 0 0 0 0 1 0 0 1 1 1 30757 18.4684
1 1 0 0 0 1 0 1 1 1 0 0 0 1 0 1 0 1 1 1 30760 18.2605
1 1 0 0 0 1 0 1 1 1 0 0 1 1 0 0 0 1 1 1 30764 18.6365
1 0 1 1 1 0 1 1 0 1 1 0 1 0 1 0 0 0 1 1 30769 18.3521
1 1 1 1 0 1 0 1 1 1 0 0 1 1 0 0 0 1 0 1 30773 18.4549
1 0 0 1 1 0 1 0 0 1 1 0 1 0 1 0 0 0 1 1 30777 17.7554
1 1 1 0 0 0 1 1 1 1 0 0 0 1 1 1 0 1 0 1 30780 17.1320
1 1 0 1 0 1 0 1 1 1 0 0 0 1 0 1 0 1 0 1 30783 18.4856
1 1 0 1 0 1 0 1 1 1 0 0 1 1 0 0 0 1 0 1 30787 18.3719
0 0 1 1 1 1 1 1 0 0 1 1 1 1 1 0 1 0 1 0 30790 18.3195
0 0 0 0 0 1 1 0 0 0 0 1 0 0 1 0 1 0 1 0 30795 17.4117
1 0 1 0 0 0 1 1 1 0 0 0 0 1 1 0 0 0 1 1 30797 16.8282
0 0 1 0 1 1 1 0 0 0 0 1 1 0 1 0 1 0 0 0 30799 17.6918
1 1 1 1 0 1 1 1 1 0 0 0 0 1 1 1 0 1 0 1 30801 17.0460
1 0 1 1 0 0 1 1 1 0 0 0 0 1 1 1 0 0 0 1 30803 15.1524
1 1 0 0 0 1 1 1 1 0 0 0 0 1 1 0 0 1 0 1 30806 17.6627
0 1 1 1 1 0 1 0 0 0 0 1 1 0 1 0 1 1 1 0 30808 18.0806
1 1 1 0 1 1 1 1 0 1 0 0 1 0 1 1 0 1 1 1 30810 18.2280
1 0 0 1 0 0 0 1 1 0 0 0 0 1 0 0 0 0 1 1 30812 16.6910
0 1 1 0 0 1 1 1 0 0 0 1 0 1 1 0 1 1 0 0 30815 18.2210
1 1 1 1 0 1 1 1 1 0 0 0 1 1 1 0 0 1 0 1 30819 17.5210
1 1 0 1 1 0 1 1 0 1 0 0 0 0 1 0 0 1 1 1 30823 18.6282
0 0 0 1 0 1 1 1 0 0 0 1 0 1 0 0 1 0 1 0 30828 18.6482
1 1 1 0 0 1 1 1 1 0 0 0 1 1 1 1 0 1 1 1 30832 17.4363
1 1 0 1 1 1 0 1 0 1 0 0 0 0 0 0 0 1 1 1 30836 18.5451
1 0 1 0 1 0 1 1 0 1 1 0 0 0 1 1 0 1 0 1 30841 18.4791
0 1 1 1 0 0 1 0 0 1 0 1 0 0 0 0 1 0 1 0 30847 17.7618
0 1 0 1 1 1 1 1 1 0 0 1 1 1 0 0 1 1 0 0 30851 18.6102
0 1 1 0 1 0 1 1 1 0 0 1 1 1 0 0 1 0 1 0 30857 19.6051
1 0 0 0 1 1 1 1 0 1 1 0 0 0 1 1 0 0 1 1 30861 17.7051
0 1 0 1 0 0 1 0 0 1 0 1 0 1 0 0 1 1 1 0 30866 18.3768
1 0 0 1 1 0 1 0 0 1 1 0 0 0 1 0 0 1 0 1 30875 19.2441
0 1 0 1 1 0 1 0 1 0 0 1 1 0 0 0 1 0 1 0 30886 18.9563
1 0 1 1 1 1 1 1 0 1 1 0 0 0 1 0 0 0 1 1 30894 19.2794
0 1 0 0 0 1 1 1 0 1 0 1 0 1 0 0 1 1 0 0 30905 18.9170
0 1 0 0 1 1 1 0 0 0 0 1 1 0 0 0 1 1 0 0 30913 18.6689
0 1 0 1 1 0 1 1 0 0 0 1 1 1 0 0 1 1 1 0 30918 18.6894
0 1 1 1 1 1 1 0 0 0 0 1 1 1 0 0 1 1 0 0 30922 17.1146
1 0 0 1 0 1 1 1 1 0 0 0 1 1 1 1 0 0 0 1 30927 16.1739
1 0 0 0 0 0 1 1 1 0 0 0 1 1 1 0 0 0 1 1 30931 17.3338
1 0 0 0 0 0 1 1 1 0 0 0 1 1 1 1 0 0 1 1 30936 16.4574
1 0 1 0 1 1 1 1 0 1 0 0 0 0 1 0 0 1 1 1 30941 19.1308
0 1 1 1 0 0 1 0 0 0 0 1 0 0 0 0 1 0 0 0 30946 17.5750
0 1 1 0 0 1 1 0 0 0 0 1 0 1 0 0 1 0 1 0 30951 17.9309
0 1 1 0 1 0 1 1 0 0 0 1 1 1 0 0 1 0 1 0 30955 18.5335
1 0 0 1 1 1 1 1 0 1 0 0 0 0 1 1 0 1 1 1 30959 18.0587
1 1 1 0 0 0 1 1 1 1 1 0 0 1 1 1 0 1 1 0 30965 17.0963
1 1 0 1 0 0 1 0 1 1 1 0 1 1 1 1 0 1 1 0 30969 18.0276
1 1 0 0 0 0 1 1 1 1 1 0 1 1 1 1 0 0 1 0 30974 16.9791
1 1 1 0 1 1 1 0 1 1 1 0 1 0 1 1 0 1 1 0 30978 18.5904
0 0 1 0 0 1 1 1 0 1 1 1 0 0 1 0 1 0 0 1 30983 18.7998
0 0 0 0 0 0 1 1 0 1 1 1 0 0 1 0 1 1 1 1 30989 18.6935
0 0 1 0 1 0 1 0 1 0 1 1 1 1 1 0 1 0 1 1 30993 18.2926
1 1 0 1 1 0 1 1 1 1 1 0 1 0 1 1 0 0 0 0 30997 16.9222
0 0 0 1 0 1 1 1 0 1 1 1 0 0 1 0 1 0 1 1 31002 19.0014
0 0 1 1 1 0 1 1 1 0 1 1 1 1 1 0 1 1 1 1 31006 19.7827
0 0 0 0 1 1 1 1 1 0 0 1 1 1 1 0 1 0 1 1 31014 18.4984
1 1 1 0 1 0 1 0 0 1 1 0 1 0 1 1 0 1 0 0 31024 17.1321
0 0 1 0 0 0 1 0 0 1 0 1 0 0 1 0 1 1 0 1 31033 18.0326
1 1 0 1 1 0 1 0 0 1 1 0 1 0 1 1 0 0 0 0 31041 14.3965
0 0 1 0 1 1 1 1 1 0 0 1 1 1 1 0 1 1 1 1 31052 19.4541
0 0 1 1 1 1 1 0 1 0 0 1 1 1 0 0 1 1 0 1 31058 17.6743
1 1 1 1 0 1 1 1 1 0 1 0 1 1 1 1 0 0 1 0 31063 17.0193
0 0 0 0 1 1 1 1 1 0 0 1 1 1 0 0 1 1 0 1 31068 18.2617
1 1 1 0 1 1 1 0 0 1 1 0 0 0 1 1 0 0 1 0 31073 17.5673
1 1 0 1 1 1 1 1 0 1 1 0 0 0 1 1 0 0 1 0 31078 17.1413
0 1 0 0 0 0 1 0 0 1 1 1 0 0 1 0 1 1 0 1 31083 18.2485
0 1 1 0 1 1 1 0 1 0 1 1 1 1 1 0 1 0 0 1 31087 17.9937
1 0 1 1 0 1 1 0 1 1 1 0 1 1 1 1 0 0 1 0 31091 18.0689
0 1 1 1 1 0 1 0 1 0 1 1 1 1 1 0 1 1 0 1 31096 18.1022
1 0 0 1 0 0 1 1 1 1 1 0 0 1 1 1 0 1 1 0 31100 17.0593
1 1 1 1 0 0 1 1 1 1 1 0 1 1 1 0 0 1 0 0 31105 19.5162
1 1 1 0 1 1 1 1 1 1 1 0 0 0 1 0 0 0 0 0 31108 18.2256
0 1 0 1 1 1 1 1 1 0 1 1 1 0 1 0 1 1 0 1 31110 20.4220
0 0 1 0 0 1 1 0 0 1 1 1 0 1 1 0 1 0 1 1 31113 19.0705
1 1 0 0 0 1 1 0 1 1 1 0 0 1 1 0 0 1 0 0 31114 18.5759
0 0 1 0 1 1 1 0 1 0 1 1 1 0 1 0 1 1 1 1 31117 19.2880
1 1 1 1 0 0 1 0 1 1 1 0 1 1 1 0 0 1 0 0 31119 19.5052
1 1 1 1 0 0 1 0 1 1 1 0 0 1 1 0 0 1 0 0 31121 18.5751
1 1 0 0 1 0 1 1 1 1 1 0 0 0 1 0 0 1 0 0 31123 18.2893
1 1 0 1 1 0 1 0 1 1 1 0 0 0 1 0 0 0 0 0 31125 17.2140
1 1 0 0 1 1 1 0 1 1 1 0 1 0 1 0 0 1 0 0 31128 19.3104
0 0 0 1 1 1 1 1 1 0 0 1 1 0 1 0 1 0 1 1 31133 19.0778
1 0 1 1 0 1 1 1 1 1 0 0 0 1 1 1 0 0 1 0 31137 16.1232
0 1 0 1 1 0 1 1 0 0 1 1 1 0 1 0 1 1 0 1 31140 19.6090
0 1 1 0 1 1 0 0 0 0 1 1 1 1 1 1 1 1 0 1 31143 17.0572
0 0 1 1 1 1 1 1 1 0 0 1 1 0 1 0 1 0 1 1 31147 19.3206
0 1 1 1 0 1 1 1 0 0 1 1 0 1 1 0 1 1 0 1 31150 19.2603
0 1 0 1 1 0 1 0 0 0 1 1 1 1 1 0 1 0 0 1 31156 16.9371
1 0 1 0 1 1 1 1 1 1 0 0 1 0 1 0 0 1 1 0 31158 19.0904
0 1 0 0 0 0 1 1 0 0 1 1 0 0 1 0 1 0 0 1 31163 17.9786
0 1 1 1 0 1 1 0 0 0 1 1 0 0 1 0 1 0 0 1 31166 17.9485
1 0 0 0 1 1 1 1 1 1 0 0 0 0 1 1 0 1 1 0 31168 17.1311
1 0 0 0 1 1 1 1 1 1 0 0 1 0 1 0 0 1 1 0 31172 18.9672
0 0 0 1 0 0 1 0 0 1 0 1 0 1 0 0 1 1 1 1 31178 18.0701
1 1 0 1 1 0 1 0 0 1 1 0 0 0 1 0 0 1 0 0 31187 19.5143
0 0 0 1 1 0 1 0 1 0 0 1 1 0 0 0 1 0 1 1 31198 18.7955
1 0 1 0 1 0 1 1 1 1 1 0 1 0 1 1 0 0 0 0 31204 17.0791
0 1 1 0 0 1 1 0 0 1 1 1 0 0 1 0 1 0 1 1 31209 18.5447
0 1 1 0 1 1 1 0 1 0 1 1 1 1 1 0 1 1 1 1 31213 19.3098
1 0 1 1 0 1 1 0 1 1 1 0 1 1 1 1 0 1 0 0 31217 18.1579
1 0 0 1 1 1 1 0 1 1 1 0 1 0 1 1 0 0 0 0 31221 17.3618
1 1 1 0 0 1 1 1 1 1 1 0 0 1 1 0 0 1 1 0 31226 19.1330
0 0 0 0 1 1 1 1 1 0 1 1 1 0 1 0 1 1 0 1 31229 19.0137
1 0 1 1 1 1 1 1 1 1 1 0 1 0 1 0 0 1 0 0 31230 19.6988
0 1 0 0 1 0 1 0 1 0 1 1 1 0 1 0 1 1 1 1 31233 19.1621
0 0 0 0 0 1 1 1 0 1 1 1 0 1 1 0 1 1 0 1 31235 18.3357
0 1 1 1 0 0 1 0 0 1 1 1 0 1 1 0 1 1 1 1 31238 18.2831
0 1 0 1 0 1 1 0 0 1 1 1 0 1 1 0 1 0 1 1 31240 19.1900
0 1 0 1 1 0 1 1 1 0 1 1 1 0 1 0 1 0 1 1 31242 19.6716
0 0 1 0 1 1 1 1 1 0 1 1 1 0 1 0 1 0 0 1 31244 19.2606
1 1 0 0 0 1 1 0 1 1 1 0 1 1 1 0 0 0 1 0 31246 18.2390
0 1 0 0 1 0 1 0 0 0 1 1 1 1 1 0 1 1 1 1 31251 18.1240
0 1 0 1 0 1 0 1 0 0 1 1 0 0 1 1 1 1 1 1 31254 19.0998
0 1 0 1 1 0 0 0 0 0 1 1 1 0 1 1 1 1 1 1 31258 18.3937
0 1 1 0 0 1 1 0 0 0 1 1 0 0 1 0 1 1 1 1 31261 18.3309
0 1 1 1 0 0 0 0 0 0 1 1 0 0 1 1 1 1 1 1 31264 17.9002
0 1 1 1 0 1 0 1 0 0 1 1 0 0 1 1 1 1 1 1 31268 19.9412
0 0 1 0 1 0 1 1 1 0 0 1 1 0 1 0 1 0 0 1 31271 19.0836
0 1 0 0 0 1 0 1 0 0 1 1 0 0 1 1 1 0 1 1 31277 18.1585
0 1 0 0 1 0 0 0 0 0 1 1 1 0 1 1 1 0 1 1 31281 18.1372
1 0 1 1 1 1 1 1 1 1 0 0 1 0 1 1 0 1 0 0 31283 17.3816
0 1 1 0 0 0 0 0 0 0 1 1 0 0 1 1 1 0 1 1 31287 17.8913
0 1 1 0 0 1 0 1 0 0 1 1 0 0 1 1 1 0 1 1 31291 18.4789
1 0 0 1 1 0 1 1 1 1 0 0 0 0 1 1 0 1 0 0 31293 16.1790
1 1 1 1 1 1 1 1 0 1 1 0 0 0 1 0 0 1 1 0 31300 19.8441
0 0 0 0 1 0 1 0 1 0 0 1 1 0 0 0 1 1 0 1 31311 18.9679
0 0 1 1 1 0 1 1 1 0 0 1 1 0 0 0 1 1 0 1 31320 19.9136
1 0 1 0 0 1 1 1 1 0 1 0 0 1 1 1 0 1 1 0 31328 17.7676
1 0 1 1 1 1 1 0 0 1 1 0 1 0 1 1 0 1 1 0 31338 17.9583
1 1 1 1 0 1 1 1 1 1 0 0 0 1 1 0 0 0 1 0 31347 18.0121
0 0 0 1 1 1 0 1 0 0 1 1 1 0 1 1 1 1 0 1 31350 19.2449
0 1 1 1 1 0 1 0 1 0 0 1 1 0 1 0 1 0 1 1 31354 18.5487
0 0 1 0 1 1 1 0 0 0 1 1 1 0 1 0 1 1 0 1 31357 18.6683
0 0 1 1 1 0 0 0 0 0 1 1 1 0 1 1 1 1 0 1 31360 18.3486
0 0 1 1 1 1 0 1 0 0 1 1 1 0 1 1 1 1 0 1 31364 20.2263
0 1 1 1 1 0 1 1 1 0 0 1 1 0 1 0 1 0 1 1 31368 18.9923
0 0 0 0 1 1 0 1 0 0 1 1 1 0 1 1 1 1 1 1 31373 18.5656
0 1 1 0 1 0 1 0 1 0 0 1 1 0 1 0 1 0 0 1 31377 18.8097
0 0 0 1 0 1 1 1 0 0 1 1 0 1 1 0 1 1 1 1 31380 19.8163
0 0 1 0 1 0 0 0 0 0 1 1 1 0 1 1 1 1 1 1 31383 18.2727
0 0 1 0 1 1 0 1 0 0 1 1 1 0 1 1 1 1 1 1 31387 19.7849
0 0 1 1 0 0 1 1 0 0 1 1 0 0 1 0 1 1 1 1 31390 19.6036
1 1 1 0 0 1 1 1 1 0 0 0 0 1 1 0 0 0 1 0 31394 17.8665
0 1 0 0 1 0 1 1 0 0 0 1 1 1 1 0 1 0 1 1 31397 18.1121
1 1 1 1 1 1 1 1 0 1 0 0 1 0 1 0 0 0 1 0 31398 17.9353
1 0 0 1 0 1 1 1 1 0 0 0 0 1 1 1 0 1 1 0 31401 16.7864
0 1 0 0 0 1 1 1 0 0 0 1 0 1 1 0 1 0 1 1 31403 18.1803
0 0 1 1 1 1 1 0 0 0 0 1 1 0 1 0 1 1 1 1 31406 18.3460
0 1 1 1 0 1 1 0 0 0 0 1 0 1 1 0 1 0 1 1 31408 17.5893
1 0 1 0 0 0 1 1 1 0 0 0 0 1 1 1 0 1 1 0 31410 15.8780
0 0 1 1 1 1 1 1 0 0 0 1 1 0 1 0 1 1 1 1 31412 18.9966
1 0 0 0 1 1 1 1 0 1 0 0 1 0 1 1 0 1 0 0 31414 16.8294
1 1 1 0 1 0 1 1 0 1 0 0 0 0 1 0 0 0 1 0 31418 18.0369
0 0 1 0 0 1 1 0 0 0 0 1 0 0 0 0 1 1 0 1 31423 18.0339
0 0 0 0 1 1 1 1 0 0 0 1 1 1 0 0 1 1 1 1 31427 18.2108
0 0 1 1 1 0 1 0 0 0 0 1 1 0 0 0 1 1 1 1 31432 17.8391
0 0 1 1 1 1 1 1 0 0 0 1 1 0 0 0 1 1 1 1 31436 18.6880
0 1 1 1 0 0 1 0 0 1 0 1 0 0 1 0 1 1 0 1 31442 18.0872
1 0 1 0 1 1 1 1 0 1 1 0 1 0 1 1 0 0 1 0 31451 17.1518
0 1 1 0 1 1 1 1 1 0 0 1 1 1 1 0 1 1 0 1 31462 18.8193
0 0 0 1 1 1 1 0 0 0 1 1 1 0 1 0 1 0 0 1 31468 18.4769
0 1 1 0 1 1 1 0 1 0 0 1 1 0 1 0 1 1 1 1 31471 19.2700
0 0 0 0 0 1 1 1 0 0 1 1 0 1 1 0 1 0 0 1 31475 18.1710
0 0 1 1 1 0 1 0 0 0 1 1 1 1 1 0 1 0 0 1 31478 17.1247
1 1 0 0 1 0 1 1 1 1 0 0 1 0 1 1 0 1 1 0 31480 16.9438
0 0 1 0 0 0 1 1 0 0 1 1 0 0 1 0 1 0 0 1 31485 18.2291
0 0 0 0 0 1 1 0 0 0 1 1 0 0 1 0 1 0 1 1 31491 18.4544
0 0 0 1 0 0 1 1 0 0 1 1 0 1 1 0 1 0 1 1 31494 19.1057
0 0 0 1 0 1 1 0 0 0 1 1 0 1 1 0 1 0 1 1 31498 18.5047
0 0 1 0 0 0 1 0 0 0 1 1 0 1 1 0 1 0 1 1 31501 18.4399
1 1 0 1 1 0 1 1 1 1 0 0 1 0 1 1 0 1 0 0 31503 17.0629
0 0 1 1 0 0 1 1 0 0 1 1 0 1 1 0 1 0 1 1 31508 19.1907
1 1 0 0 1 1 1 1 1 1 0 0 1 0 1 1 0 1 0 0 31510 17.2109
1 0 1 1 0 1 1 1 1 0 0 0 0 1 1 0 0 0 0 0 31515 17.0100
1 0 1 0 1 1 1 1 0 1 0 0 1 0 1 0 0 0 1 0 31517 18.1774
1 0 0 1 1 0 1 1 0 1 0 0 1 0 1 0 0 0 1 0 31519 17.4908
1 1 1 1 1 0 1 1 0 1 0 0 1 0 1 1 0 1 0 0 31521 16.1203
0 0 0 1 0 1 1 1 0 0 0 1 0 1 1 0 1 0 1 1 31524 18.1675
0 0 1 0 0 1 1 0 0 0 0 1 0 1 1 0 1 0 1 1 31527 17.6413
1 1 0 0 0 1 1 1 1 0 0 0 0 1 1 1 0 1 0 0 31528 16.1324
0 1 1 0 0 1 1 1 0 0 0 1 0 0 1 0 1 1 1 1 31531 19.1324
1 0 0 1 1 1 0 1 0 1 0 0 1 0 0 0 0 0 1 0 31532 17.7806
1 1 0 1 0 0 1 1 1 0 0 0 0 1 1 1 0 1 1 0 31535 15.8597
1 1 1 0 0 1 1 1 1 0 0 0 1 1 1 0 0 1 0 0 31540 17.5976
1 1 0 0 1 0 1 1 0 1 0 0 0 0 1 0 0 1 1 0 31544 18.7221
0 0 1 0 0 1 1 0 0 0 0 1 0 0 0 0 1 0 1 1 31549 18.1390
0 0 0 0 1 1 1 1 0 0 0 1 1 1 0 0 1 0 0 1 31553 17.3000
1 1 0 1 0 0 1 1 1 0 0 0 1 1 1 1 0 1 0 0 31557 16.1289
0 1 1 1 1 1 1 0 1 0 0 1 1 1 0 0 1 1 0 1 31562 17.9654
1 0 1 1 0 1 1 1 1 0 1 0 1 1 1 1 0 0 1 0 31567 17.1530
0 1 0 0 1 1 1 1 1 0 0 1 1 1 0 0 1 1 0 1 31572 18.5656
1 0 1 0 1 1 1 0 0 1 1 0 0 0 1 1 0 0 1 0 31577 16.6648
1 0 0 1 1 1 1 1 0 1 1 0 0 0 1 1 0 0 1 0 31582 17.0820
0 1 0 1 1 1 1 1 1 0 0 1 1 0 0 0 1 0 1 1 31587 19.7924
1 0 0 0 1 1 1 1 0 1 1 0 0 0 1 0 0 1 0 0 31597 19.4419
1 0 1 1 0 0 1 0 1 0 1 0 1 1 1 0 0 1 0 0 31607 18.6591
1 0 0 0 1 0 1 1 0 1 1 0 0 0 1 0 0 1 1 0 31615 19.1116
0 1 0 1 0 1 1 1 0 1 0 1 0 1 0 0 1 1 0 1 31626 18.8363
0 1 0 1 1 1 1 0 0 0 0 1 1 0 0 0 1 1 0 1 31634 18.4265
1 0 1 1 1 1 0 1 0 1 0 0 0 0 0 0 0 0 1 0 31638 18.1529
1 0 1 0 1 0 1 1 0 1 0 0 0 0 1 1 0 0 0 0 31642 16.0989
0 1 1 1 0 0 1 0 0 0 0 1 0 0 0 0 1 1 1 1 31648 17.8660
0 1 1 1 0 1 1 1 0 0 0 1 0 0 0 0 1 1 1 1 31652 18.8693
1 0 1 1 0 1 1 1 1 0 0 0 1 1 1 0 0 1 1 0 31657 18.7364
0 1 0 1 1 1 1 1 0 0 0 1 1 0 0 0 1 0 1 1 31662 18.4902
1 0 0 0 0 1 1 1 1 0 0 0 1 1 1 1 0 1 1 0 31666 16.6168
1 0 1 1 0 1 1 1 1 0 0 0 1 1 1 1 0 1 1 0 31671 17.1970
1 0 0 0 1 1 0 1 0 1 0 0 0 0 0 0 0 1 1 0 31675 18.6695
1 0 0 0 1 1 1 1 0 1 0 0 0 0 1 1 0 1 1 0 31680 17.2838
0 0 0 1 0 0 1 0 0 1 1 1 0 0 1 1 1 1 0 1 31684 18.4690
0 0 0 1 0 0 1 1 0 1 1 1 0 0 1 1 1 1 0 1 31686 19.7399
0 0 1 1 1 1 1 0 1 0 1 1 1 1 1 1 1 0 0 1 31688 18.1966
0 1 0 1 0 1 1 0 0 1 1 1 0 0 1 1 1 1 0 0 31690 17.9590
1 1 1 0 0 0 1 0 1 1 1 0 0 0 1 1 0 0 1 0 31692 15.2076
0 0 1 0 1 0 1 0 1 0 1 1 1 1 1 1 1 1 0 1 31695 18.5877
1 0 1 0 1 0 1 0 1 1 1 0 1 1 1 1 0 1 1 1 31696 18.8600
0 1 1 0 1 1 1 1 1 0 1 1 1 1 1 1 1 1 0 0 31699 19.1888
0 0 1 0 0 1 1 1 0 1 1 1 0 0 1 1 1 1 0 1 31701 20.0123
0 1 1 1 0 1 1 1 0 1 1 1 0 0 1 1 1 0 0 0 31704 18.4046
0 1 0 1 1 1 1 1 1 0 1 1 1 0 1 1 1 0 0 0 31709 19.3833
0 1 0 0 1 0 1 0 1 0 1 1 1 0 1 1 1 1 0 0 31713 19.4612
0 1 1 1 0 0 1 0 0 1 1 1 0 1 1 1 1 1 0 0 31718 17.7160
0 1 0 1 1 0 1 1 1 0 1 1 1 0 1 1 1 0 0 0 31722 18.8180
1 0 0 0 0 1 1 0 1 1 1 0 1 0 1 0 0 0 1 1 31726 17.3730
0 1 0 1 0 1 0 0 0 0 1 1 0 0 1 0 1 1 0 0 31732 17.1287
0 0 0 0 1 1 1 0 1 0 0 1 1 1 1 1 1 0 0 1 31735 18.0064
1 0 1 1 0 0 1 1 1 1 0 0 0 0 1 1 0 0 1 1 31739 15.1598
0 1 1 1 0 0 0 0 0 0 1 1 0 1 1 0 1 1 0 0 31742 16.6298
1 0 0 0 1 0 1 1 1 1 0 0 1 1 1 1 0 0 1 1 31744 17.3895
0 0 1 1 1 1 1 1 1 0 0 1 1 1 1 1 1 0 0 1 31749 17.9644
0 1 0 0 0 1 0 0 0 0 1 1 0 0 1 0 1 0 0 0 31755 17.1016
1 0 1 1 1 0 1 1 1 1 0 0 0 1 1 0 0 1 1 1 31757 18.3225
0 1 0 1 1 1 1 0 0 0 1 1 1 1 1 1 1 0 0 0 31762 17.1170
0 1 1 0 0 0 0 0 0 0 1 1 0 1 1 0 1 0 0 0 31765 16.5798
1 0 0 1 0 0 1 1 1 1 0 0 1 0 1 1 0 1 1 1 31767 17.0763
0 1 1 1 1 0 1 1 0 0 1 1 1 1 1 1 1 0 0 0 31772 17.0756
1 0 0 0 1 1 1 1 1 1 0 0 1 1 1 1 0 1 1 1 31774 18.5077
0 0 0 1 0 0 1 0 0 1 0 1 0 0 0 1 1 1 0 1 31784 17.5934
0 0 0 0 1 0 1 1 1 0 0 1 1 1 0 1 1 1 0 1 31794 18.7394
1 1 1 1 1 1 1 1 1 1 1 0 0 1 1 1 0 1 1 1 31801 20.7208
1 1 1 0 1 0 1 1 1 1 1 0 1 1 1 1 0 0 1 1 31804 19.1812
1 0 1 1 0 0 1 1 1 1 1 0 0 0 1 1 0 1 1 0 31806 16.1425
0 0 0 0 0 1 1 0 0 1 1 1 0 0 1 1 1 1 0 0 31809 18.8233
1 0 0 0 0 0 1 0 1 1 1 0 1 0 1 1 0 1 1 0 31810 17.1248
0 1 1 0 1 1 1 0 1 0 1 1 1 1 1 1 1 1 0 1 31813 19.2038
1 0 1 1 1 1 1 0 1 1 1 0 0 1 1 1 0 1 1 0 31815 18.6202
1 1 1 1 0 1 1 0 1 1 1 0 1 0 1 1 0 1 1 1 31817 19.0592
1 0 0 0 1 1 1 1 1 1 1 0 1 1 1 1 0 1 1 0 31819 18.4864
1 1 0 1 1 1 1 0 1 1 1 0 1 1 1 1 0 0 1 1 31821 19.4435
0 1 0 0 0 0 1 0 0 1 1 1 0 1 1 1 1 0 0 1 31825 18.5455
0 1 0 1 0 0 1 1 0 1 1 1 0 1 1 1 1 1 0 1 31830 19.5485
0 1 1 1 1 0 1 0 1 0 1 1 1 0 1 1 1 0 0 1 31834 20.4083
0 1 1 0 1 0 1 0 1 0 1 1 1 0 1 1 1 1 0 1 31839 20.6614
1 0 0 0 0 0 1 1 1 1 1 0 0 0 1 0 0 1 1 0 31843 16.9126
0 1 1 1 1 0 1 1 1 0 1 1 1 0 1 1 1 0 0 1 31848 21.0932
1 0 1 0 1 1 1 1 1 1 0 0 0 1 1 0 0 0 1 0 31852 18.7564
0 1 0 0 1 1 1 0 0 0 1 1 1 1 1 1 1 1 0 1 31857 18.2657
0 1 0 1 1 0 0 1 0 0 1 1 1 0 1 0 1 1 0 1 31860 18.6520
1 1 1 0 1 0 1 0 0 1 1 0 1 1 1 1 0 1 1 1 31862 19.1585
0 1 1 0 1 0 1 1 0 0 1 1 1 1 1 1 1 1 0 1 31867 19.4809
0 1 1 1 0 1 0 1 0 0 1 1 0 1 1 0 1 1 0 1 31870 18.3047
1 0 1 1 1 1 1 1 1 1 0 0 0 1 1 0 0 1 1 0 31875 19.2013
1 0 1 0 0 1 1 1 1 1 0 0 1 0 1 0 0 1 1 0 31878 18.2044
0 1 0 0 1 0 0 1 0 0 1 1 1 0 1 0 1 0 0 1 31883 17.8077
1 1 1 1 1 0 1 0 0 1 1 0 1 1 1 1 0 0 1 1 31885 18.0403
1 0 0 0 0 1 1 1 1 1 0 0 0 0 1 1 0 1 1 0 31888 16.2267
0 1 1 0 0 1 0 1 0 0 1 1 0 1 1 0 1 0 0 1 31893 17.3178
1 1 0 0 0 1 1 1 1 0 1 0 1 0 1 1 0 1 1 1 31897 18.1758
1 1 1 1 1 1 1 1 0 1 1 0 0 1 1 1 0 1 1 1 31906 21.0889
0 0 1 1 1 1 1 1 1 0 0 1 1 1 0 1 1 1 0 0 31917 17.8317
0 0 0 1 1 1 1 0 1 0 1 1 1 0 1 1 1 1 0 0 31924 19.7150
1 1 0 0 0 0 1 1 1 1 1 0 1 0 1 0 0 1 1 1 31928 18.1491
1 1 1 0 1 1 1 0 1 1 1 0 1 1 1 0 0 0 1 1 31932 19.1045
0 0 0 0 0 1 1 1 0 1 1 1 0 1 1 1 1 0 0 0 31937 17.9974
0 0 1 0 1 0 1 1 1 0 1 1 1 0 1 1 1 1 0 0 31941 20.4329
1 1 1 1 0 0 1 1 1 1 1 0 1 0 1 0 0 0 1 0 31947 17.6826
1 1 0 1 1 0 1 1 1 1 1 0 1 1 1 0 0 1 1 0 31951 20.3608
0 0 0 1 0 1 1 1 0 1 1 1 0 1 1 1 1 1 0 1 31956 19.4297
1 1 1 0 0 0 1 0 1 1 1 0 1 0 1 0 0 1 1 0 31960 18.6535
1 1 0 1 1 0 1 1 1 1 1 0 0 1 1 0 0 1 1 0 31964 20.0713
1 1 1 0 1 0 1 1 0 1 1 0 1 1 1 0 0 1 1 0 31970 19.1237
0 0 0 0 1 0 1 0 1 0 0 1 1 0 1 1 1 0 0 0 31981 17.9944
0 0 1 1 1 0 1 1 1 0 0 1 1 0 1 1 1 0 0 0 31991 18.3660
1 1 1 1 0 1 1 1 1 0 1 0 0 0 1 0 0 0 1 1 31999 18.9266
1 1 1 1 1 1 1 0 0 1 1 0 1 1 1 0 0 0 1 0 32009 18.2762
1 1 1 1 0 1 1 1 1 0 1 0 1 0 1 0 0 0 1 0 32017 18.4801
0 0 0 0 1 1 1 1 1 0 0 1 1 0 0 1 1 1 0 1 32022 19.9180
1 1 0 0 0 1 1 0 1 0 1 0 1 0 1 0 0 0 1 0 32026 17.1944
1 1 0 1 1 1 1 1 0 1 1 0 0 1 1 0 0 1 1 1 32032 21.1564
0 0 0 0 0 1 1 0 0 1 0 1 0 1 0 1 1 0 0 1 32037 18.0327
1 0 0 1 1 0 1 1 0 1 1 0 1 1 1 1 0 1 1 0 32041 18.0384
0 0 0 0 1 0 1 1 0 0 1 1 1 1 1 1 1 1 0 0 32045 17.5934
1 1 1 1 1 0 1 1 1 1 0 0 1 1 1 1 0 0 1 1 32049 17.8884
1 1 1 0 0 1 0 1 1 1 0 0 1 0 0 1 0 0 1 1 32052 17.7378
0 0 1 0 0 1 1 0 0 0 1 1 0 1 1 1 1 1 0 0 32055 18.0622
1 1 0 1 1 0 1 1 1 1 0 0 0 1 1 0 0 0 1 1 32059 18.2842
1 1 0 0 0 0 0 1 1 1 0 0 0 0 0 1 0 0 1 1 32062 16.4834
0 0 0 1 1 0 0 0 0 0 1 1 1 1 1 0 1 1 0 1 32068 16.2233
1 0 1 1 1 0 1 1 0 1 1 0 1 1 1 1 0 1 1 1 32071 19.2348
1 1 1 1 0 1 0 1 1 1 0 0 1 0 0 1 0 0 1 0 32075 17.1373
0 0 1 1 0 1 1 0 0 0 1 1 0 0 1 1 1 1 0 1 32078 18.7693
0 1 0 1 1 0 1 1 1 0 0 1 1 1 1 1 1 0 0 0 32081 17.0512
1 1 0 1 0 0 0 1 1 1 0 0 0 0 0 1 0 0 1 0 32085 15.8595
1 0 1 0 0 1 1 1 1 0 1 0 0 0 1 0 0 1 1 0 32090 18.8398
1 0 1 1 1 1 1 1 0 1 1 0 1 1 1 0 0 1 1 1 32100 19.5672
0 1 1 1 0 1 1 1 0 1 0 1 0 1 1 1 1 0 0 0 32111 16.6058
0 0 1 1 0 1 1 0 0 0 0 1 0 0 1 1 1 1 0 0 32114 17.7281
0 0 1 1 1 1 1 0 0 0 0 1 1 1 1 1 1 1 0 0 32116 16.4743
0 1 1 0 0 1 1 0 0 0 0 1 0 0 1 1 1 0 0 1 32119 17.9272
1 0 0 0 1 0 1 1 0 1 0 0 1 1 1 0 0 1 1 0 32120 18.6759
1 1 1 0 0 0 1 1 1 0 0 0 0 0 1 0 0 0 1 1 32123 17.9333
1 0 1 0 1 0 1 1 0 1 0 0 1 1 1 1 0 1 1 1 32126 18.0729
0 1 0 1 1 1 1 1 0 0 0 1 1 1 1 1 1 0 0 0 32129 16.0392
0 0 1 1 0 1 1 1 0 0 0 1 0 0 1 1 1 1 0 1 32131 19.4402
0 1 1 0 0 1 1 1 0 0 0 1 0 0 1 1 1 0 0 0 32134 16.9359
0 1 1 1 0 0 1 1 0 0 0 1 0 0 1 1 1 0 0 1 32136 17.6623
0 0 1 1 1 1 1 0 0 0 0 1 1 0 0 1 1 1 0 0 32138 17.5064
1 1 0 1 0 1 1 1 1 0 0 0 1 0 1 0 0 0 1 0 32143 17.7050
0 0 0 0 1 1 1 1 0 0 0 1 1 0 0 1 1 1 0 0 32148 18.2460
1 1 1 1 1 1 0 1 0 1 0 0 0 1 0 1 0 0 1 0 32153 19.2679
1 1 0 1 1 1 1 1 0 1 0 0 0 1 1 0 0 0 1 1 32158 19.1176
0 1 1 0 1 0 1 0 1 0 0 1 1 1 1 1 1 1 0 1 32163 18.3473
0 0 0 1 0 1 1 1 0 0 1 1 0 0 1 1 1 0 0 0 32166 18.1369
1 1 1 0 1 1 1 1 1 1 0 0 0 1 1 1 0 1 1 1 32170 19.2051
0 0 1 0 1 1 0 0 0 0 1 1 1 0 1 0 1 0 0 0 32173 17.7857
0 0 1 1 0 0 1 0 0 0 1 1 0 0 1 1 1 0 0 0 32176 17.8117
1 1 0 0 0 1 1 1 1 1 0 0 1 0 1 0 0 1 1 1 32180 18.0010
0 1 1 0 1 0 1 1 1 0 0 1 1 1 1 1 1 1 0 1 32184 19.1211
1 1 1 0 1 0 1 1 1 1 0 0 1 1 1 0 0 1 1 0 32188 19.5268
1 1 1 1 0 1 1 1 1 1 0 0 0 0 1 1 0 1 1 0 32193 16.1615
0 0 0 1 1 1 0 1 0 0 1 1 1 1 1 0 1 0 0 1 32196 17.2998
1 1 0 0 1 1 1 1 1 1 0 0 0 1 1 0 0 1 1 0 32198 19.6297
0 0 1 0 1 1 1 1 0 0 1 1 1 0 1 1 1 0 0 1 32203 19.0625
0 0 1 1 1 0 0 1 0 0 1 1 1 0 1 0 1 0 0 1 32206 18.5765
1 0 1 0 1 1 1 1 0 1 1 0 1 1 1 0 0 0 1 0 32213 18.0812
0 1 0 1 1 0 1 0 1 0 0 1 1 0 1 1 1 1 0 1 32224 19.7581
1 0 0 1 1 1 1 0 0 1 1 0 1 1 1 0 0 0 1 1 32232 18.0345
1 0 0 0 0 1 1 1 1 0 0 0 0 0 1 0 0 0 1 1 32234 17.8845
0 1 0 1 0 1 1 1 0 0 0 1 0 0 1 1 1 1 0 1 32237 18.2241
1 1 0 1 0 1 1 1 1 0 0 0 0 0 1 0 0 1 1 0 32239 18.6798
0 1 1 0 1 1 1 0 0 0 0 1 1 1 1 1 1 1 0 1 32241 17.2968
1 0 1 1 0 0 1 1 1 0 0 0 0 0 1 0 0 0 1 1 32244 17.7446
1 1 1 1 0 1 1 1 1 0 0 0 0 0 1 1 0 1 1 0 32247 17.2361
1 1 1 1 1 1 0 1 0 1 0 0 1 1 0 1 0 1 1 0 32249 17.7504
1 1 0 0 1 1 1 1 0 1 0 0 1 1 1 0 0 1 1 0 32251 18.4728
0 0 1 1 0 0 1 1 0 0 0 1 0 0 1 1 1 0 0 0 32255 16.7818
1 0 0 1 0 0 1 1 1 0 0 0 0 0 1 1 0 0 1 1 32256 16.9320
1 1 0 1 0 1 1 1 1 0 0 0 1 0 1 1 0 1 1 1 32259 17.6043
0 0 1 1 1 1 1 0 0 0 0 1 1 0 0 1 1 0 0 1 32264 18.2988
0 0 0 1 0 1 1 0 0 0 0 1 0 1 0 1 1 0 0 0 32270 16.8989
1 1 1 1 0 0 1 1 1 0 0 0 1 0 1 1 0 1 1 1 32274 17.3453
1 1 0 1 1 1 0 1 0 1 0 0 0 1 0 1 0 1 1 0 32279 18.9138
1 0 0 0 1 0 1 0 0 1 1 0 0 1 1 1 0 1 1 0 32286 18.7345
0 1 0 1 0 1 1 1 0 1 0 1 0 0 0 1 1 1 0 1 32297 19.5038
0 1 1 0 1 1 1 0 1 0 0 1 1 1 0 1 1 1 0 0 32305 17.4619
0 1 0 0 1 1 1 1 1 0 0 1 1 1 0 1 1 0 0 0 32314 18.1376
1 0 1 0 1 0 1 0 0 1 1 0 0 1 1 1 0 1 1 1 32324 18.9676
1 0 1 0 0 1 1 1 1 0 1 0 1 0 1 0 0 0 1 0 32330 17.4900
1 0 1 0 0 1 1 1 1 0 1 0 1 0 1 0 0 1 1 1 32335 18.3590
1 0 0 0 0 1 1 0 1 0 1 0 1 0 1 0 0 1 1 0 32340 18.3875
1 0 0 1 1 1 1 0 0 1 1 0 0 1 1 0 0 1 1 0 32345 20.6301
0 1 0 1 0 1 1 1 0 1 0 1 0 1 0 1 1 0 0 0 32351 18.3082
0 1 1 1 0 1 1 0 0 0 0 1 0 0 0 1 1 1 0 0 32354 17.3445
0 1 1 0 1 0 1 0 0 0 0 1 1 1 0 1 1 1 0 1 32359 17.3944
1 0 1 0 1 1 1 1 0 1 0 0 0 1 1 0 0 0 1 1 32363 19.5706
1 0 1 1 0 0 0 1 1 0 0 0 1 0 0 1 0 0 1 0 32369 17.3615
0 1 1 0 1 1 1 1 0 0 0 1 1 0 0 1 1 1 0 0 32374 17.4296
1 0 0 1 1 0 1 1 0 1 0 0 0 1 1 0 0 1 1 1 32377 19.1066
1 0 1 1 1 1 1 1 0 1 0 0 0 1 1 0 0 1 1 0 32382 20.1135
0 1 0 1 0 1 1 1 0 0 0 1 0 0 0 1 1 0 0 0 32387 18.0816
0 1 0 1 0 1 1 1 0 0 0 1 0 1 0 1 1 0 0 0 32393 17.5883
1 0 0 0 0 0 1 1 1 0 0 0 1 0 1 0 0 1 1 1 32397 17.7238
0 1 0 0 1 1 1 0 1 0 1 1 1 1 1 1 1 0 1 0 32401 19.4745
1 1 1 0 0 1 1 1 1 1 1 0 0 0 1 1 0 0 0 0 32404 16.1755
0 0 0 1 1 1 1 1 1 0 1 1 1 1 1 1 1 1 1 1 32406 20.6989
1 1 0 0 1 1 1 1 1 1 1 0 0 1 1 1 0 1 0 0 32408 18.3083
0 1 0 1 1 0 1 0 1 0 1 1 1 1 1 1 1 1 1 0 32410 19.4768
0 0 1 0 0 0 1 0 0 1 1 1 0 0 1 1 1 1 1 1 32413 18.3783
1 1 1 1 0 1 1 0 1 1 1 0 0 0 1 1 0 1 0 0 32415 17.2017
0 0 0 0 1 0 1 1 1 0 1 1 1 1 1 1 1 0 1 1 32417 18.6758
1 1 0 0 0 1 1 1 1 1 1 0 1 0 1 1 0 1 0 0 32419 17.3899
1 1 0 1 0 0 1 0 1 1 1 0 0 0 1 1 0 0 0 0 32421 15.2900
1 1 0 0 0 1 1 0 1 1 1 0 1 0 1 1 0 1 0 0 32424 17.5304
1 0 1 0 1 0 1 1 1 1 1 0 0 1 1 0 0 1 0 1 32429 18.3560
1 0 0 1 1 0 1 0 1 1 1 0 1 1 1 0 0 1 0 1 32433 18.6914
0 1 0 0 0 1 1 0 0 1 1 1 0 1 1 1 1 0 1 0 32439 19.2767
0 1 1 0 0 0 1 1 0 1 1 1 0 1 1 1 1 1 1 0 32443 19.5483
1 0 0 1 0 1 1 0 1 1 1 0 1 0 1 0 0 1 0 1 32447 18.5214
1 0 1 0 0 1 1 1 1 1 0 0 0 0 1 0 0 0 0 1 32452 17.2039
0 1 0 0 0 0 1 0 0 0 1 1 0 0 1 1 1 1 1 0 32457 18.1118
1 0 1 1 1 1 1 1 1 1 0 0 1 1 1 1 0 0 0 1 32459 17.0111
0 0 0 1 1 0 1 0 1 0 0 1 1 1 1 1 1 0 1 1 32462 18.2728
1 1 1 1 1 1 1 0 0 1 1 0 1 1 1 1 0 1 0 0 32466 17.0314
1 0 0 1 1 0 1 1 1 1 0 0 0 1 1 1 0 0 0 1 32469 16.9205
1 0 1 1 0 1 1 1 1 1 0 0 0 0 1 0 0 1 0 1 32475 17.6158
0 1 0 1 1 0 1 1 0 0 1 1 1 1 1 1 1 0 1 0 32478 18.0676
1 0 1 0 1 0 1 1 1 1 0 0 1 1 1 1 0 1 0 1 32482 18.1146
0 0 0 0 1 0 1 0 1 0 0 1 1 1 1 1 1 1 1 1 32485 18.7762
0 1 1 1 0 1 1 0 0 0 1 1 0 1 1 1 1 0 1 0 32488 18.2962
1 0 0 0 1 0 1 1 1 1 0 0 0 1 1 0 0 1 0 1 32492 18.6092
1 1 0 1 1 1 1 0 0 1 1 0 1 1 1 1 0 0 0 0 32496 16.0856
0 0 0 1 1 1 1 1 1 0 0 1 1 1 0 1 1 0 1 1 32505 19.6811
1 1 1 1 1 0 1 0 0 1 1 0 0 1 1 1 0 1 0 0 32515 17.8883
0 0 0 1 1 1 1 0 1 0 1 1 1 1 1 1 1 0 1 0 32522 19.1221
0 1 0 0 0 0 1 1 0 1 1 1 0 0 1 1 1 1 1 1 32525 19.8157
1 0 1 1 1 0 1 1 1 1 1 0 0 1 1 1 0 1 0 0 32526 17.7471
0 0 0 0 1 0 1 0 1 0 1 1 1 1 1 1 1 1 1 0 32529 18.6875
1 0 0 0 1 0 1 0 1 1 1 0 1 1 1 1 0 1 0 0 32530 17.4077
1 1 0 1 1 0 1 1 1 1 1 0 1 1 1 1 0 0 0 1 32533 18.7281
0 0 0 1 0 1 1 0 0 1 1 1 0 0 1 1 1 0 1 0 32536 18.5203
0 1 0 1 0 1 1 1 0 1 1 1 0 0 1 1 1 0 1 1 32538 19.6468
0 1 1 0 0 0 1 1 0 1 1 1 0 0 1 1 1 0 1 1 32540 19.1323
0 1 1 1 1 0 1 1 1 0 1 1 1 1 1 1 1 1 1 1 32542 21.7626
0 1 0 1 0 0 1 0 0 1 1 1 0 1 1 1 1 0 1 1 32546 19.1687
1 0 1 1 0 1 1 1 1 1 1 0 1 0 1 0 0 1 0 0 32550 18.9571
1 0 0 0 1 1 1 0 1 1 1 0 0 1 1 0 0 1 0 0 32554 19.1144
1 0 1 1 1 0 1 0 1 1 1 0 1 1 1 0 0 1 0 0 32559 19.1700
0 1 1 0 0 0 1 1 0 1 1 1 0 1 1 1 1 0 1 1 32564 19.5310
1 1 0 1 1 0 1 1 0 1 1 0 1 1 1 1 0 1 0 1 32569 18.7006
0 1 0 0 1 0 1 1 0 0 1 1 1 1 1 1 1 1 1 1 32573 19.7063
1 0 1 1 1 0 1 1 1 1 0 0 1 1 1 1 0 0 0 0 32577 16.1478
1 0 1 0 0 1 0 1 1 1 0 0 1 0 0 1 0 0 0 0 32580 17.4514
0 1 1 0 0 1 1 0 0 0 1 1 0 1 1 1 1 1 1 1 32583 19.3259
1 0 0 1 1 0 1 1 1 1 0 0 0 1 1 0 0 0 0 0 32587 17.7057
1 0 0 0 0 0 1 1 1 1 0 0 0 0 1 1 0 0 0 0 32590 14.3575
0 1 0 1 1 0 0 0 0 0 1 1 1 1 1 0 1 0 1 1 32596 17.1933
1 1 1 1 1 0 1 1 0 1 1 0 1 1 1 1 0 0 0 1 32599 17.7050
1 0 1 1 0 1 0 1 1 1 0 0 1 0 0 1 0 1 0 0 32603 17.8491
0 1 1 1 0 1 0 0 0 0 1 1 0 0 1 0 1 0 1 1 32606 17.3750
0 0 0 1 1 0 1 1 1 0 0 1 1 1 1 1 1 1 1 0 32609 17.5683
1 0 0 1 0 0 1 1 1 1 0 0 0 0 1 1 0 1 0 0 32613 15.1640
1 1 0 1 0 1 1 1 1 0 1 0 1 0 1 1 0 1 0 1 32618 19.2888
1 1 1 1 1 1 1 1 0 1 1 0 0 1 1 1 0 0 0 1 32628 19.1422
0 0 1 1 0 1 1 1 0 1 0 1 0 0 0 1 1 1 1 0 32639 18.1861
0 0 0 0 0 0 1 1 0 1 1 1 0 1 1 1 1 1 1 0 32645 18.6057
0 0 1 0 1 0 1 0 1 0 1 1 1 0 1 1 1 0 1 0 32649 19.0054
1 1 0 1 1 0 1 1 1 1 1 0 1 1 1 0 0 0 0 1 32653 18.7692
0 0 0 1 0 1 1 1 0 1 1 1 0 1 1 1 1 0 1 0 32658 18.6732
0 0 1 1 1 0 1 1 1 0 1 1 1 0 1 1 1 1 1 0 32662 20.1520
1 1 1 0 0 0 1 1 1 1 1 0 1 0 1 0 0 0 0 0 32668 17.2926
1 1 0 0 1 0 1 1 1 1 1 0 1 1 1 0 0 1 0 0 32672 19.2625
0 0 1 0 0 0 1 0 0 1 1 1 0 1 1 1 1 1 1 1 32677 18.5720
0 0 0 0 1 0 1 1 1 0 1 1 1 0 1 1 1 0 1 1 32681 18.9930
1 1 0 1 0 1 1 0 1 1 1 0 1 0 1 0 0 0 0 0 32685 17.6749
1 1 0 0 1 0 1 0 0 1 1 0 1 1 1 0 0 1 0 1 32692 18.1156
0 0 0 0 1 0 1 0 1 0 0 1 1 0 1 1 1 0 1 1 32703 18.8731
0 0 1 1 1 0 1 1 1 0 0 1 1 0 1 1 1 0 1 1 32712 19.0709
1 1 1 0 0 1 1 1 1 0 1 0 0 0 1 0 0 0 0 1 32720 17.8546
1 1 1 1 1 1 1 0 0 1 1 0 1 1 1 0 0 0 0 1 32730 17.0117
0 0 1 0 0 0 1 0 0 1 0 1 0 1 0 1 1 0 1 0 32738 17.3935
0 0 1 0 0 0 1 0 0 1 0 1 0 1 0 1 1 1 1 1 32743 18.2386
1 1 0 1 0 1 1 0 1 0 1 0 1 0 1 0 0 1 0 0 32747 18.9568
0 0 0 1 1 0 1 1 1 0 0 1 1 0 0 1 1 1 1 0 32753 19.0038
0 0 0 1 0 1 1 0 0 1 0 1 0 1 0 1 1 0 1 1 32758 19.0743
0 0 0 0 0 1 1 0 0 0 1 1 0 0 1 1 1 1 1 0 32763 18.6408
1 1 1 1 1 0 1 1 1 1 0 0 0 1 1 0 0 0 0 1 32765 17.7143
0 0 0 1 1 1 1 0 0 0 1 1 1 1 1 1 1 1 1 0 32770 18.4129
0 0 1 0 0 0 1 0 0 0 1 1 0 1 1 1 1 1 1 0 32773 18.4458
1 1 0 1 0 0 1 1 1 1 0 0 1 0 1 1 0 0 0 1 32775 16.1097
0 0 1 1 1 0 1 1 0 0 1 1 1 1 1 1 1 1 1 0 32780 19.1298
1 1 0 0 1 1 1 1 1 1 0 0 1 1 1 1 0 0 0 1 32782 17.0357
1 1 1 0 0 0 0 1 1 1 0 0 1 0 0 0 0 0 0 0 32788 17.0361
0 0 0 0 0 1 1 0 0 0 1 1 0 1 1 1 1 1 1 1 32793 18.8025
0 0 0 1 0 0 1 1 0 0 1 1 0 0 1 1 1 1 1 1 32796 19.5627
1 1 0 0 0 1 0 1 1 1 0 0 0 0 0 0 0 0 0 0 32798 17.1302
0 0 1 0 0 0 1 1 0 0 1 1 0 1 1 1 1 1 1 1 32803 19.9644
1 1 0 1 1 1 1 1 1 1 0 0 1 1 1 1 0 0 0 0 32805 16.0882
0 1 1 1 1 0 1 0 1 0 0 1 1 0 1 1 1 0 1 0 32812 18.3033
1 0 1 0 1 0 1 0 0 1 1 0 1 1 1 0 0 1 0 1 32822 18.2847
0 1 1 1 0 1 1 1 0 1 0 1 0 1 1 1 1 0 1 1 32832 19.2277
0 0 1 1 1 1 1 0 0 0 0 1 1 0 1 1 1 1 1 0 32834 17.8468
1 0 0 0 1 0 1 1 0 1 0 0 1 1 1 1 0 1 0 1 32836 17.1319
0 1 1 0 1 1 1 0 0 0 0 1 1 0 1 1 1 0 1 1 32839 18.5038
0 0 1 0 0 1 1 0 0 0 0 1 0 1 1 1 1 1 1 1 32841 18.5937
0 1 0 0 0 1 1 1 0 0 0 1 0 0 1 1 1 0 1 0 32844 16.9925
0 0 0 0 1 1 1 0 0 0 0 1 1 1 1 1 1 1 1 1 32847 18.3639
1 1 1 1 0 0 1 1 1 0 0 0 0 0 1 1 0 0 0 0 32849 15.8016
1 0 0 0 0 0 1 1 1 0 0 0 0 0 1 0 0 1 0 0 32851 18.3114
1 1 0 1 0 0 1 1 1 0 0 0 0 0 1 0 0 0 0 1 32854 17.3955
0 1 1 1 1 0 1 1 0 0 0 1 1 0 1 1 1 0 1 1 32856 18.2263
1 1 1 0 1 0 1 1 0 1 0 0 0 1 1 0 0 0 0 0 32858 17.9566
0 0 1 1 0 0 1 0 0 0 0 1 0 1 0 1 1 1 1 1 32864 18.1151
0 0 0 0 1 1 1 0 0 0 0 1 1 1 0 1 1 1 1 0 32869 17.0207
0 0 0 1 1 0 1 1 0 0 0 1 1 0 0 1 1 1 1 1 32874 19.0629
0 0 1 1 1 1 1 1 0 0 0 1 1 1 0 1 1 1 1 0 32879 17.7945
1 1 1 1 1 1 1 1 1 1 0 0 0 1 1 0 0 1 0 1 32883 18.7190
1 1 1 0 0 1 1 1 1 1 0 0 1 0 1 0 0 1 0 1 32886 18.1484
0 0 0 0 1 0 0 1 0 0 1 1 1 0 1 0 1 0 1 0 32891 18.0306
1 0 1 1 1 0 1 0 0 1 1 0 1 1 1 1 0 0 0 0 32893 16.1789
1 1 0 0 0 1 1 1 1 1 0 0 0 0 1 1 0 1 0 1 32896 17.1980
0 0 1 0 0 1 1 1 0 0 1 1 0 1 1 1 1 0 1 0 32901 18.2754
0 1 1 1 1 1 1 0 1 0 0 1 1 1 1 1 1 1 1 0 32906 19.0498
0 0 0 0 1 1 1 1 0 0 1 1 1 0 1 1 1 0 1 1 32909 18.6840
0 0 0 1 0 0 1 0 0 0 1 1 0 0 1 1 1 0 1 1 32914 18.0142
1 0 1 1 1 1 1 1 0 1 1 0 1 1 1 1 0 0 0 1 32916 17.1979
0 0 1 0 1 0 1 0 0 0 1 1 1 0 1 1 1 0 1 1 32919 18.5167
1 1 0 1 1 1 1 1 1 1 0 0 1 1 1 0 0 1 0 0 32923 18.5160
1 1 0 0 0 1 0 1 1 1 0 0 1 0 0 1 0 1 0 0 32926 17.0581
0 1 1 0 1 1 1 0 1 0 0 1 1 0 1 1 1 1 1 1 32935 19.4921
1 0 1 1 0 0 1 0 1 0 1 0 0 0 1 0 0 0 0 0 32945 18.3957
0 1 1 0 0 1 1 0 0 0 0 1 0 0 1 1 1 1 1 0 32953 17.5780
1 0 0 0 1 0 1 1 0 1 0 0 1 1 1 0 0 0 0 1 32954 17.2081
1 1 1 0 0 0 1 1 1 0 0 0 0 0 1 0 0 1 0 0 32957 18.2020
1 1 0 1 1 0 1 1 0 1 0 0 1 1 1 0 0 1 0 0 32959 17.5931
1 1 0 1 1 0 1 1 0 1 0 0 1 1 1 1 0 1 0 0 32961 16.1129
0 0 0 0 0 1 1 0 0 0 0 1 0 1 1 1 1 0 1 0 32965 17.4923
0 1 0 1 0 1 1 0 0 0 0 1 0 1 1 1 1 1 1 1 32968 18.6989
0 1 0 1 0 0 1 1 0 0 0 1 0 0 1 1 1 1 1 1 32970 18.3286
0 1 1 0 1 1 1 1 0 0 0 1 1 0 1 1 1 1 1 1 32972 19.7279
0 0 1 1 1 0 1 1 0 0 0 1 1 0 1 1 1 0 1 0 32975 17.3133
1 0 0 1 1 1 1 1 0 1 0 0 1 1 1 1 0 0 0 1 32976 16.1448
1 1 0 0 0 1 1 1 1 0 0 0 1 0 1 1 0 1 0 1 32980 17.0325
1 1 1 0 1 0 1 1 0 1 0 0 0 1 1 0 0 1 0 1 32984 18.4213
0 0 0 0 0 1 1 0 0 0 0 1 0 1 0 1 1 0 1 1 32991 17.2051
0 0 1 1 1 1 1 1 0 0 0 1 1 0 0 1 1 0 1 1 32995 19.2686
0 0 1 1 1 0 1 1 0 0 0 1 1 0 0 1 1 0 1 1 33000 19.0946
1 0 1 0 1 0 1 1 0 1 1 0 0 1 1 1 0 1 0 0 33007 17.7815
0 1 0 0 0 1 1 1 0 1 0 1 0 0 0 1 1 1 1 1 33018 19.4470
0 1 1 1 1 1 1 0 1 0 0 1 1 1 0 1 1 1 1 0 33026 18.9891
0 1 0 0 1 1 1 1 1 0 0 1 1 1 0 1 1 1 1 0 33036 19.3587
1 0 0 1 1 1 1 1 0 1 1 0 0 1 1 1 0 0 0 1 33046 18.6400
0 1 1 0 0 1 1 0 0 1 0 1 0 1 0 1 1 1 1 0 33051 18.6554
0 1 1 1 0 0 1 0 0 1 0 1 0 1 0 1 1 1 1 1 33056 18.3584
1 0 1 1 0 1 1 0 1 0 1 0 1 0 1 0 0 0 0 1 33061 17.9670
0 1 0 1 1 0 1 1 1 0 0 1 1 0 0 1 1 1 1 1 33066 20.1725
1 0 0 1 0 0 1 0 1 0 1 0 1 0 1 0 0 0 0 0 33071 17.6028
1 0 1 0 0 1 1 1 1 0 0 0 1 0 1 0 0 0 0 0 33074 17.4988
1 0 0 1 1 0 1 1 0 1 0 0 0 1 1 0 0 0 0 0 33079 17.7043
1 0 1 1 1 1 1 1 0 1 0 0 0 1 1 0 0 0 0 1 33084 18.1683
0 1 0 1 0 0 1 1 0 0 0 1 0 0 0 1 1 1 1 1 33090 18.8937
0 1 1 1 0 1 1 1 0 0 0 1 0 1 0 1 1 1 1 0 33095 18.2378
0 1 1 1 1 0 1 0 0 0 0 1 1 1 0 1 1 0 1 0 33098 17.3911
0 1 1 0 1 1 1 0 0 0 0 1 1 0 0 1 1 0 1 1 33103 18.6238
0 1 0 0 0 1 1 1 0 0 0 1 0 0 0 1 1 0 1 0 33108 18.2861
1 0 1 1 0 0 1 1 1 0 0 0 1 0 1 1 0 1 0 0 33113 16.1478
1 0 0 1 0 0 1 1 1 0 0 0 1 0 1 0 0 1 0 1 33118 17.8525
1 1 1 1 1 1 1 1 1 0 1 0 0 1 1 1 0 1 0 0 33121 17.7674
0 0 1 0 0 0 1 1 0 1 1 0 0 0 0 1 1 0 1 1 33127 18.0017
0 1 0 1 1 1 1 0 1 0 1 0 1 1 0 1 1 0 0 0 33131 16.8309
0 0 0 0 1 0 1 0 1 0 1 0 1 1 0 1 1 0 1 1 33137 17.7601
1 1 0 0 1 0 1 1 1 0 1 0 0 1 1 1 0 1 1 0 33141 17.9237
0 1 0 1 0 0 1 1 0 1 1 0 0 1 0 1 1 0 1 0 33146 18.0329
1 1 1 0 1 0 1 1 1 0 1 0 0 0 1 1 0 1 1 0 33155 18.3731
0 0 1 0 1 1 1 0 1 0 1 0 1 1 0 0 1 0 0 1 33166 18.1075
1 0 1 1 1 0 1 1 1 0 1 0 0 1 1 0 0 1 1 1 33174 18.7057
0 1 0 0 0 1 1 0 0 1 1 0 0 1 0 1 1 0 0 0 33185 17.0523
0 1 0 0 1 1 1 1 0 0 1 0 1 0 0 1 1 0 0 0 33193 16.9277
0 1 0 1 1 0 1 0 0 0 1 0 1 1 0 1 1 0 1 0 33198 16.9303
0 1 1 1 1 1 1 1 0 0 1 0 1 1 0 1 1 0 0 0 33202 16.7849
1 0 0 1 0 0 1 1 0 1 0 0 1 0 1 1 0 1 0 1 33207 16.1612
1 0 0 0 0 1 1 1 0 1 0 0 1 0 1 0 0 1 1 1 33211 18.3724
1 0 0 0 0 1 1 1 0 1 0 0 1 0 1 1 0 1 1 1 33216 17.7666
1 1 0 0 1 1 1 0 0 0 1 0 0 0 1 1 0 1 1 0 33221 18.4178
0 0 0 0 0 0 1 1 0 1 0 0 0 0 0 1 1 0 1 1 33226 18.1184
0 0 1 1 0 0 1 1 0 1 0 0 0 0 0 1 1 0 1 1 33231 18.1916
0 0 0 0 1 0 0 1 1 0 0 0 1 1 1 0 1 0 1 1 33235 18.1392
1 1 1 0 1 1 1 0 0 0 1 0 0 1 1 1 0 1 0 0 33239 17.9185
0 1 1 1 0 1 1 1 0 1 1 0 0 0 0 1 1 0 0 1 33244 18.9326
1 1 1 0 0 0 1 1 0 1 1 0 1 0 1 1 0 1 1 1 33248 18.2685
1 1 1 0 0 0 1 0 0 1 1 0 1 0 1 1 0 1 1 1 33254 17.9707
1 1 1 1 1 0 1 0 1 0 1 0 0 1 1 1 0 1 1 1 33258 18.7751
0 0 1 1 0 1 1 0 0 1 1 0 0 0 0 1 1 0 1 0 33264 17.2009
0 1 1 0 1 1 1 1 1 0 1 0 1 0 0 1 1 0 1 1 33271 19.8241
1 1 1 0 0 1 1 0 0 1 1 0 1 1 1 1 0 1 1 1 33281 19.0870
1 1 0 1 1 1 1 1 1 0 1 0 0 0 1 1 0 1 0 1 33289 19.8616
0 0 0 1 1 1 1 0 1 0 1 0 1 1 0 0 1 0 1 0 33299 18.9393
1 1 0 0 1 0 1 1 1 0 1 0 0 0 1 1 0 1 0 1 33309 19.2137
1 0 1 0 0 0 1 1 0 1 0 0 1 0 1 0 0 1 0 0 33316 16.8442
1 0 0 0 1 1 1 1 1 0 0 0 0 1 1 0 0 1 1 0 33320 18.9912
0 1 1 0 0 1 1 1 0 0 1 0 0 0 0 1 1 0 1 1 33325 18.8855
0 1 0 0 1 1 1 0 0 0 1 0 1 1 0 1 1 0 0 1 33329 15.7085
1 0 0 1 0 1 1 1 0 1 0 0 1 0 1 1 0 1 0 0 33333 15.8442
1 1 0 0 1 1 1 1 0 0 1 0 0 0 1 1 0 1 1 1 33339 19.2821
0 0 0 0 0 0 1 1 0 1 0 0 0 0 0 0 1 0 1 0 33344 17.7775
0 0 1 0 1 0 1 1 1 0 0 0 1 1 0 1 1 0 0 0 33348 17.9237
1 1 1 1 1 0 1 1 0 0 1 0 0 0 1 1 0 1 1 1 33352 19.7972
1 1 1 1 1 1 1 0 0 0 1 0 0 0 1 1 0 1 1 1 33356 19.1657
0 1 1 0 1 0 1 1 1 0 1 0 1 1 0 0 1 0 0 1 33363 18.6419
1 0 1 1 1 1 1 0 1 0 1 0 0 0 1 1 0 1 1 0 33373 18.6674
1 1 0 1 0 1 1 0 0 1 1 0 1 0 1 0 0 1 0 1 33383 17.8476
1 1 0 1 1 1 1 1 1 0 1 0 0 1 1 0 0 1 0 0 33391 19.3324
0 1 0 0 0 1 1 0 0 1 1 0 0 0 0 0 1 0 0 0 33402 18.5945
1 1 1 1 0 0 1 1 0 1 1 0 1 1 1 0 0 1 0 0 33409 18.6069
1 1 1 1 0 1 1 1 0 1 1 0 1 1 1 0 0 1 0 0 33414 18.5352
1 1 0 0 1 1 1 0 1 0 1 0 0 0 1 0 0 1 0 0 33418 19.3135
0 0 0 1 0 1 1 0 0 1 1 0 0 1 0 0 1 0 1 0 33425 19.2538
0 1 1 1 1 1 1 0 1 0 1 0 1 0 0 0 1 0 0 0 33429 19.9199
0 1 1 0 1 0 1 1 0 0 1 0 1 1 0 0 1 0 0 0 33433 17.5107
1 0 1 0 1 0 1 1 1 0 0 0 0 0 1 0 0 1 1 0 33437 18.8988
0 1 1 1 0 1 1 1 0 0 1 0 0 1 0 0 1 0 0 1 33442 18.2146
0 1 0 1 1 1 1 1 0 0 1 0 1 1 0 0 1 0 0 1 33448 17.5043
1 0 0 1 0 1 1 1 0 1 0 0 1 1 1 0 0 1 1 0 33452 18.6406
1 0 0 1 1 0 1 1 1 0 0 0 0 0 1 1 0 1 1 1 33456 18.4689
0 0 1 0 0 1 1 1 0 1 0 0 0 1 0 0 1 0 1 0 33461 18.7998
0 0 0 1 1 1 1 1 1 0 0 0 1 0 0 1 1 0 1 0 33465 19.2302
1 1 0 0 0 1 1 1 0 0 1 0 1 1 1 0 0 1 0 1 33471 17.2072
1 1 1 1 1 1 1 0 0 0 1 0 0 0 1 0 0 1 0 1 33475 18.9233
1 1 1 1 0 0 1 0 0 0 1 0 1 0 1 0 0 1 0 1 33480 18.8697
0 1 0 1 1 1 1 1 1 0 1 0 1 1 0 0 1 0 1 1 33488 20.0991
1 1 1 0 0 1 1 0 0 1 1 0 1 0 1 0 0 1 1 1 33498 18.9650
1 1 1 0 1 1 1 1 1 0 1 0 0 1 1 0 0 1 1 0 33506 19.6176
0 1 0 0 1 0 1 1 1 0 1 0 1 1 0 0 1 0 1 0 33517 19.4813
0 1 1 1 1 0 1 0 1 0 1 0 1 1 0 0 1 0 1 0 33527 19.4337
1 1 0 1 0 0 1 0 0 1 1 0 1 1 1 0 0 1 1 1 33531 19.1792
0 1 1 1 1 1 1 1 1 0 1 0 1 0 0 0 1 0 1 1 33536 20.2190
0 1 0 1 0 1 1 1 0 1 1 0 0 1 0 0 1 0 1 0 33542 19.7762
1 1 1 1 0 1 1 0 0 1 1 0 1 1 1 0 0 1 1 1 33546 19.2317
1 0 0 1 1 0 1 0 1 0 1 0 0 0 1 0 0 1 0 0 33551 19.3055
1 0 1 0 1 1 1 1 1 0 0 0 0 0 1 0 0 1 0 0 33554 18.7447
0 1 1 1 0 0 1 1 0 0 1 0 0 1 0 0 1 0 1 1 33560 18.7006
0 1 0 0 1 1 1 1 0 0 1 0 1 1 0 0 1 0 1 0 33565 18.4740
0 1 0 1 1 0 1 0 0 0 1 0 1 0 0 0 1 0 1 1 33570 18.9823
0 1 1 1 1 1 1 0 0 0 1 0 1 1 0 0 1 0 1 0 33575 18.4372
1 1 1 1 0 0 1 1 0 0 1 0 1 1 1 0 0 1 1 0 33578 18.6164
1 1 1 0 0 1 1 1 0 0 1 0 1 0 1 0 0 1 1 1 33583 19.1206
1 1 0 0 0 1 1 0 0 0 1 0 1 0 1 0 0 1 1 0 33588 19.1147
1 1 0 1 1 1 1 0 0 0 1 0 0 1 1 0 0 1 1 0 33593 19.7970
0 0 0 1 0 1 0 1 0 1 0 0 0 1 1 1 1 0 0 0 33599 16.1765
0 0 0 0 1 1 1 1 0 0 1 0 1 0 0 1 1 0 1 0 33603 17.9901
1 1 0 1 0 0 1 1 0 1 0 0 1 0 1 0 0 1 1 1 33607 17.5200
1 1 1 1 1 0 1 1 1 0 0 0 0 1 1 1 0 1 0 1 33611 16.8096
1 1 0 0 0 0 1 1 0 1 0 0 1 0 1 1 0 1 0 1 33616 16.1560
1 1 0 1 0 1 1 1 0 1 0 0 1 0 1 0 0 1 1 1 33620 18.1548
1 1 1 0 0 0 1 1 0 1 0 0 1 0 1 0 0 1 1 0 33626 17.6334
1 1 1 1 1 0 1 1 1 0 0 0 0 1 1 0 0 1 1 0 33630 18.2803
0 0 0 0 0 1 1 0 0 0 1 0 0 1 0 1 1 0 1 1 33635 17.8493
0 0 1 1 0 1 1 1 0 0 1 0 0 1 0 1 1 0 1 1 33640 18.5942
0 0 1 1 1 0 1 0 0 0 1 0 1 1 0 1 1 0 1 1 33644 17.3217
0 0 1 0 1 1 1 1 0 0 1 0 1 0 0 0 1 0 0 0 33649 17.6670
0 0 0 0 0 1 1 0 0 0 1 0 0 0 0 0 1 0 0 1 33654 18.2182
0 0 1 1 1 1 1 1 0 0 1 0 1 1 0 0 1 0 0 1 33658 17.7128
1 1 1 0 0 0 1 1 0 1 0 0 1 1 1 1 0 1 1 0 33664 17.0563
1 1 0 1 1 0 1 1 1 0 0 0 0 0 1 0 0 1 1 0 33668 18.9826
0 0 1 0 0 0 1 1 0 0 1 0 0 1 0 0 1 0 1 0 33673 18.5037
0 0 0 1 1 1 1 0 0 0 1 0 1 0 0 0 1 0 1 1 33677 18.5611
1 1 0 1 0 0 1 1 0 1 0 0 1 1 1 1 0 1 0 0 33681 16.1601
1 1 1 1 1 1 1 1 1 0 0 0 0 0 1 1 0 1 0 0 33687 17.3623
0 0 1 0 0 1 1 0 0 0 1 0 0 0 0 0 1 0 1 1 33692 18.7405
1 1 0 1 0 1 1 1 0 1 0 0 1 1 1 1 0 1 0 1 33696 17.0252
1 1 1 0 0 1 0 1 0 0 0 0 1 0 0 0 0 1 1 0 33697 18.1349
0 0 1 1 1 1 1 1 0 0 0 0 1 0 0 0 1 0 1 0 33698 18.2304
1 1 1 0 0 0 1 1 0 0 0 0 1 0 1 0 0 1 1 0 33699 18.1021
0 0 0 1 0 0 1 1 0 0 0 0 0 1 0 1 1 0 1 1 33701 18.6556
1 1 0 0 0 1 1 1 0 0 0 0 1 0 1 1 0 1 1 1 33702 17.6850
1 1 1 0 0 0 1 1 0 0 0 0 1 1 1 0 0 1 1 1 33703 17.7158
0 0 0 1 1 1 0 1 0 0 0 0 1 0 1 0 1 0 1 0 33704 18.1015
0 0 0 1 1 0 1 1 0 0 0 0 1 1 0 1 1 0 0 0 33705 16.8861
1 1 0 0 1 1 1 1 0 0 0 0 0 0 1 1 0 1 0 0 33706 16.8735
0 0 1 1 1 1 1 1 0 0 0 0 1 1 0 0 1 0 0 1 33708 17.0740
0 0 0 1 0 0 1 1 0 0 0 0 0 0 0 0 1 0 1 0 33710 17.8183
1 1 1 1 0 0 1 1 0 0 0 0 1 1 1 1 0 1 0 0 33711 15.1969
0 0 1 1 0 0 0 1 0 0 0 0 0 0 1 1 1 0 0 0 33713 15.9427
1 1 1 1 1 0 1 1 0 0 0 0 0 0 1 1 0 1 0 0 33713 16.8817
1 1 0 1 0 1 0 1 0 0 0 0 1 1 0 1 0 1 1 1 33714 17.5957
1 1 1 1 1 0 1 1 0 0 0 0 0 1 1 1 0 1 1 1 33715 18.5541
0 0 1 1 1 1 1 1 0 0 0 0 1 0 0 1 1 0 1 0 33717 18.1619
1 1 0 1 1 1 1 1 0 0 0 0 0 1 1 0 0 1 0 1 33718 18.2894
1 1 0 1 1 0 0 1 0 0 0 0 0 0 0 1 0 1 0 0 33719 17.5106
1 1 0 1 0 0 1 1 0 0 0 0 1 0 1 1 0 1 0 1 33720 17.9052
1 0 0 0 0 1 1 1 0 0 1 0 1 0 1 1 0 1 1 0 33723 17.6839
1 0 1 0 1 1 1 1 0 0 1 0 0 0 1 1 0 1 0 0 33727 17.8523
0 1 1 0 0 1 1 1 0 1 0 0 0 0 0 1 1 0 0 1 33732 18.9030
1 0 1 1 0 1 1 1 0 0 1 0 1 1 1 1 0 1 1 0 33736 17.1143
1 0 1 1 1 0 1 0 0 0 1 0 0 1 1 1 0 1 1 0 33740 18.5678
1 0 0 1 1 1 1 1 0 0 1 0 0 0 1 1 0 1 0 1 33746 19.0129
0 1 0 1 0 0 1 1 0 1 0 0 0 0 0 0 1 0 1 0 33751 17.8936
0 1 1 1 1 0 1 1 1 0 0 0 1 1 0 1 1 0 0 0 33755 18.1753
0 1 0 0 1 1 1 1 1 0 0 0 1 1 0 1 1 0 0 0 33760 18.1052
0 1 0 1 1 0 1 1 1 0 0 0 1 1 0 0 1 0 1 0 33764 18.8481
1 0 1 0 0 0 1 1 0 0 1 0 1 1 1 0 0 1 0 0 33769 17.1740
0 1 1 1 1 0 1 1 1 0 0 0 1 0 0 0 1 0 1 0 33774 19.0562
1 0 1 1 0 1 1 1 0 0 1 0 1 1 1 0 0 1 0 1 33778 17.8664
1 0 0 1 1 1 1 1 0 0 1 0 0 1 1 0 0 1 0 1 33784 19.5497
0 1 0 0 0 1 1 1 0 1 0 0 0 1 0 0 1 0 1 1 33789 19.4145
0 1 1 1 0 0 1 1 0 1 0 0 0 1 0 0 1 0 0 0 33793 17.2455
1 0 0 1 0 1 1 0 0 0 1 0 1 0 1 0 0 1 1 1 33797 18.8360
1 0 1 0 1 1 1 1 0 0 1 0 0 1 1 0 0 1 1 1 33801 19.3941
0 1 1 0 0 0 1 1 0 1 0 0 0 1 0 1 1 0 0 0 33808 17.6360
0 1 0 1 1 0 1 1 1 0 0 0 1 0 0 0 1 0 0 0 33812 19.0821
1 0 1 1 1 0 1 0 0 0 1 0 0 0 1 0 0 1 1 1 33816 19.4039
1 0 1 0 0 1 1 1 0 0 0 0 1 0 1 0 0 1 1 0 33817 18.7296
1 0 0 1 0 0 0 1 0 0 0 0 1 1 0 0 0 1 1 1 33818 17.4981
1 0 0 1 0 0 1 1 0 0 0 0 1 1 1 1 0 1 0 1 33819 16.1887
0 1 0 1 0 1 1 1 0 0 0 0 0 0 0 1 1 0 1 1 33821 18.5676
1 0 1 1 0 1 1 1 0 0 0 0 1 1 1 0 0 1 0 0 33822 16.7320
1 0 0 0 0 1 0 1 0 0 0 0 1 0 0 0 0 1 1 0 33823 18.3109
0 1 0 1 1 1 1 1 0 0 0 0 1 0 0 0 1 0 1 0 33824 18.2308
0 1 0 1 1 1 1 1 0 0 0 0 1 0 0 1 1 0 0 0 33825 18.1850
1 0 1 1 1 1 1 1 0 0 0 0 0 1 1 0 0 1 1 1 33826 18.8885
1 0 1 1 0 0 1 1 0 0 0 0 1 0 1 0 0 1 0 1 33828 16.8091
0 1 1 0 0 0 1 1 0 0 0 0 0 1 0 1 1 0 0 1 33830 17.8641
1 0 1 1 0 1 1 1 0 0 0 0 1 0 1 1 0 1 0 0 33831 17.0146
0 1 1 1 0 0 1 1 0 0 0 0 0 0 0 1 1 0 0 0 33833 17.8725
1 0 0 1 1 1 0 1 0 0 0 0 0 1 0 1 0 1 1 0 33833 18.4772
1 0 0 1 0 1 1 1 0 0 0 0 1 1 1 1 0 1 1 1 33834 17.1101
1 0 1 1 1 1 1 1 0 0 0 0 0 0 1 1 0 1 1 1 33835 18.2340
0 1 0 0 1 1 1 1 0 0 0 0 1 1 0 0 1 0 0 1 33837 17.2412
0 1 0 1 0 0 0 1 0 0 0 0 0 0 1 1 1 0 0 0 33839 15.8229
1 0 0 1 1 0 1 1 0 0 0 0 0 0 1 1 0 1 0 0 33839 16.8757
1 0 1 1 0 0 0 1 0 0 0 0 1 0 0 1 0 1 1 1 33840 18.3302
0 1 1 1 1 1 1 1 1 0 1 0 1 1 0 1 1 1 0 0 33842 18.2386
1 0 1 1 0 0 1 1 0 1 1 0 1 0 1 1 0 0 1 1 33847 17.3018
0 1 0 0 1 1 1 0 1 0 1 0 1 1 0 1 1 1 0 0 33852 17.7564
1 0 1 0 1 0 1 0 1 0 1 0 0 1 1 1 0 0 1 1 33857 16.9695
1 1 0 1 1 0 1 1 1 0 1 0 0 1 1 1 0 0 1 0 33862 16.9022
0 0 1 0 1 0 1 1 1 0 1 0 1 1 0 0 1 1 0 1 33867 18.3344
1 1 1 1 1 1 1 0 1 0 1 0 0 0 1 1 0 0 1 0 33877 17.6465
1 1 0 0 0 1 1 0 0 1 1 0 1 1 1 1 0 0 1 0 33887 17.1111
1 1 1 1 1 1 1 1 1 0 1 0 0 0 1 1 0 0 0 0 33895 17.3201
0 1 0 1 0 1 1 0 0 1 1 0 0 1 0 1 1 1 0 0 33906 17.9694
0 1 0 1 1 1 1 1 0 0 1 0 1 0 0 1 1 1 0 0 33914 18.1866
1 0 1 1 1 0 0 1 1 0 0 0 0 1 0 0 0 0 1 1 33918 17.4656
1 0 1 0 1 1 1 1 1 0 0 0 0 1 1 1 0 0 0 1 33922 16.7332
0 1 1 1 0 0 1 1 0 0 1 0 0 0 0 1 1 1 1 0 33928 18.1128
0 1 1 1 0 1 1 0 0 0 1 0 0 0 0 1 1 1 1 0 33932 18.0513
1 1 0 0 0 1 1 1 0 0 1 0 1 0 1 1 0 0 0 0 33937 16.7584
0 0 1 1 1 0 1 1 1 0 0 0 1 1 0 0 1 1 1 1 33942 18.5998
1 1 1 1 0 0 1 1 0 0 1 0 1 0 1 1 0 0 0 0 33946 16.6747
1 1 1 0 0 1 1 1 0 0 1 0 1 1 1 1 0 0 1 0 33951 16.1029
1 1 1 0 1 0 1 0 0 0 1 0 0 1 1 1 0 0 1 0 33955 17.6264
1 1 1 1 1 1 1 0 0 0 1 0 0 1 1 1 0 0 0 0 33960 16.9925
0 1 0 1 0 0 1 0 0 1 1 0 0 0 0 1 1 1 1 1 33965 18.8294
0 1 1 0 1 0 1 1 1 0 1 0 1 1 0 1 1 1 1 1 33969 20.0406
1 1 1 1 0 0 1 0 0 1 1 0 1 0 1 1 0 0 0 1 33975 16.1350
1 1 0 0 1 0 1 1 1 0 1 0 0 1 1 1 0 0 0 1 33979 17.0824
1 0 0 1 0 1 1 0 0 1 1 0 1 0 1 1 0 0 1 0 33984 16.7705
0 1 1 1 1 1 1 1 1 0 1 0 1 0 0 1 1 1 1 1 33992 20.6495
1 1 1 1 0 1 1 0 0 1 1 0 1 1 1 1 0 0 1 1 34002 18.0249
1 1 0 0 1 1 1 1 1 0 1 0 0 0 1 1 0 0 0 1 34010 18.4385
0 0 0 0 1 0 1 1 1 0 1 0 1 1 0 0 1 1 1 0 34021 18.1617
0 1 1 0 1 0 1 0 1 0 1 0 1 0 0 1 1 1 0 1 34031 20.1761
0 1 0 0 1 0 1 0 0 0 1 0 1 1 0 1 1 1 1 1 34037 18.8913
0 1 1 0 1 1 1 1 0 0 1 0 1 1 0 1 1 1 0 1 34041 17.9184
0 1 1 1 0 1 1 1 0 0 1 0 0 0 0 1 1 1 1 1 34046 19.2684
0 1 0 1 1 1 1 0 0 0 1 0 1 1 0 1 1 1 0 1 34050 17.7984
1 0 0 0 0 1 1 1 0 1 0 0 1 0 1 1 0 0 0 0 34054 14.9470
1 1 0 1 1 1 1 1 0 0 1 0 0 0 1 1 0 0 1 1 34060 18.7390
0 0 0 1 0 0 1 1 0 1 0 0 0 0 0 1 1 1 1 0 34065 17.5031
0 0 0 1 1 1 1 1 1 0 0 0 1 1 0 0 1 1 0 0 34069 18.2480
1 1 0 0 0 1 1 0 0 0 1 0 1 1 1 1 0 0 0 1 34073 16.1993
1 1 1 0 1 1 1 0 0 0 1 0 0 1 1 1 0 0 1 1 34077 18.5146
0 0 0 1 1 1 1 0 1 0 1 0 1 0 0 1 1 1 1 0 34085 19.2280
1 1 1 1 1 1 1 0 1 0 1 0 0 1 1 0 0 0 0 1 34095 17.8152
1 1 0 0 0 1 1 0 0 1 1 0 1 0 1 0 0 0 0 1 34104 16.6729
1 1 0 0 1 1 1 1 1 0 1 0 0 1 1 0 0 0 0 0 34112 17.9344
0 0 1 1 1 1 1 0 1 0 1 0 1 0 0 1 1 1 1 1 34123 19.8749
0 1 1 1 0 0 1 1 0 1 1 0 0 1 0 0 1 1 0 0 34130 17.9579
0 0 1 0 1 1 1 1 1 0 1 0 1 0 0 0 1 1 1 1 34135 19.7854
1 1 1 0 1 0 1 1 1 0 1 0 0 0 1 0 0 0 0 1 34139 18.1022
1 0 1 1 0 1 1 0 0 1 1 0 1 1 1 0 0 0 1 0 34145 18.4956
0 1 1 0 1 1 1 0 1 0 1 0 1 0 0 0 1 1 0 0 34150 19.4896
1 0 0 1 1 1 1 1 1 0 0 0 0 0 1 0 0 0 1 1 34153 18.2416
1 0 1 1 1 0 1 1 1 0 0 0 0 0 1 0 0 0 1 0 34158 18.3848
0 1 0 1 0 1 1 0 0 0 1 0 0 0 0 0 1 1 0 0 34163 18.4350
0 1 0 1 0 1 1 0 0 0 1 0 0 1 0 0 1 1 0 0 34169 18.0242
1 0 0 0 0 1 1 1 0 1 0 0 1 1 1 0 0 0 1 1 34173 18.0971
0 0 1 1 1 1 1 1 1 0 0 0 1 0 0 0 1 1 1 0 34177 20.1142
0 0 1 1 0 1 1 1 0 1 0 0 0 1 0 0 1 1 1 0 34182 19.3994
0 0 0 0 1 1 1 1 1 0 0 0 1 0 0 1 1 1 1 0 34186 18.5304
1 1 0 1 0 1 1 1 0 0 1 0 1 1 1 0 0 0 0 1 34192 16.8019
1 1 1 0 1 1 1 0 0 0 1 0 0 0 1 0 0 0 0 1 34196 17.8622
0 1 1 0 0 0 1 1 0 1 1 0 0 0 0 0 1 1 1 1 34201 18.4780
1 1 0 1 1 1 1 0 1 0 1 0 0 1 1 0 0 0 1 1 34209 18.6159
0 0 1 0 1 1 1 0 1 0 1 0 1 0 0 1 1 1 0 0 34220 19.0182
1 0 0 0 1 1 1 0 1 0 1 0 0 0 1 1 0 0 0 1 34228 17.4392
0 0 0 0 1 0 1 1 1 0 1 0 1 0 0 1 1 1 0 1 34239 19.0951
0 1 1 0 1 0 1 0 1 0 1 0 1 1 0 0 1 1 1 0 34248 19.7239
1 1 0 0 0 0 1 0 0 1 1 0 1 1 1 0 0 0 1 1 34252 17.8916
1 1 1 0 1 1 1 1 1 0 1 0 0 0 1 0 0 0 1 1 34256 18.6170
0 1 0 0 0 1 1 1 0 1 1 0 0 1 0 0 1 1 1 1 34263 19.7742
0 1 1 1 1 1 1 0 1 0 1 0 1 0 0 0 1 1 1 1 34267 20.2374
0 0 1 1 1 0 1 0 1 0 1 0 1 0 0 0 1 1 0 1 34272 19.9739
1 0 0 1 1 1 1 1 1 0 0 0 0 0 1 1 0 0 0 1 34275 17.1710
1 0 0 0 0 0 1 1 0 1 0 0 1 1 1 0 0 0 0 0 34280 17.0107
0 1 0 1 1 1 1 1 0 0 1 0 1 1 0 0 1 1 1 0 34286 18.5590
1 0 1 1 1 0 0 1 1 0 0 0 0 0 0 1 0 0 0 1 34290 18.5915
1 0 0 1 1 0 1 1 1 0 0 0 0 0 1 1 0 0 0 0 34295 16.1244
0 0 0 1 0 0 1 1 0 1 0 0 0 1 0 1 1 1 0 1 34299 17.8617
0 0 1 0 0 0 1 1 0 1 0 0 0 1 0 0 1 1 0 1 34304 17.9980
1 1 0 0 0 1 1 1 0 0 1 0 1 1 1 0 0 0 1 0 34309 17.1313
0 0 1 1 1 0 1 1 1 0 0 0 1 0 0 1 1 1 0 1 34314 20.0288
1 1 1 1 0 0 1 0 0 0 1 0 1 0 1 0 0 0 1 0 34319 17.9959
0 0 0 1 1 1 1 1 0 0 1 0 1 0 0 1 1 1 1 0 34324 18.1777
1 1 0 0 0 0 1 1 0 1 0 0 1 0 1 0 0 0 1 1 34328 17.1591
1 1 1 0 1 0 1 1 1 0 0 0 0 1 1 1 0 0 0 1 34332 15.8709
0 0 0 0 0 1 1 0 0 0 1 0 0 1 0 1 1 1 0 0 34337 17.5922
0 0 1 0 1 1 1 0 0 0 1 0 1 1 0 1 1 1 1 0 34341 17.7330
1 1 1 1 0 0 1 1 0 1 0 0 1 0 1 0 0 0 0 0 34347 16.0685
1 1 0 1 1 1 1 1 1 0 0 0 0 1 1 0 0 0 1 0 34351 18.5273
0 0 0 1 0 1 1 0 0 0 1 0 0 1 0 1 1 1 1 1 34356 18.8342
1 1 1 0 0 0 1 1 0 1 0 0 1 0 1 1 0 0 1 0 34360 15.1797
1 1 0 1 1 0 0 1 1 0 0 0 0 1 0 0 0 0 1 0 34364 17.8458
1 1 1 1 1 1 1 1 1 0 0 0 0 0 1 0 0 0 1 0 34369 18.5213
0 0 1 0 0 0 1 1 0 0 1 0 0 1 0 0 1 1 0 1 34375 18.1210
0 0 0 1 1 1 1 0 0 0 1 0 1 0 0 0 1 1 0 0 34379 18.2749
0 0 0 1 1 0 1 0 0 0 1 0 1 0 0 0 1 1 0 0 34385 18.5996
1 1 0 0 1 0 1 1 1 0 0 0 0 0 1 0 0 0 1 1 34389 18.4157
1 1 0 1 0 0 1 1 0 1 0 0 1 1 1 0 0 0 0 1 34393 15.1957
0 0 0 0 1 1 1 0 0 0 1 0 1 0 0 0 1 1 1 1 34398 18.4082
1 1 0 0 0 0 1 1 0 1 0 0 1 1 1 1 0 0 0 0 34402 15.1315
1 1 1 0 1 1 1 1 1 0 0 0 0 0 1 1 0 0 0 0 34408 16.2969
0 0 1 1 0 1 1 0 0 0 1 0 0 0 0 0 1 1 1 0 34413 17.6688
0 0 0 0 0 0 1 1 0 0 0 0 0 1 0 0 1 1 1 1 34417 18.7383
1 1 1 0 1 0 0 1 0 0 0 0 0 1 0 0 0 0 1 0 34417 18.4686
1 1 1 1 0 0 1 1 0 0 0 0 1 1 1 0 0 0 1 0 34418 17.0634
1 1 1 0 1 0 1 1 0 0 0 0 0 0 1 0 0 0 1 0 34419 18.1557
0 0 0 1 1 0 1 1 0 0 0 0 1 1 0 1 1 1 1 1 34421 18.3622
1 1 0 0 1 1 1 1 0 0 0 0 0 0 1 1 0 0 1 1 34422 17.1712
1 1 1 0 0 1 1 1 0 0 0 0 1 0 1 0 0 0 1 1 34423 18.1780
1 1 0 1 0 0 0 1 0 0 0 0 1 1 0 0 0 0 1 0 34424 17.0631
1 1 0 1 0 0 1 1 0 0 0 0 1 1 1 1 0 0 0 0 34425 14.2528
0 0 0 1 0 1 1 1 0 0 0 0 0 0 0 1 1 1 1 0 34427 17.8859
1 1 1 1 0 1 1 1 0 0 0 0 1 1 1 0 0 0 0 1 34428 15.9699
0 0 0 1 1 0 1 1 0 0 0 0 1 0 0 0 1 1 1 0 34430 18.4116
1 1 1 1 1 0 1 1 0 0 0 0 0 1 1 1 0 0 0 0 34431 15.9497
0 0 1 1 0 1 0 1 0 0 0 0 0 1 1 1 1 1 0 0 34433 17.0784
1 1 1 1 1 1 1 1 0 0 0 0 0 1 1 1 0 0 0 0 34433 15.9771
1 1 0 1 1 0 0 1 0 0 0 0 0 0 0 1 0 0 1 1 34434 18.8066
0 0 1 0 0 0 1 1 0 0 0 0 0 1 0 1 1 1 1 1 34436 18.6651
1 1 1 1 0 1 1 1 0 0 0 0 1 0 1 1 0 0 1 0 34437 15.8917
0 0 1 1 0 0 1 1 0 0 0 0 0 0 0 1 1 1 1 0 34439 17.8222
1 1 0 1 1 1 0 1 0 0 0 0 0 1 0 1 0 0 0 0 34439 17.5549
1 1 0 1 0 1 1 1 0 0 0 0 1 1 1 1 0 0 0 1 34440 15.1444
1 0 0 1 0 1 1 1 0 0 1 0 1 0 1 1 0 0 1 0 34444 16.6064
1 0 1 1 1 1 1 1 0 0 1 0 0 0 1 1 0 0 0 0 34448 16.8224
0 1 0 1 0 0 1 1 0 1 0 0 0 0 0 0 1 1 0 1 34453 18.6879
0 1 1 1 1 0 1 1 1 0 0 0 1 1 0 1 1 1 1 1 34457 19.6078
1 0 1 0 0 1 1 0 0 0 1 0 1 1 1 1 0 0 1 0 34461 16.1804
1 0 0 0 1 1 1 1 0 0 1 0 0 0 1 1 0 0 1 1 34467 17.6727
0 1 0 0 0 0 1 1 0 1 0 0 0 0 0 0 1 1 1 0 34472 18.3715
0 1 1 0 1 0 1 1 1 0 0 0 1 1 0 1 1 1 0 0 34476 18.2399
1 0 1 1 1 0 1 1 0 0 1 0 0 0 1 1 0 0 1 1 34480 18.4326
1 0 1 1 1 1 1 0 0 0 1 0 0 0 1 1 0 0 1 1 34484 17.5444
0 1 0 0 0 0 1 1 0 1 0 0 0 1 0 0 1 1 1 1 34490 18.9915
0 1 1 1 0 0 1 1 0 1 0 0 0 1 0 0 1 1 1 1 34495 18.8383
1 0 0 1 0 1 1 0 0 0 1 0 1 0 1 0 0 0 0 0 34499 16.3885
0 1 1 1 1 0 1 1 1 0 0 0 1 0 0 1 1 1 1 0 34505 19.3655
0 1 0 1 0 1 1 1 0 1 0 0 0 1 0 0 1 1 1 1 34510 19.9193
1 0 1 0 0 1 1 1 0 0 1 0 1 0 1 0 0 0 1 0 34513 18.2304
1 0 0 0 0 1 1 0 0 0 1 0 1 0 1 0 0 0 1 1 34518 18.0031
1 0 1 1 1 1 1 1 0 0 1 0 0 1 1 0 0 0 1 1 34522 19.4106
0 1 1 1 0 1 0 1 0 1 0 0 0 1 1 1 1 1 0 0 34529 17.1789
0 1 0 0 1 0 1 1 1 0 0 0 1 0 0 0 1 1 0 1 34533 19.7190
0 1 1 0 0 0 0 1 0 0 0 0 0 1 1 0 1 1 1 0 34537 18.9408
1 0 1 0 1 0 1 1 0 0 0 0 0 1 1 0 0 0 1 0 34537 18.6730
1 0 0 1 0 1 0 1 0 0 0 0 1 0 0 0 0 0 1 1 34538 17.5895
1 0 0 1 1 0 1 1 0 0 0 0 0 1 1 1 0 0 0 1 34539 16.8616
0 1 0 1 1 1 1 1 0 0 0 0 1 0 0 1 1 1 1 1 34541 17.8602
1 0 1 1 1 1 1 1 0 0 0 0 0 1 1 0 0 0 0 0 34542 17.7574
1 0 0 0 1 0 0 1 0 0 0 0 0 1 0 0 0 0 1 0 34543 18.5123
1 0 0 1 0 0 1 1 0 0 0 0 1 1 1 0 0 0 1 0 34544 16.9601
1 0 0 1 0 1 1 1 0 0 0 0 1 0 1 1 0 0 0 0 34545 15.6923
0 1 1 0 0 1 1 1 0 0 0 0 0 1 0 0 1 1 0 1 34547 18.2163
1 0 1 1 1 0 1 1 0 0 0 0 0 0 1 0 0 0 0 1 34548 17.6369
0 1 1 0 1 0 1 1 0 0 0 0 1 1 0 1 1 1 0 1 34550 17.6456
1 0 1 1 1 1 1 1 0 0 0 0 0 0 1 1 0 0 0 0 34551 15.8778
0 1 1 1 0 1 1 1 0 0 0 0 0 1 0 1 1 1 0 0 34553 17.7439
0 1 0 1 0 0 0 1 0 0 0 0 0 0 1 1 1 1 1 1 34554 17.9455
1 0 0 1 1 0 1 1 0 0 0 0 0 0 1 1 0 0 1 1 34554 17.3583
0 1 1 0 0 1 1 1 0 0 0 0 0 0 0 1 1 1 1 1 34556 18.8397
1 0 0 0 0 1 1 1 0 0 0 0 1 1 1 0 0 0 0 1 34557 16.0917
0 1 0 1 0 1 0 1 0 0 0 0 0 1 1 1 1 1 0 0 34559 16.6185
1 0 0 1 1 1 1 1 0 0 0 0 0 1 1 1 0 0 0 0 34559 15.8613
1 0 1 1 0 1 0 1 0 0 0 0 1 1 0 1 0 0 1 1 34560 17.6546
1 1 1 0 1 1 1 1 1 0 1 0 1 1 1 1 0 1 0 0 34561 17.0195
0 0 1 1 0 1 1 1 0 1 1 0 0 0 1 1 1 1 0 1 34564 19.6006
0 0 1 0 0 0 1 1 0 1 1 0 0 0 1 1 1 1 1 1 34567 18.3884
1 1 1 0 0 0 1 1 0 1 1 0 0 0 1 1 0 0 1 0 34568 16.7943
0 1 0 1 1 1 1 0 1 0 1 0 1 1 1 1 1 1 0 0 34571 18.0755
1 0 0 1 0 1 1 1 0 1 1 0 0 0 1 1 0 1 0 1 34574 19.2670
0 0 0 0 1 0 1 0 1 0 1 0 1 1 1 1 1 1 1 1 34577 18.6843
1 1 1 1 1 0 1 0 1 0 1 0 1 1 1 1 0 0 1 0 34578 17.1011
1 1 1 1 1 1 1 0 1 0 1 0 1 1 1 1 0 1 0 0 34581 17.0830
0 0 0 1 0 1 1 0 0 1 1 0 0 0 1 1 1 0 1 1 34584 15.5149
0 1 0 1 0 0 1 1 0 1 1 0 0 1 1 1 1 1 1 0 34586 18.2276
0 0 0 0 1 1 1 1 1 0 1 0 1 1 1 0 1 1 0 1 34591 18.5129
1 1 1 0 1 0 1 1 1 0 1 0 1 0 1 1 0 0 1 0 34595 17.0596
1 0 0 1 0 1 1 0 0 1 1 0 0 0 1 0 0 1 0 1 34601 19.0296
0 1 0 1 1 0 1 1 1 0 1 0 1 0 1 1 1 0 1 0 34606 18.0306
1 0 1 0 1 1 1 1 1 0 1 0 1 1 1 0 0 1 1 1 34609 18.0051
1 1 0 0 1 1 1 0 1 0 1 0 1 0 1 1 0 1 0 0 34614 18.2797
0 1 1 0 0 1 1 1 0 1 1 0 0 1 1 1 1 0 0 0 34619 17.1039
0 1 0 0 0 1 1 0 0 1 1 0 0 1 1 1 1 1 0 0 34625 18.2370
1 1 0 0 0 1 1 1 0 1 1 0 0 1 1 1 0 0 0 0 34629 17.4564
0 0 1 1 1 1 1 1 1 0 0 0 1 1 1 0 1 0 1 1 34633 18.8540
1 0 1 0 0 0 1 1 0 1 0 0 0 0 1 0 0 0 0 1 34636 17.8607
0 1 0 1 1 1 1 0 0 0 1 0 1 0 1 1 1 1 1 0 34638 18.4248
1 1 1 1 1 1 1 1 0 0 1 0 1 0 1 1 0 1 0 0 34640 17.9516
0 0 1 0 1 1 1 1 1 0 0 0 1 1 1 1 1 0 0 1 34642 17.0254
0 0 0 1 0 0 1 1 0 1 0 0 0 0 1 0 1 0 0 1 34645 17.6640
1 0 1 1 0 0 1 1 0 1 0 0 0 0 1 1 0 0 1 1 34647 16.6732
0 1 0 0 1 1 1 0 0 0 1 0 1 1 1 1 1 1 0 0 34649 17.0495
1 1 1 0 0 1 1 0 0 0 1 0 0 0 1 1 0 1 1 0 34651 18.1451
1 0 0 1 0 1 1 1 0 1 0 0 0 0 1 1 0 0 0 1 34653 17.1072
1 1 1 1 0 1 1 0 0 0 1 0 0 1 1 1 0 1 0 0 34656 17.8416
1 1 0 0 1 1 1 1 0 0 1 0 1 0 1 1 0 0 1 0 34659 16.8180
1 0 1 0 1 0 1 1 1 0 0 0 1 1 1 0 0 1 1 1 34661 18.1780
0 0 0 0 0 0 1 1 0 1 0 0 0 0 1 0 1 1 1 1 34664 18.5256
0 0 1 0 0 0 1 1 0 1 0 0 0 0 1 1 1 1 0 1 34666 18.0654
0 1 0 1 1 1 1 0 0 0 1 0 1 1 1 1 1 0 1 0 34668 17.0904
0 1 1 0 0 1 1 1 0 0 1 0 0 1 1 1 1 0 1 0 34671 17.1292
1 1 1 1 1 0 1 1 0 0 1 0 1 0 1 1 0 0 1 0 34672 16.7659
0 1 1 0 1 1 1 0 0 0 1 0 1 0 1 1 1 0 1 0 34675 17.5735
1 0 0 1 1 0 0 1 1 0 0 0 1 1 0 0 0 1 1 1 34676 17.7031
1 0 0 1 1 0 1 1 1 0 0 0 1 1 1 1 0 1 1 1 34679 17.2821
0 0 1 0 0 0 1 1 0 1 1 0 0 0 1 1 1 0 0 0 34682 17.1047
0 1 1 1 0 1 1 1 0 1 1 0 0 0 1 1 1 1 0 1 34684 20.0233
0 1 1 1 0 0 1 1 0 1 1 0 0 0 1 1 1 0 1 1 34687 18.5630
1 1 1 1 0 0 1 1 0 1 1 0 0 0 1 1 0 1 1 1 34688 19.3892
1 0 1 0 0 1 1 1 0 1 1 0 0 0 1 1 0 0 1 0 34691 17.5079
1 1 0 1 0 1 1 1 0 1 1 0 0 0 1 1 0 1 0 1 34694 19.6867
0 1 1 0 1 0 1 0 1 0 1 0 1 1 1 1 1 0 1 1 34697 18.8052
1 1 0 1 1 0 1 0 1 0 1 0 1 1 1 1 0 1 1 1 34698 18.8602
0 0 0 1 0 1 1 1 0 1 1 0 0 0 1 1 1 0 1 0 34702 17.2838
0 0 1 1 0 1 1 0 0 1 1 0 0 0 1 1 1 1 1 0 34704 18.4815
0 0 1 1 1 1 1 1 1 0 1 0 1 1 1 0 1 1 0 0 34706 18.2552
0 1 1 0 1 1 1 1 1 0 1 0 1 0 1 1 1 1 1 1 34711 20.2144
0 1 1 1 0 1 1 1 0 1 1 0 0 1 1 1 1 0 1 1 34716 19.8749
1 1 0 0 0 1 1 0 0 1 1 0 0 1 1 1 0 1 1 1 34721 20.3925
1 1 0 1 0 1 1 1 0 1 1 0 0 1 1 1 0 0 1 1 34726 19.9532
1 1 0 0 1 1 1 1 1 0 1 0 1 0 1 1 0 1 0 1 34729 18.9682
0 0 0 0 0 0 1 1 0 1 1 0 0 0 1 0 1 1 1 0 34735 18.6922
0 1 1 0 1 0 1 1 1 0 1 0 1 0 1 1 1 0 0 1 34739 19.6526
0 0 0 1 1 0 1 0 1 0 1 0 1 1 1 0 1 1 1 0 34745 18.7548
1 1 0 0 1 0 1 1 1 0 1 0 1 0 1 1 0 0 0 1 34749 18.0152
1 0 1 1 0 0 1 1 0 1 0 0 0 0 1 0 0 0 1 0 34753 17.5740
1 1 0 1 0 1 1 1 0 0 1 0 0 0 1 1 0 1 1 1 34756 19.4344
0 0 1 1 1 0 0 1 1 0 0 0 1 1 0 0 1 0 1 0 34758 18.2332
1 0 0 0 1 1 1 1 1 0 0 0 1 1 1 0 0 0 1 0 34760 16.2915
1 0 0 0 0 0 1 1 0 1 0 0 0 0 1 1 0 0 1 0 34762 16.0147
0 1 1 0 0 1 1 1 0 0 1 0 0 0 1 1 1 1 1 1 34765 19.4680
1 1 1 0 0 0 1 1 0 0 1 0 0 0 1 1 0 1 1 1 34767 18.8516
0 0 1 1 1 0 1 1 1 0 0 0 1 1 1 1 1 0 1 0 34769 16.4492
1 1 1 0 1 0 1 0 0 0 1 0 1 1 1 1 0 1 1 1 34771 18.1912
1 1 1 0 0 1 1 0 0 0 1 0 0 1 1 1 0 1 1 1 34773 19.3999
1 1 1 1 1 1 1 0 0 0 1 0 1 1 1 1 0 1 0 1 34776 17.0248
1 0 1 1 1 1 1 1 1 0 0 0 1 1 1 0 0 1 0 0 34779 17.6204
0 0 1 1 0 1 0 1 0 1 0 0 0 0 0 0 1 1 1 0 34782 18.6790
0 1 1 1 0 1 1 1 0 0 1 0 0 0 1 1 1 0 0 1 34784 18.6608
0 1 1 1 0 0 1 1 0 0 1 0 0 0 1 1 1 0 0 1 34786 18.3549
0 0 1 0 1 0 1 1 1 0 0 0 1 1 1 1 1 1 0 0 34788 17.1441
0 1 1 0 1 0 1 1 0 0 1 0 1 0 1 1 1 0 1 1 34791 15.9300
1 1 1 1 1 1 1 1 0 0 1 0 1 1 1 1 0 0 1 1 34792 17.6581
0 0 0 0 1 0 0 1 1 0 0 0 1 1 0 0 1 1 1 0 34795 18.7399
1 0 0 1 1 0 1 1 1 0 0 0 1 1 1 0 0 1 1 0 34796 17.9342
0 0 0 0 0 1 1 1 0 1 0 0 0 0 1 1 1 1 1 0 34800 17.3378
0 1 1 0 1 0 1 1 1 0 1 0 1 1 1 0 1 1 0 1 34803 18.9462
0 0 1 1 1 1 1 1 1 0 1 0 1 0 1 1 1 1 1 0 34808 19.6208
1 1 0 0 1 0 1 1 1 0 1 0 1 1 1 0 0 1 0 1 34813 18.1951
1 0 0 1 0 1 1 0 0 1 1 0 0 1 1 1 0 1 1 0 34818 19.3084
1 1 1 1 0 1 1 0 0 1 1 0 0 0 1 0 0 1 0 1 34823 19.4644
1 0 0 1 1 1 1 1 1 0 1 0 1 0 1 1 0 1 1 1 34826 19.5317
1 1 0 0 1 1 1 1 1 0 1 0 1 1 1 0 0 1 0 0 34831 18.1571
0 1 0 0 0 1 1 1 0 1 1 0 0 0 1 0 1 1 0 0 34837 19.5850
0 1 0 0 0 1 1 0 0 1 1 0 0 0 1 0 1 1 0 0 34842 19.6257
0 0 1 0 1 0 1 0 1 0 1 0 1 0 1 1 1 1 1 1 34847 19.5175
1 1 1 0 0 0 1 1 0 1 1 0 0 1 1 0 0 1 0 0 34849 18.7667
1 0 1 0 0 1 1 1 0 1 1 0 0 1 1 0 0 1 1 0 34851 20.0825
1 1 1 1 0 1 1 1 0 1 1 0 0 1 1 0 0 0 0 0 34854 18.8586
0 1 1 0 1 1 1 1 1 0 1 0 1 0 1 0 1 0 0 1 34856 19.1128
1 1 0 0 1 1 1 0 1 0 1 0 1 0 1 0 0 0 0 0 34858 17.9155
0 0 0 1 0 1 1 1 0 1 1 0 0 1 1 0 1 1 1 0 34862 20.5098
0 0 0 1 0 1 1 0 0 1 1 0 0 1 1 0 1 1 1 0 34865 20.1719
1 1 1 1 0 1 1 0 0 1 1 0 0 1 1 0 0 0 0 1 34866 18.3717
0 1 1 1 1 1 1 0 1 0 1 0 1 0 1 0 1 1 0 0 34869 20.8405
1 0 0 1 1 0 1 0 1 0 1 0 1 0 1 0 0 0 1 0 34871 18.2098
0 1 1 0 1 1 1 1 0 0 1 0 1 0 1 0 1 1 0 0 34873 19.4378
1 0 0 0 1 1 1 1 1 0 0 0 1 0 1 0 0 0 1 1 34874 18.0079
1 0 1 0 1 0 1 1 1 0 0 0 1 0 1 0 0 0 1 0 34877 18.1441
0 0 0 0 0 0 1 1 0 1 0 0 0 1 1 0 1 0 1 0 34880 18.1045
0 1 1 1 0 1 1 1 0 0 1 0 0 1 1 0 1 1 0 1 34882 19.2303
0 1 0 0 1 1 1 1 0 0 1 0 1 1 1 0 1 1 0 0 34885 18.1074
0 0 1 0 1 1 1 1 1 0 0 0 1 0 1 1 1 0 1 0 34888 17.1093
0 1 0 1 1 0 1 0 0 0 1 0 1 0 1 0 1 1 0 1 34890 19.2726
1 1 1 0 0 1 1 0 0 0 1 0 0 0 1 0 0 1 0 1 34892 19.0137
0 0 0 1 1 0 0 1 1 0 0 0 1 0 0 1 1 0 1 0 34895 18.7087
1 0 0 1 1 0 1 1 1 0 0 0 1 0 1 1 0 0 1 1 34896 16.9504
1 0 0 0 0 0 1 1 0 1 0 0 0 1 1 0 0 1 1 1 34898 18.9429
0 1 0 1 0 1 1 0 0 0 1 0 0 0 1 0 1 0 0 1 34901 17.9155
1 1 1 0 0 0 1 1 0 0 1 0 0 1 1 0 0 0 0 1 34903 17.6423
0 0 0 1 1 1 1 1 1 0 0 0 1 0 1 1 1 1 1 0 34905 18.3296
1 0 1 1 0 1 1 1 0 1 0 0 0 1 1 0 0 1 1 1 34908 18.1318
1 1 0 0 0 1 1 1 0 0 1 0 0 1 1 0 0 0 0 1 34911 17.6423
1 0 1 1 1 0 0 1 1 0 0 0 1 0 0 1 0 1 1 0 34913 18.1575
1 0 0 0 1 0 1 1 1 0 0 0 1 0 1 0 0 1 1 0 34915 18.5089
0 0 0 1 0 1 0 1 0 1 0 0 0 1 0 1 1 1 1 0 34919 18.7109
1 0 0 1 0 1 1 1 0 1 0 0 0 1 1 1 0 1 1 1 34920 19.0589
1 1 1 0 0 1 1 1 0 1 1 0 0 0 1 0 0 1 1 1 34923 19.4763
0 1 0 1 1 1 1 1 1 0 1 0 1 1 1 0 1 1 1 1 34928 21.3237
0 1 0 1 0 1 1 1 0 1 1 0 0 0 1 0 1 1 1 1 34934 20.1279
1 1 0 0 0 1 1 0 0 1 1 0 0 0 1 0 0 1 1 1 34938 19.3167
1 0 1 0 1 0 1 0 1 0 1 0 1 0 1 1 0 1 0 0 34943 18.2946
1 1 1 1 1 1 1 1 1 0 1 0 1 1 1 0 0 1 1 0 34946 20.0937
0 0 1 1 0 0 1 1 0 1 1 0 0 1 1 1 1 1 0 1 34952 18.4210
0 1 0 0 1 0 1 1 1 0 1 0 1 1 1 0 1 1 1 0 34957 20.0899
0 0 0 1 1 0 1 0 1 0 1 0 1 0 1 1 1 1 0 1 34962 19.3358
0 1 1 1 1 0 1 0 1 0 1 0 1 1 1 0 1 1 1 0 34967 20.3865
1 0 1 1 1 1 1 1 1 0 1 0 1 0 1 0 0 0 0 0 34969 18.9458
1 1 1 0 0 1 1 1 0 1 1 0 0 1 1 0 0 1 1 0 34971 20.4358
1 0 0 0 1 1 1 0 1 0 1 0 1 0 1 0 0 1 0 1 34974 19.0749
0 1 1 1 1 1 1 1 1 0 1 0 1 0 1 0 1 1 1 1 34976 21.2111
0 0 1 0 0 1 1 1 0 1 1 0 0 1 1 0 1 0 0 1 34979 18.0611
0 1 0 1 0 1 1 1 0 1 1 0 0 1 1 0 1 1 1 0 34982 20.8514
0 1 1 1 0 1 1 0 0 1 1 0 0 1 1 0 1 0 1 0 34985 19.5944
1 1 0 1 0 1 1 0 0 1 1 0 0 1 1 0 0 1 1 1 34986 20.5667
1 0 0 0 0 1 1 1 0 1 1 0 0 1 1 0 0 0 0 1 34989 18.3042
1 0 1 1 1 0 1 0 1 0 1 0 1 0 1 0 0 1 0 0 34991 18.9715
0 0 0 1 1 1 1 1 1 0 0 0 1 0 1 0 1 0 0 1 34993 18.9520
1 0 1 0 1 1 1 1 1 0 0 0 1 0 1 0 0 0 0 0 34994 18.2713
0 0 1 1 0 1 1 1 0 1 0 0 0 1 1 0 1 0 0 0 34998 17.7716
0 0 1 0 0 0 1 1 0 1 0 0 0 1 1 0 1 0 0 1 35000 16.2153
0 1 1 1 1 1 1 1 0 0 1 0 1 1 1 0 1 1 1 1 35002 19.5920
0 0 1 1 1 1 1 1 1 0 0 0 1 0 1 1 1 0 0 1 35005 18.3363
1 0 1 0 0 0 1 1 0 1 0 0 0 1 1 1 0 0 0 0 35008 15.6682
0 1 0 1 1 1 1 0 0 0 1 0 1 1 1 0 1 1 1 1 35010 19.0178
1 1 1 0 1 1 1 0 0 0 1 0 1 0 1 0 0 1 1 1 35012 19.3226
0 0 0 1 1 0 1 1 1 0 0 0 1 0 1 1 1 0 0 0 35015 17.1014
0 0 0 1 0 0 1 1 0 1 0 0 0 1 1 0 1 1 0 1 35017 17.5761
1 0 1 0 0 0 1 1 0 1 0 0 0 1 1 0 0 1 0 0 35018 18.1971
0 1 0 1 1 1 1 0 0 0 1 0 1 0 1 0 1 0 1 1 35021 18.3028
1 1 1 0 0 1 1 1 0 0 1 0 0 0 1 0 0 0 1 1 35023 18.3122
1 0 0 1 0 0 1 1 0 1 0 0 0 1 1 1 0 1 0 0 35025 16.4991
1 1 0 0 0 1 1 0 0 0 1 0 0 0 1 0 0 0 1 0 35028 16.7073
1 1 0 0 1 1 1 1 0 0 1 0 1 1 1 0 0 0 1 1 35031 16.9692
1 0 1 1 1 0 1 1 1 0 0 0 1 0 1 1 0 1 0 0 35033 17.3674
0 0 0 1 0 1 1 1 0 1 0 0 0 1 1 0 1 1 0 0 35036 18.4806
0 0 0 1 0 1 1 1 0 1 0 0 0 1 1 1 1 1 0 0 35039 17.0246
1 1 1 1 0 0 1 0 0 0 1 0 0 0 1 0 0 0 1 1 35040 17.8179
0 1 1 1 1 1 1 1 1 0 0 0 1 1 1 0 1 0 0 1 35043 17.8534
1 0 0 0 1 0 1 0 0 0 1 0 1 1 1 1 0 1 1 0 35045 17.1710
1 1 0 1 0 0 1 1 0 1 0 0 0 0 1 0 0 0 1 1 35047 17.7721
1 1 0 1 1 1 1 1 1 0 0 0 1 1 1 1 0 0 1 1 35049 17.6783
1 1 1 1 1 0 1 1 1 0 0 0 1 1 1 1 0 0 0 1 35051 16.0743
0 0 1 0 0 0 1 1 0 0 1 0 0 0 1 1 1 1 1 0 35055 17.9056
1 0 1 1 0 1 1 1 0 0 1 0 0 1 1 1 0 1 1 0 35056 18.4793
0 1 0 0 0 1 0 1 0 1 0 0 0 0 0 0 1 0 1 1 35059 18.6042
1 1 0 1 0 1 1 1 0 1 0 0 0 0 1 0 0 0 1 1 35060 17.8990
1 0 1 0 0 1 1 0 0 0 1 0 0 1 1 1 0 1 0 0 35063 18.0126
1 1 1 0 0 0 1 1 0 1 0 0 0 0 1 0 0 0 1 0 35066 17.8661
0 1 1 0 1 0 0 1 1 0 0 0 1 1 0 0 1 0 1 0 35069 19.0033
1 1 1 1 1 0 1 1 1 0 0 0 1 1 1 0 0 0 1 0 35070 17.9834
1 0 1 0 0 0 1 1 0 0 1 0 0 0 1 1 0 1 0 1 35073 18.2089
0 1 1 1 0 1 1 1 0 1 0 0 0 0 1 1 1 0 0 0 35075 16.4762
0 0 1 1 1 1 1 1 0 0 1 0 1 0 1 1 1 1 1 1 35078 19.5840
0 1 1 0 0 0 1 1 0 1 0 0 0 0 1 1 1 0 1 0 35080 16.0158
1 0 0 1 0 1 1 0 0 0 1 0 0 1 1 1 0 1 0 1 35082 18.1737
0 0 1 1 1 1 1 0 0 0 1 0 1 0 1 1 1 1 1 1 35084 18.6966
1 0 1 1 1 1 1 0 0 0 1 0 1 1 1 1 0 1 1 1 35086 17.3091
0 1 1 1 1 1 1 1 1 0 0 0 1 0 1 0 1 0 1 0 35089 19.5236
0 0 1 0 0 1 1 1 0 0 1 0 0 1 1 0 1 1 0 0 35091 18.6155
0 1 1 1 0 1 1 1 0 1 0 0 0 1 1 0 1 0 1 0 35094 19.1858
0 1 0 0 0 0 1 1 0 1 0 0 0 1 1 0 1 0 1 0 35096 18.3542
0 1 0 0 1 1 1 1 1 0 0 0 1 0 1 1 1 0 1 0 35098 17.0879
1 0 0 0 0 1 1 1 0 0 1 0 0 1 1 0 0 1 0 0 35101 18.7307
1 1 1 0 0 0 1 1 0 1 0 0 0 1 1 1 0 0 1 0 35104 16.5698
0 1 1 1 1 0 0 1 1 0 0 0 1 0 0 1 1 0 1 1 35106 19.6229
1 1 0 1 1 0 1 1 1 0 0 0 1 0 1 0 0 0 1 0 35108 17.7731
1 0 1 1 0 0 1 0 0 0 1 0 0 0 1 0 0 1 0 0 35111 17.7944
0 0 1 0 0 1 1 1 0 0 1 0 0 0 1 0 1 1 1 0 35113 19.1189
1 1 0 0 0 0 1 1 0 1 0 0 0 1 1 0 0 0 0 1 35114 17.7889
0 1 1 0 1 0 1 1 1 0 0 0 1 0 1 0 1 0 0 0 35117 19.5190
1 0 1 0 1 0 1 1 0 0 1 0 1 1 1 0 0 1 1 1 35119 18.0008
1 1 0 1 0 0 1 1 0 1 0 0 0 1 1 1 0 0 0 0 35121 15.7607
1 0 0 0 1 1 1 0 0 0 1 0 1 0 1 0 0 1 1 0 35124 18.8969
1 1 1 1 1 1 1 1 1 0 0 0 1 0 1 1 0 0 0 0 35127 16.4398
0 0 0 1 0 0 1 0 0 0 1 0 0 0 1 0 1 1 1 1 35130 18.5445
0 1 0 1 0 1 1 1 0 1 0 0 0 1 1 0 1 0 0 0 35132 18.0809
0 1 0 1 0 1 0 1 0 1 0 0 0 1 0 1 1 0 0 0 35135 17.7772
1 1 0 1 0 1 1 1 0 1 0 0 0 1 1 1 0 0 0 1 35136 17.4287
0 0 0 0 1 1 0 1 0 0 0 0 1 0 0 0 1 1 1 1 35137 18.9176
1 1 0 0 0 1 1 1 0 0 0 0 0 0 1 0 0 0 1 1 35137 18.0367
0 0 1 1 0 1 0 1 0 0 0 0 0 0 0 0 1 1 1 0 35138 18.7274
0 1 1 1 1 1 1 1 0 0 0 0 1 0 1 0 1 0 1 0 35138 18.3194
1 1 0 1 1 0 0 1 0 0 0 0 1 1 0 0 0 0 1 1 35138 17.0360
1 0 0 1 0 0 1 1 0 0 0 0 0 1 1 1 0 1 0 1 35139 17.9675
0 0 0 0 1 1 1 1 0 0 0 0 1 0 1 1 1 1 0 1 35140 18.2195
0 0 1 0 0 1 1 1 0 0 0 0 0 1 1 0 1 1 0 0 35141 18.4703
1 1 1 0 1 0 1 1 0 0 0 0 1 0 1 0 0 0 0 0 35141 17.7564
1 1 0 0 0 0 1 1 0 0 0 0 0 1 1 1 0 0 1 1 35142 17.1611
0 1 1 0 0 1 0 1 0 0 0 0 0 0 0 0 1 0 1 1 35143 18.4775
1 0 1 0 0 1 1 1 0 0 0 0 0 0 1 0 0 1 1 1 35143 18.7149
0 0 0 1 0 0 0 1 0 0 0 0 0 1 0 0 1 1 1 0 35144 18.5198
0 1 0 1 1 0 1 1 0 0 0 0 1 1 1 0 1 0 1 0 35144 17.8981
1 0 1 1 1 0 0 1 0 0 0 0 1 1 0 0 0 1 1 1 35144 17.5220
0 0 1 0 1 1 1 1 0 0 0 0 1 1 1 0 1 1 1 1 35145 18.4212
0 1 1 1 0 0 1 1 0 0 0 0 0 0 1 0 1 0 1 1 35146 17.6609
1 1 0 0 1 0 1 1 0 0 0 0 1 1 1 1 0 0 0 0 35146 14.2379
1 1 0 1 0 1 1 1 0 0 0 0 0 0 1 1 0 0 1 0 35147 15.8978
0 1 1 1 1 1 1 1 0 0 0 0 1 1 1 0 1 0 0 1 35148 16.8481
0 0 0 0 1 0 1 1 0 0 0 0 1 0 1 0 1 1 1 0 35149 18.7293
0 0 1 0 0 0 1 1 0 0 0 0 0 1 1 1 1 1 0 1 35150 17.7348
1 0 1 0 1 1 1 1 0 0 0 0 1 0 1 1 0 1 0 1 35150 18.0558
1 0 0 0 0 1 1 1 0 0 0 0 0 1 1 0 0 1 1 1 35151 19.0233
0 1 0 1 1 0 1 1 0 0 0 0 1 0 1 0 1 0 1 1 35152 18.0788
0 0 0 1 0 1 1 1 0 0 0 0 0 1 1 1 1 1 1 0 35153 17.5193
0 1 1 1 1 1 0 1 0 0 0 0 1 1 0 1 1 0 0 0 35153 16.7008
1 0 1 1 1 1 1 1 0 0 0 0 1 1 1 1 0 1 0 0 35153 15.0937
0 0 0 1 1 0 0 1 0 0 0 0 1 0 0 1 1 1 1 1 35154 19.0398
1 1 0 1 0 0 1 1 0 0 0 0 0 0 1 1 0 0 1 1 35154 16.8204
0 0 1 1 0 1 1 1 0 0 0 0 0 0 1 1 1 1 1 1 35155 18.4114
1 0 0 0 1 1 1 1 0 0 0 0 1 1 1 0 0 1 0 0 35155 16.6508
1 1 0 1 0 0 1 1 0 0 0 0 0 0 1 0 0 0 0 0 35156 17.5721
0 1 1 1 1 0 1 1 0 0 0 0 1 1 1 1 1 0 1 0 35157 16.1133
0 1 1 0 0 1 1 1 0 0 0 0 0 0 1 1 1 0 1 0 35158 16.3972
1 1 0 1 1 1 1 1 0 0 0 0 1 1 1 0 0 0 0 1 35158 15.8042
0 1 0 1 1 0 0 1 0 0 0 0 1 0 0 1 1 0 0 0 35159 17.9257
1 0 0 1 1 0 1 1 0 0 0 0 1 0 1 1 0 1 0 0 35159 16.7552
0 1 1 1 0 0 0 1 0 0 0 0 0 0 0 1 1 0 1 1 35160 18.2597
1 0 1 1 0 0 1 1 0 0 0 0 0 0 1 1 0 1 1 1 35160 17.7768
1 1 0 1 1 1 0 1 0 0 0 0 1 1 0 1 0 0 0 1 35160 16.5332
1 1 1 1 0 0 1 1 0 1 0 0 0 0 1 0 0 1 0 1 35163 18.3076
1 1 1 0 1 0 0 1 1 0 0 0 1 1 0 0 0 1 1 1 35165 18.6275
1 1 0 1 1 1 1 1 1 0 0 0 1 1 1 0 0 1 1 1 35167 19.0569
0 0 1 1 0 0 1 1 0 0 1 0 0 0 1 1 1 0 0 0 35170 16.7861
0 1 1 0 0 1 1 1 0 1 0 0 0 0 1 1 1 1 0 1 35172 18.4553
0 1 0 1 0 0 1 1 0 1 0 0 0 0 1 1 1 1 0 1 35175 18.0413
1 1 1 0 0 0 1 1 0 1 0 0 0 0 1 1 0 1 1 1 35176 17.7866
0 0 1 0 1 0 1 0 0 0 1 0 1 1 1 1 1 0 1 0 35179 17.1649
1 0 1 1 1 1 1 0 0 0 1 0 1 0 1 1 0 0 1 0 35180 16.9120
1 0 1 0 1 1 1 0 0 0 1 0 1 1 1 1 0 0 0 0 35183 15.1305
1 1 1 0 1 1 1 1 1 0 0 0 1 1 1 0 0 1 1 0 35186 18.7547
1 0 0 0 0 0 1 0 0 0 1 0 0 1 1 1 0 0 1 1 35189 17.6347
0 1 0 1 0 0 1 1 0 1 0 0 0 0 1 0 1 1 1 0 35191 18.4342
1 1 0 1 0 0 1 1 0 1 0 0 0 0 1 1 0 1 1 0 35193 17.0167
0 1 1 1 1 0 1 1 1 0 0 0 1 1 1 1 1 1 0 0 35195 17.0861
1 0 1 1 0 1 1 1 0 0 1 0 0 0 1 1 0 0 1 1 35198 18.1462
0 0 1 1 1 1 1 1 0 0 1 0 1 1 1 1 1 0 1 1 35200 18.1921
1 0 0 1 1 1 1 0 0 0 1 0 1 1 1 1 0 0 0 1 35202 15.2871
0 1 0 1 1 0 1 1 1 0 0 0 1 1 1 0 1 1 1 0 35204 19.4457
0 0 1 0 0 1 1 0 0 0 1 0 0 1 1 1 1 0 0 1 35207 17.3979
1 0 1 0 0 1 1 1 0 0 1 0 0 0 1 0 0 0 0 0 35209 18.1169
0 0 1 0 1 1 1 1 0 0 1 0 1 1 1 0 1 0 0 0 35211 17.1650
0 1 1 1 1 0 1 1 1 0 0 0 1 0 1 0 1 1 1 0 35214 19.6279
0 0 1 1 1 0 1 1 0 0 1 0 1 1 1 0 1 0 0 1 35216 18.1058
1 1 0 0 0 0 1 1 0 1 0 0 0 1 1 1 0 1 1 0 35218 17.5597
1 0 0 0 1 1 1 1 0 0 1 0 1 1 1 0 0 0 0 0 35221 16.1116
1 1 1 0 1 1 1 1 1 0 0 0 1 0 1 1 0 1 1 0 35224 17.0938
1 0 0 1 0 0 1 0 0 0 1 0 0 0 1 0 0 0 0 1 35226 17.8826
0 1 0 0 0 1 1 1 0 1 0 0 0 1 1 0 1 1 1 1 35229 19.6918
1 1 0 1 0 1 0 1 0 1 0 0 0 1 0 1 0 1 1 0 35231 18.9540
0 1 1 1 0 0 1 1 0 1 0 0 0 1 1 0 1 1 0 0 35233 17.8573
1 0 1 1 1 0 1 1 0 0 1 0 1 1 1 0 0 0 1 0 35234 17.6323
1 1 1 0 0 1 1 1 0 1 0 0 0 1 1 0 0 1 0 0 35237 18.8180
1 1 0 1 1 1 1 1 1 0 0 0 1 0 1 0 0 1 0 0 35239 18.8338
1 1 0 1 1 1 1 1 1 0 0 0 1 0 1 1 0 1 0 0 35241 17.2377
0 0 0 0 0 1 1 1 0 0 1 0 0 1 1 0 1 0 1 0 35245 18.3306
0 1 1 0 0 0 1 1 0 1 0 0 0 1 1 1 1 1 0 0 35248 16.6028
0 1 1 1 0 1 0 1 0 1 0 0 0 1 0 1 1 1 0 1 35250 18.4251
0 1 0 1 1 0 1 1 1 0 0 0 1 0 1 0 1 1 0 0 35252 19.6447
0 0 1 1 1 0 1 0 0 0 1 0 1 0 1 0 1 0 1 0 35255 18.7127
1 0 1 1 1 1 1 0 0 0 1 0 1 1 1 0 0 0 1 1 35256 17.1838
0 0 1 0 1 1 0 1 0 0 0 0 1 0 0 0 1 0 1 0 35257 18.4570
1 1 1 0 0 1 1 1 0 0 0 0 0 0 1 0 0 1 1 0 35257 18.6538
0 1 0 1 0 0 0 1 0 0 0 0 0 1 0 0 1 1 1 1 35258 18.3366
1 0 0 1 0 0 1 1 0 0 0 0 0 1 1 0 0 0 1 1 35258 17.9089
1 1 1 1 1 0 0 1 0 0 0 0 1 1 0 0 0 1 1 0 35258 17.2703
1 0 1 0 0 1 1 1 0 0 0 0 0 1 1 0 0 0 1 0 35259 18.4573
0 1 1 1 1 0 1 1 0 0 0 0 1 0 1 0 1 1 1 0 35260 18.6478
0 1 0 1 0 0 1 1 0 0 0 0 0 1 1 1 1 1 1 1 35261 17.9673
1 1 0 1 1 1 1 1 0 0 0 0 1 0 1 1 0 1 1 1 35261 17.6635
1 1 1 1 0 1 1 1 0 0 0 0 0 1 1 0 0 1 0 0 35262 18.2924
0 0 0 0 1 0 0 1 0 0 0 0 1 1 0 0 1 0 1 0 35263 18.1001
1 1 0 0 0 0 1 1 0 0 0 0 0 1 1 0 0 1 1 0 35263 18.6658
0 0 1 1 0 0 0 1 0 0 0 0 0 1 0 0 1 0 1 1 35264 18.2620
0 1 1 1 1 0 1 1 0 0 0 0 1 1 1 0 1 1 1 1 35264 18.3489
1 0 0 1 1 1 0 1 0 0 0 0 1 0 0 0 0 0 1 0 35264 17.6160
0 1 0 1 1 0 1 1 0 0 0 0 1 1 1 1 1 1 0 0 35265 16.1237
0 1 0 0 0 1 1 1 0 0 0 0 0 0 1 1 1 1 0 0 35266 16.8878
1 1 1 1 1 1 1 1 0 0 0 0 1 1 1 0 0 1 1 1 35266 17.4285
1 0 1 0 1 0 1 1 0 0 0 0 1 0 1 0 0 0 0 1 35267 17.5972
1 0 0 0 0 0 1 1 0 0 0 0 0 1 1 1 0 0 1 0 35268 14.9802
0 0 1 1 1 1 1 1 0 0 0 0 1 0 1 1 1 0 0 1 35269 17.5695
0 0 0 1 0 1 1 1 0 0 0 0 0 1 1 0 1 0 1 0 35270 18.2821
1 1 0 1 1 0 1 1 0 0 0 0 1 0 1 0 0 1 1 0 35270 18.5000
1 1 1 1 0 0 1 1 0 0 0 0 0 1 1 1 0 1 0 0 35271 16.7208
0 1 1 0 1 1 1 1 0 0 0 0 1 0 1 1 1 1 0 0 35272 17.4914
0 0 1 1 0 1 1 1 0 0 0 0 0 1 1 1 1 0 0 0 35273 16.0254
1 0 0 1 0 0 0 1 0 0 0 0 0 0 0 1 0 0 1 0 35273 17.7617
1 1 0 1 1 0 1 1 0 0 0 0 1 0 1 1 0 1 1 0 35273 17.0179
0 0 1 1 1 0 0 1 0 0 0 0 1 0 0 1 1 0 0 1 35274 18.8426
1 1 1 1 0 0 1 1 0 0 0 0 0 0 1 1 0 1 0 1 35274 17.7477
0 1 0 0 0 0 1 1 0 0 0 0 0 0 1 0 1 1 0 0 35275 18.2504
1 1 1 1 1 0 1 1 0 0 0 0 1 1 1 1 0 1 1 1 35275 17.0473
1 1 1 0 0 1 1 1 0 0 0 0 0 0 1 1 0 1 1 1 35276 18.1384
0 1 0 0 1 1 1 1 0 0 0 0 1 1 1 0 1 1 0 1 35277 17.4787
0 0 0 1 1 0 1 1 0 0 0 0 1 0 1 0 1 0 0 1 35278 18.0748
0 0 0 1 0 0 1 1 0 0 0 0 0 0 1 1 1 0 0 0 35279 15.9054
0 1 1 1 1 0 0 1 0 0 0 0 1 0 0 1 1 1 1 0 35279 17.9752
1 0 1 1 1 0 1 1 0 0 0 0 1 0 1 1 0 0 1 0 35279 15.7372
0 1 0 1 0 1 0 1 0 0 0 0 0 1 0 1 1 1 0 1 35280 17.8865
1 0 0 1 0 1 1 1 0 0 0 0 0 1 1 1 0 0 0 1 35280 16.9925
1 1 1 1 1 1 0 1 0 0 0 0 1 1 0 1 0 1 1 1 35280 17.4842
1 1 1 0 1 1 1 1 1 1 1 0 1 0 1 1 1 1 1 1 35285 20.3100
0 0 1 1 0 1 1 0 0 1 1 1 0 0 1 0 0 0 0 0 35290 18.0505
0 0 1 0 0 1 1 0 0 1 1 1 0 0 1 0 0 1 0 0 35295 18.2881
0 0 1 1 1 1 1 1 1 0 1 1 1 1 1 0 0 0 0 0 35299 16.6580
1 1 0 1 1 1 1 0 1 1 1 0 1 0 1 1 1 1 1 1 35303 19.9795
1 1 1 0 0 0 1 1 1 1 1 0 0 1 1 1 1 1 0 1 35309 18.2563
1 1 0 1 0 0 1 0 1 1 1 0 1 1 1 1 1 1 0 1 35313 18.9515
1 1 0 0 0 0 1 1 1 1 1 0 1 1 1 1 1 0 0 1 35318 18.1186
1 1 1 0 1 1 1 0 1 1 1 0 1 0 1 1 1 1 0 1 35322 20.1620
0 0 1 0 0 1 1 1 0 1 1 1 0 0 1 0 0 0 1 0 35327 18.6585
0 0 1 0 1 1 1 0 1 0 0 1 1 1 1 0 0 0 1 0 35335 16.8624
1 1 1 0 0 0 1 0 1 0 1 0 0 1 1 1 1 1 1 1 35345 18.8331
1 1 1 1 1 0 1 1 0 1 1 0 1 0 1 1 1 0 0 1 35353 18.3895
0 0 0 1 1 1 1 1 1 0 0 1 1 1 1 0 0 1 0 0 35363 17.4409
1 1 0 0 1 1 1 1 0 1 1 0 1 0 1 1 1 0 1 1 35373 18.7129
1 1 1 0 1 0 1 1 0 1 1 0 0 0 1 1 1 0 0 1 35378 18.6722
1 1 1 0 1 0 1 1 0 1 1 0 0 0 1 1 1 1 1 1 35383 19.5113
0 0 0 0 0 1 1 0 0 1 0 1 0 0 0 0 0 1 0 0 35389 17.7994
0 0 0 1 0 1 1 1 0 1 0 1 0 0 0 0 0 1 1 0 35394 18.3130
0 0 0 0 1 0 1 1 1 0 0 1 1 1 0 0 0 0 1 0 35399 17.5835
1 0 1 1 1 0 1 1 1 1 1 0 1 0 1 1 1 0 1 1 35403 18.1915
0 1 1 1 0 0 1 0 0 1 1 1 0 0 1 0 0 0 0 0 35408 17.7913
0 1 0 1 1 0 1 1 1 0 1 1 1 1 1 0 0 1 0 0 35412 17.5573
1 0 1 0 1 1 1 0 1 1 1 0 0 0 1 1 1 1 1 1 35416 18.3830
1 0 0 1 1 1 1 1 1 1 1 0 1 0 1 1 1 1 1 1 35420 20.1918
0 0 0 1 0 0 1 0 0 1 1 1 0 1 1 0 0 0 1 0 35426 18.1492
0 0 0 0 0 0 1 1 0 1 1 1 0 1 1 0 0 1 1 0 35429 18.2903
1 0 1 1 0 1 1 1 1 1 1 0 1 1 1 0 1 1 1 1 35430 21.4440
0 1 0 0 0 1 1 0 0 1 1 1 0 1 1 0 0 1 0 0 35433 18.5801
1 0 0 0 1 1 1 0 1 1 1 0 0 0 1 0 1 1 1 1 35434 19.1657
1 1 0 1 0 0 1 1 1 1 1 0 1 1 1 0 1 0 0 1 35437 18.6771
1 0 1 1 1 0 1 0 1 1 1 0 1 0 1 0 1 1 1 1 35439 19.2474
1 1 1 1 1 1 1 0 1 1 1 0 1 0 1 0 1 1 0 1 35441 20.3273
0 0 1 0 0 0 1 1 0 1 1 1 0 1 1 0 0 0 1 0 35444 18.3614
0 1 1 1 0 1 1 1 0 1 1 1 0 1 1 0 0 1 0 0 35446 19.5640
0 0 0 1 1 1 1 0 1 0 0 1 1 0 1 0 0 0 1 0 35450 17.7818
1 1 1 0 1 1 1 1 0 1 1 0 1 0 1 0 1 1 0 1 35453 18.6861
1 0 1 1 1 1 1 1 1 1 0 0 0 0 1 1 1 0 1 1 35457 16.9946
1 0 1 0 0 1 1 1 1 1 0 0 1 1 1 1 1 0 1 1 35460 18.2383
1 0 0 1 0 0 0 1 1 1 0 0 1 1 0 1 1 0 1 1 35463 18.6500
1 1 0 0 1 1 1 1 0 1 1 0 1 0 1 0 1 1 0 1 35467 19.0915
1 0 0 0 0 0 1 1 1 1 0 0 0 1 1 1 1 0 1 1 35470 16.0984
1 0 1 0 0 0 1 1 1 1 0 0 1 1 1 0 1 1 1 1 35476 18.5809
0 0 1 1 1 1 1 0 1 0 0 1 1 0 1 0 0 1 1 0 35480 18.6914
0 1 0 0 1 1 1 1 0 0 1 1 1 1 1 0 0 0 0 0 35483 16.2995
1 0 0 0 0 1 1 1 1 1 0 0 0 1 1 0 1 1 1 1 35486 18.6028
1 1 1 1 1 1 1 0 0 1 1 0 1 0 1 0 1 0 0 1 35489 18.5501
0 1 1 0 1 0 1 1 0 0 1 1 1 0 1 0 0 0 0 0 35493 17.9071
1 1 1 1 1 0 1 1 0 1 1 0 0 0 1 0 1 1 0 1 35498 20.1049
0 0 1 1 1 1 1 1 1 0 0 1 1 0 0 0 0 0 1 0 35509 19.0905
0 0 1 0 1 0 1 1 1 0 0 1 1 0 0 0 0 1 1 0 35519 18.6354
0 1 0 1 1 1 1 1 1 0 1 1 1 1 1 0 0 0 1 0 35525 18.9725
0 1 0 0 1 0 1 0 1 0 1 1 1 1 1 0 0 1 1 0 35529 18.1743
0 1 1 1 0 0 1 0 0 1 1 1 0 0 1 0 0 1 1 0 35534 17.7742
0 1 0 1 1 0 1 1 1 0 1 1 1 1 1 0 0 0 1 0 35538 18.2471
1 0 0 0 0 1 1 0 1 1 1 0 1 1 1 1 1 0 0 1 35542 17.4971
1 1 1 0 1 0 1 1 1 1 1 0 1 0 1 0 1 1 1 1 35546 18.9886
1 0 1 0 0 0 1 1 1 1 1 0 0 1 1 0 1 1 0 1 35549 18.1027
0 1 1 0 0 0 1 0 0 1 1 1 0 1 1 0 0 0 1 0 35551 18.5550
1 0 0 1 0 0 1 0 1 1 1 0 1 1 1 0 1 1 0 1 35553 19.1572
0 1 0 0 1 0 1 1 1 0 1 1 1 0 1 0 0 1 1 0 35555 17.9018
1 1 0 0 0 1 1 1 1 1 1 0 0 1 1 0 1 0 1 1 35558 17.9825
0 0 1 1 1 0 1 0 1 0 1 1 1 0 1 0 0 1 0 0 35560 18.4557
1 1 1 0 1 0 1 0 1 1 1 0 0 0 1 0 1 1 1 1 35562 18.2873
0 1 1 1 1 1 1 1 1 0 1 1 1 0 1 0 0 1 1 0 35564 19.8470
0 0 1 0 0 1 1 1 0 1 1 1 0 1 1 0 0 0 0 0 35567 18.2010
1 0 1 1 0 0 1 1 1 1 0 0 1 1 1 0 1 0 0 1 35571 17.6568
0 0 0 0 1 1 1 1 1 0 0 1 1 0 1 0 0 0 0 0 35574 17.7748
1 0 1 0 0 1 1 1 1 1 0 0 0 1 1 1 1 0 0 1 35578 16.8325
1 0 0 1 0 1 1 1 1 1 0 0 0 1 1 0 1 0 0 1 35581 17.6979
0 1 1 1 1 1 0 0 0 0 1 1 1 1 1 1 0 1 1 0 35584 16.5422
0 0 1 0 1 1 1 1 1 0 0 1 1 0 1 0 0 0 0 0 35588 18.0384
1 1 0 0 1 1 1 0 0 1 1 0 1 0 1 0 1 1 1 1 35592 19.5151
0 0 0 1 1 1 1 1 1 0 0 1 1 0 1 0 0 1 0 0 35597 18.4888
1 0 1 1 0 1 1 1 1 1 0 0 0 1 1 1 1 1 0 1 35601 17.8904
0 1 0 1 1 0 1 1 0 0 1 1 1 0 1 0 0 0 1 0 35604 18.3624
0 1 1 0 1 1 0 0 0 0 1 1 1 1 1 1 0 0 1 0 35607 17.0695
0 0 1 1 1 1 1 1 1 0 0 1 1 0 1 0 0 1 0 0 35611 19.1964
0 1 1 1 0 1 1 1 0 0 1 1 0 1 1 0 0 0 1 0 35614 18.6741
0 0 0 0 1 1 1 1 1 0 0 1 1 0 0 0 0 1 0 0 35622 18.6582
1 1 1 0 1 0 1 0 0 1 1 0 0 0 1 0 1 0 1 1 35632 18.4380
0 1 1 0 0 0 1 0 0 1 0 1 0 0 1 0 0 0 0 0 35641 16.9166
1 0 0 1 1 0 1 0 0 1 1 0 1 0 1 1 1 1 0 1 35649 17.9809
0 1 1 0 1 1 1 1 1 0 0 1 1 1 1 0 0 0 1 0 35660 18.1249
1 1 1 1 1 0 1 1 1 1 0 0 1 0 1 0 1 0 1 1 35667 17.8607
1 1 1 0 0 1 0 1 1 1 0 0 1 1 0 0 1 0 1 1 35670 19.4134
1 0 0 0 1 0 1 0 0 1 1 0 1 0 1 0 1 1 0 1 35674 18.6993
1 1 0 1 1 1 1 1 1 1 0 0 0 0 1 0 1 0 1 1 35677 17.7719
1 1 0 0 0 1 0 1 1 1 0 0 0 1 0 1 1 0 1 1 35680 18.3377
1 1 0 0 0 1 0 1 1 1 0 0 1 1 0 0 1 0 1 1 35684 18.5951
1 0 1 1 1 0 1 1 0 1 1 0 1 0 1 0 1 1 1 1 35689 19.7322
1 1 1 1 0 1 0 1 1 1 0 0 1 1 0 0 1 0 0 1 35693 18.9141
1 0 0 1 1 0 1 0 0 1 1 0 1 0 1 0 1 1 1 1 35697 19.2807
1 1 1 0 0 0 1 1 1 1 0 0 0 1 1 1 1 0 0 1 35700 16.1002
1 1 0 1 0 1 0 1 1 1 0 0 0 1 0 1 1 0 0 1 35703 18.5573
1 1 0 1 0 1 0 1 1 1 0 0 1 1 0 0 1 0 0 1 35707 16.9385
0 0 1 1 1 1 1 1 0 0 1 1 1 1 1 0 0 1 1 0 35710 18.1506
0 0 0 0 0 1 1 0 0 0 0 1 0 0 1 0 0 1 1 0 35715 17.8227
1 0 1 0 0 0 1 1 1 0 0 0 0 1 1 0 1 1 1 1 35717 18.3559
0 0 1 0 1 1 1 0 0 0 0 1 1 0 1 0 0 1 0 0 35719 17.9594
1 1 1 1 0 1 1 1 1 0 0 0 0 1 1 1 1 0 0 1 35721 16.4214
1 0 1 1 0 0 1 1 1 0 0 0 0 1 1 1 1 1 0 1 35723 17.0968
1 1 0 0 0 1 1 1 1 0 0 0 0 1 1 0 1 0 0 1 35726 17.2338
0 1 1 1 1 0 1 0 0 0 0 1 1 0 1 0 0 0 1 0 35728 16.8616
1 1 1 0 1 1 1 1 0 1 0 0 1 0 1 1 1 0 1 1 35730 18.0277
1 0 0 1 0 0 0 1 1 0 0 0 0 1 0 0 1 1 1 1 35732 18.1534
0 1 1 0 0 1 1 1 0 0 0 1 0 1 1 0 0 0 0 0 35735 17.5067
1 1 1 1 0 1 1 1 1 0 0 0 1 1 1 0 1 0 0 1 35739 17.9167
1 1 0 1 1 0 1 1 0 1 0 0 0 0 1 0 1 0 1 1 35743 18.1309
0 0 0 1 0 1 1 1 0 0 0 1 0 1 0 0 0 1 1 0 35748 18.9238
1 1 1 0 0 1 1 1 1 0 0 0 1 1 1 1 1 0 1 1 35752 17.3996
1 1 0 1 1 1 0 1 0 1 0 0 0 0 0 0 1 0 1 1 35756 18.5123
1 0 1 0 1 0 1 1 0 1 1 0 1 0 1 1 1 0 0 1 35762 17.2256
0 1 0 0 1 0 1 0 1 0 0 1 1 1 1 0 0 1 0 0 35773 16.9531
0 1 1 0 1 0 1 1 1 0 0 1 1 1 1 0 0 1 1 0 35783 18.8781
1 1 1 0 1 1 1 1 1 1 0 0 0 0 1 0 1 1 1 1 35788 18.5653
1 0 0 0 1 0 1 1 0 1 1 0 1 0 1 0 1 0 0 1 35792 17.8395
1 1 1 1 0 0 1 1 1 1 0 0 0 1 1 1 1 1 1 1 35795 17.0189
1 1 0 0 0 0 1 1 1 1 0 0 1 1 1 0 1 1 1 1 35798 18.6289
0 1 0 1 1 0 1 1 1 0 0 1 1 0 1 0 0 1 1 0 35802 17.6898
0 0 1 0 1 1 1 1 0 0 1 1 1 1 1 0 0 0 0 0 35805 16.3178
1 1 1 1 0 1 1 1 1 1 0 0 0 1 1 0 1 1 0 1 35811 18.4336
0 0 0 1 1 1 0 1 0 0 1 1 1 0 1 1 0 0 1 0 35814 17.5958
0 1 1 1 1 0 1 0 1 0 0 1 1 0 1 0 0 1 0 0 35818 18.1179
0 0 1 0 1 1 1 0 0 0 1 1 1 0 1 0 0 0 1 0 35821 18.0361
0 0 1 1 1 0 0 0 0 0 1 1 1 0 1 1 0 0 1 0 35824 17.5180
0 0 1 1 1 1 0 1 0 0 1 1 1 0 1 1 0 0 1 0 35828 17.9048
0 1 1 1 1 0 1 1 1 0 0 1 1 0 1 0 0 1 0 0 35832 18.8811
1 1 1 1 1 0 1 1 0 1 0 0 1 0 1 0 1 1 0 1 35835 18.1668
0 0 0 1 0 0 1 1 0 0 0 1 0 1 1 0 0 0 1 0 35838 17.9146
0 1 1 1 0 1 1 0 0 0 0 1 0 0 1 0 0 1 0 0 35840 17.6850
0 1 1 1 0 0 1 0 0 0 0 1 0 0 1 0 0 1 0 0 35842 17.5911
0 1 0 1 1 1 1 1 0 0 0 1 1 1 1 0 0 1 1 0 35844 17.3096
0 0 1 0 1 0 1 0 0 0 0 1 1 0 1 0 0 0 1 0 35847 16.6895
1 0 1 0 1 0 1 1 0 1 0 0 1 0 1 1 1 0 1 1 35848 17.1286
0 1 1 0 1 0 1 1 0 0 0 1 1 1 1 0 0 1 1 0 35851 17.7673
1 1 0 1 1 1 1 1 0 1 0 0 1 0 1 0 1 1 1 1 35852 18.8452
0 0 1 1 0 1 1 1 0 0 0 1 0 1 1 0 0 0 0 0 35856 17.6556
0 0 0 0 0 1 1 1 0 0 0 1 0 0 0 0 0 0 1 0 35861 18.5184
0 0 1 0 1 0 1 0 0 0 0 1 1 0 0 0 0 0 0 0 35865 17.3844
1 1 0 1 1 0 1 1 0 1 0 0 0 0 1 0 1 1 0 1 35869 18.8223
0 0 0 1 0 1 1 1 0 0 0 1 0 1 0 0 0 0 0 0 35874 17.9968
0 0 1 1 1 1 1 1 0 0 0 1 1 1 0 0 0 0 1 0 35878 17.2909
1 0 1 0 1 0 1 1 0 1 1 0 0 0 1 1 1 0 0 1 35882 17.7041
1 0 1 0 1 0 1 1 0 1 1 0 0 0 1 1 1 1 1 1 35887 18.5551
0 1 0 0 0 1 1 0 0 1 0 1 0 0 0 0 0 1 0 0 35893 17.2549
0 1 0 1 0 1 1 1 0 1 0 1 0 0 0 0 0 1 1 0 35898 18.6812
0 1 0 0 1 0 1 1 1 0 0 1 1 1 0 0 0 0 1 0 35903 18.5376
1 0 1 1 1 1 1 1 0 1 1 0 0 0 1 0 1 1 0 1 35908 20.2611
0 1 0 0 1 0 1 0 1 0 0 1 1 0 0 0 0 1 1 0 35919 17.9836
0 1 1 1 1 0 1 1 1 0 0 1 1 0 0 0 0 1 1 0 35928 18.6748
1 0 0 1 0 1 1 1 1 0 1 0 1 1 1 0 1 1 1 1 35936 20.8554
1 0 0 0 1 1 1 0 0 1 1 0 0 0 1 0 1 1 1 1 35946 19.6447
0 1 0 0 0 1 1 0 0 0 0 1 0 0 0 0 0 1 1 0 35955 18.2916
0 1 1 0 1 1 1 0 0 0 0 1 1 0 0 0 0 1 0 0 35959 18.4049
1 0 1 1 0 0 1 1 1 0 0 0 1 1 1 1 1 0 0 1 35963 16.9925
0 1 1 1 1 1 1 0 0 0 0 1 1 1 0 0 0 1 1 0 35968 17.1586
1 0 0 1 0 0 0 1 1 0 0 0 1 1 0 0 1 0 1 1 35972 17.9666
0 1 0 1 1 1 1 0 0 0 0 1 1 0 0 0 0 0 0 0 35978 17.7944
1 0 1 1 1 1 0 1 0 1 0 0 0 0 0 0 1 1 1 1 35982 18.9551
1 0 1 0 1 0 1 1 0 1 0 0 0 0 1 1 1 1 0 1 35986 18.2145
0 1 1 1 0 0 1 0 0 0 0 1 0 0 0 0 0 0 1 0 35992 17.7823
0 1 1 1 0 1 1 1 0 0 0 1 0 0 0 0 0 0 1 0 35996 18.3588
1 1 1 1 0 0 1 1 1 1 1 0 1 1 1 1 1 1 1 0 36001 17.9953
0 0 0 1 1 1 1 1 1 0 1 1 1 1 1 0 0 1 0 1 36006 18.1956
1 1 0 0 0 1 1 0 1 1 1 0 0 1 1 1 1 1 1 0 36010 18.0585
1 1 1 1 0 0 1 0 1 1 1 0 1 1 1 1 1 1 1 0 36015 18.0641
1 1 0 0 1 0 1 1 1 1 1 0 0 0 1 1 1 1 1 0 36019 17.0330
1 1 0 0 1 1 1 0 1 1 1 0 1 0 1 1 1 1 1 0 36024 18.7912
0 0 0 0 0 0 1 1 0 1 1 1 0 0 1 0 0 0 1 1 36030 18.2196
0 0 0 1 0 1 1 0 0 1 1 1 0 0 1 0 0 1 1 1 36034 18.0998
0 0 0 0 1 0 1 0 1 0 1 1 1 1 1 0 0 0 1 1 36039 17.2316
0 0 1 0 1 1 1 1 1 0 1 1 1 1 1 0 0 1 1 1 36043 18.4722
0 0 1 1 0 1 1 1 0 1 1 1 0 0 1 0 0 0 1 1 36048 19.0531
0 0 1 1 1 1 1 0 1 0 0 1 1 1 1 0 0 0 1 1 36056 17.4077
1 1 1 1 0 0 1 0 1 0 1 0 0 1 1 1 1 1 1 0 36066 17.8288
1 1 1 0 1 0 1 1 0 1 1 0 1 0 1 1 1 0 0 0 36074 16.7460
0 0 0 0 1 0 1 0 1 0 0 1 1 1 1 0 0 1 0 1 36085 17.3702
0 0 1 0 1 0 1 1 1 0 0 1 1 1 1 0 0 1 1 1 36095 18.4651
1 1 0 1 0 1 1 0 1 0 1 0 1 1 1 1 1 0 1 0 36099 18.0128
0 0 1 1 1 1 1 0 1 0 0 1 1 1 0 0 0 1 1 1 36104 17.6669
0 0 0 1 0 1 1 0 0 1 0 1 0 0 0 0 0 1 0 1 36110 17.6485
1 1 0 1 0 0 1 0 1 0 1 0 1 1 1 1 1 1 1 0 36114 18.0704
1 1 0 0 1 1 1 0 0 1 1 0 0 0 1 1 1 0 1 0 36119 17.6579
1 0 1 0 1 0 1 1 1 1 1 0 1 0 1 1 1 0 1 0 36124 17.0228
0 1 1 0 0 1 1 0 0 1 1 1 0 0 1 0 0 0 0 1 36129 18.3444
0 1 1 0 1 1 1 0 1 0 1 1 1 1 1 0 0 1 0 1 36133 17.0702
1 0 1 1 0 1 1 0 1 1 1 0 1 1 1 1 1 1 1 0 36137 19.7458
1 0 0 1 1 1 1 0 1 1 1 0 1 0 1 1 1 0 1 0 36141 18.1565
1 1 1 0 0 1 1 1 1 1 1 0 0 1 1 0 1 1 0 0 36146 18.9906
0 0 0 0 1 1 1 1 1 0 1 1 1 0 1 0 0 1 1 1 36149 18.1369
1 0 1 1 1 1 1 1 1 1 1 0 1 0 1 0 1 1 1 0 36150 21.0764
0 1 0 0 1 0 1 0 1 0 1 1 1 0 1 0 0 1 0 1 36153 18.0689
0 0 0 0 0 1 1 1 0 1 1 1 0 1 1 0 0 1 1 1 36155 18.9114
0 1 1 1 0 0 1 0 0 1 1 1 0 1 1 0 0 1 0 1 36158 17.7149
0 1 0 1 0 1 1 0 0 1 1 1 0 1 1 0 0 0 0 1 36160 18.2708
0 1 0 1 1 0 1 1 1 0 1 1 1 0 1 0 0 0 0 1 36162 18.5823
0 0 1 0 1 1 1 1 1 0 1 1 1 0 1 0 0 0 1 1 36164 18.5049
1 1 0 0 0 1 1 0 1 1 1 0 1 1 1 0 1 0 0 0 36166 18.1882
0 1 0 0 1 0 1 0 0 0 1 1 1 1 1 0 0 1 0 1 36171 16.2176
0 1 0 1 0 1 0 1 0 0 1 1 0 0 1 1 0 1 0 1 36174 18.8385
0 1 0 1 1 0 0 0 0 0 1 1 1 0 1 1 0 1 0 1 36178 17.9707
0 1 1 0 0 1 1 0 0 0 1 1 0 0 1 0 0 1 0 1 36181 17.8638
0 1 1 1 0 0 0 0 0 0 1 1 0 0 1 1 0 1 0 1 36184 17.8109
0 1 1 1 0 1 0 1 0 0 1 1 0 0 1 1 0 1 0 1 36188 19.5199
0 0 1 0 1 0 1 1 1 0 0 1 1 0 1 0 0 0 1 1 36191 18.0248
0 1 0 0 0 1 0 1 0 0 1 1 0 0 1 1 0 0 0 1 36197 17.9350
0 1 0 0 1 0 0 0 0 0 1 1 1 0 1 1 0 0 0 1 36201 17.7549
1 0 1 1 1 1 1 1 1 1 0 0 1 0 1 1 1 1 1 0 36203 18.7019
0 1 1 0 0 0 0 0 0 0 1 1 0 0 1 1 0 0 0 1 36207 17.7642
0 1 1 0 0 1 0 1 0 0 1 1 0 0 1 1 0 0 0 1 36211 17.9565
1 0 0 1 1 0 1 1 1 1 0 0 0 0 1 1 1 1 1 0 36213 16.0605
1 1 1 1 1 1 1 1 0 1 1 0 0 0 1 0 1 1 0 0 36220 20.1201
0 0 0 0 1 0 1 0 1 0 0 1 1 0 0 0 0 1 1 1 36231 17.9366
0 0 1 1 1 0 1 1 1 0 0 1 1 0 0 0 0 1 1 1 36240 18.7141
1 0 1 0 1 0 1 1 1 1 1 0 0 0 1 1 1 1 0 0 36245 17.1106
1 0 0 1 1 0 1 0 1 1 1 0 1 0 1 1 1 1 0 0 36249 18.1464
0 1 0 0 0 1 1 0 0 1 1 1 0 0 1 0 0 0 1 1 36255 17.2773
0 1 1 0 0 0 1 1 0 1 1 1 0 0 1 0 0 1 1 1 36259 18.9423
1 0 0 1 0 1 1 0 1 1 1 0 1 1 1 1 1 1 0 0 36263 18.2408
0 1 0 0 1 1 1 0 1 0 1 1 1 0 1 0 0 1 1 1 36267 18.1755
1 0 1 0 1 0 1 1 1 1 1 0 0 0 1 0 1 1 0 0 36269 18.0703
1 1 0 1 0 0 1 1 1 1 1 0 1 1 1 0 1 1 1 0 36271 19.6274
1 0 0 1 1 0 1 0 1 1 1 0 1 0 1 0 1 1 0 0 36273 19.3297
1 1 1 1 1 1 1 0 1 1 1 0 1 0 1 0 1 0 1 0 36275 20.0159
0 0 0 0 0 1 1 0 0 1 1 1 0 1 1 0 0 0 0 1 36279 18.1606
1 1 1 0 0 1 1 0 1 1 1 0 0 1 1 0 1 1 1 0 36280 19.5119
0 1 1 1 0 0 1 1 0 1 1 1 0 1 1 0 0 0 1 1 36283 19.2306
1 1 0 1 0 1 1 1 1 1 1 0 1 1 1 0 1 1 1 0 36284 20.6167
1 1 0 1 0 0 1 0 1 1 1 0 0 1 1 0 1 1 1 0 36287 18.2824
0 1 0 1 0 1 1 0 0 0 1 1 0 0 1 0 0 1 1 1 36292 18.0796
1 0 1 0 1 0 1 1 1 1 0 0 0 0 1 0 1 0 0 0 36294 17.1891
1 0 1 0 1 0 1 1 1 1 0 0 1 0 1 1 1 0 0 0 36298 16.0736
0 1 1 1 0 0 1 0 0 0 1 1 0 1 1 0 0 1 1 1 36302 18.2455
1 1 1 0 1 0 1 0 0 1 1 0 1 0 1 0 1 1 1 0 36304 19.6782
1 0 0 0 1 0 1 1 1 1 0 0 0 0 1 0 1 0 0 0 36308 17.0881
1 1 1 0 1 0 1 1 0 1 1 0 1 0 1 0 1 0 1 0 36314 18.3122
1 0 1 1 1 0 1 1 1 1 0 0 0 0 1 0 1 1 0 0 36317 17.6664
1 0 1 1 1 0 1 1 1 1 0 0 1 0 1 1 1 1 0 0 36321 16.1904
1 0 1 0 1 0 1 1 1 1 0 0 0 0 1 1 1 1 0 0 36324 16.1723
1 1 1 1 1 0 1 0 0 1 1 0 1 0 1 0 1 0 1 0 36327 18.5314
1 0 0 1 1 0 1 1 1 1 0 0 0 0 1 0 1 1 0 0 36331 17.6727
1 0 0 0 0 1 1 1 1 1 0 0 1 1 1 1 1 1 0 0 36334 17.2181
1 1 0 0 0 1 1 1 1 0 1 0 1 1 1 0 1 1 1 0 36343 19.4581
1 1 0 1 1 1 1 0 0 1 1 0 0 0 1 0 1 1 1 0 36353 19.7721
0 1 1 1 0 0 1 0 0 1 0 1 0 0 1 0 0 0 0 1 36362 16.6072
1 0 1 0 1 1 1 1 0 1 1 0 1 0 1 1 1 1 1 0 36371 18.9172
0 1 1 0 1 1 1 1 1 0 0 1 1 1 1 0 0 0 0 1 36382 17.0524
0 0 0 1 1 1 1 0 0 0 1 1 1 0 1 0 0 1 0 1 36388 17.9023
0 1 1 0 1 1 1 0 1 0 0 1 1 0 1 0 0 0 1 1 36391 17.5668
0 0 0 0 0 1 1 1 0 0 1 1 0 1 1 0 0 1 0 1 36395 18.4674
0 0 1 1 1 0 1 0 0 0 1 1 1 1 1 0 0 1 0 1 36398 16.2126
1 1 0 0 1 0 1 1 1 1 0 0 1 0 1 1 1 0 1 0 36400 14.7056
0 0 1 0 0 0 1 1 0 0 1 1 0 0 1 0 0 1 0 1 36405 19.0680
0 0 0 0 0 1 1 0 0 0 1 1 0 0 1 0 0 1 1 1 36411 18.1819
0 0 0 1 0 0 1 1 0 0 1 1 0 1 1 0 0 1 1 1 36414 19.3260
0 0 0 1 0 1 1 0 0 0 1 1 0 1 1 0 0 1 1 1 36418 18.6114
0 0 1 0 0 0 1 0 0 0 1 1 0 1 1 0 0 1 1 1 36421 18.4891
1 1 0 1 1 0 1 1 1 1 0 0 1 0 1 1 1 0 0 0 36423 16.1150
0 0 1 1 0 0 1 1 0 0 1 1 0 1 1 0 0 1 1 1 36428 20.0478
1 1 0 0 1 1 1 1 1 1 0 0 1 0 1 1 1 0 0 0 36430 16.5107
1 0 1 1 0 1 1 1 1 0 0 0 0 1 1 0 1 1 0 0 36435 18.3282
1 0 1 0 1 1 1 1 0 1 0 0 1 0 1 0 1 1 1 0 36437 19.5491
1 0 0 1 1 0 1 1 0 1 0 0 1 0 1 0 1 1 1 0 36439 18.9015
1 1 1 1 1 0 1 1 0 1 0 0 1 0 1 1 1 0 0 0 36441 15.8016
0 0 0 1 0 1 1 1 0 0 0 1 0 1 1 0 0 1 1 1 36444 18.9165
0 0 1 0 0 1 1 0 0 0 0 1 0 1 1 0 0 1 1 1 36447 18.3360
1 1 0 0 0 1 1 1 1 0 0 0 0 1 1 1 1 0 0 0 36448 15.3004
0 1 1 0 0 1 1 1 0 0 0 1 0 0 1 0 0 0 1 1 36451 18.2179
1 0 0 1 1 1 0 1 0 1 0 0 1 0 0 0 1 1 1 0 36452 18.6993
1 1 0 1 0 0 1 1 1 0 0 0 0 1 1 1 1 0 1 0 36455 15.8052
1 1 1 0 0 1 1 1 1 0 0 0 1 1 1 0 1 0 0 0 36460 18.1214
1 1 0 0 1 0 1 1 0 1 0 0 0 0 1 0 1 0 1 0 36464 18.4782
0 0 1 0 0 1 1 0 0 0 0 1 0 0 0 0 0 1 1 1 36469 17.9707
0 0 0 0 1 1 1 1 0 0 0 1 1 1 0 0 0 1 0 1 36473 16.3556
1 1 0 1 0 0 1 1 1 0 0 0 1 1 1 1 1 0 0 0 36477 15.9970
1 0 0 0 1 0 1 0 0 1 1 0 1 0 1 1 1 0 1 0 36484 17.3928
0 1 0 0 1 0 1 0 1 0 0 1 1 1 1 0 0 1 1 1 36495 18.5346
0 1 1 1 1 0 1 1 1 0 0 1 1 1 1 0 0 1 1 1 36504 18.6906
0 0 0 0 1 0 0 1 0 0 1 1 1 1 1 1 0 0 0 1 36509 16.5250
0 0 0 0 1 1 0 0 0 0 1 1 1 1 1 1 0 0 0 1 36513 16.1537
0 0 0 1 0 0 1 1 0 0 1 1 0 0 1 0 0 0 0 1 36516 18.8804
0 0 1 0 0 1 1 0 0 0 1 1 0 1 1 0 0 0 0 1 36519 17.9931
0 0 1 0 1 0 0 1 0 0 1 1 1 1 1 1 0 0 0 1 36523 16.4735
1 1 0 1 1 1 1 1 1 1 0 0 1 0 1 1 1 1 1 0 36525 18.0531
0 0 0 1 0 0 1 0 0 0 1 1 0 1 1 0 0 0 1 1 36532 18.2250
1 0 1 1 1 1 1 1 0 1 1 0 1 0 1 0 1 0 1 0 36534 19.2445
1 1 1 0 1 1 1 1 1 1 0 0 0 0 1 1 1 1 0 0 36538 17.0884
1 1 0 1 1 0 1 1 1 1 0 0 1 0 1 0 1 1 0 0 36541 18.5854
1 1 0 0 0 0 0 1 1 1 0 0 1 1 0 1 1 1 0 0 36544 17.6009
1 0 0 1 1 1 1 1 0 1 1 0 1 0 1 0 1 0 1 0 36548 17.8449
0 0 0 0 1 1 1 0 0 0 0 1 1 0 1 0 0 0 0 1 36553 17.3274
0 1 0 1 1 1 1 0 0 0 0 1 1 0 1 0 0 1 1 1 36556 18.0678
0 0 0 1 1 0 1 1 0 0 0 1 1 1 1 0 0 0 1 1 36558 16.7674
1 1 0 0 0 1 1 1 1 0 0 0 0 1 1 0 1 1 1 0 36560 18.4463
0 1 1 1 1 0 1 0 0 0 0 1 1 0 1 0 0 1 0 1 36562 17.8212
1 1 1 0 1 1 1 1 0 1 0 0 1 0 1 1 1 1 0 0 36564 17.6049
1 0 0 1 0 1 1 1 1 0 0 0 0 1 1 1 1 0 0 0 36567 15.6937
0 1 0 0 0 1 1 1 0 0 0 1 0 1 1 0 0 1 0 1 36569 17.9878
1 1 0 0 0 0 0 1 1 0 0 0 0 1 0 0 1 1 1 0 36571 17.8580
0 1 1 0 1 1 1 1 0 0 0 1 1 1 1 0 0 1 1 1 36573 17.8576
1 0 0 0 0 0 1 1 1 0 0 0 0 1 1 1 1 0 1 0 36576 15.8767
1 1 1 0 0 0 1 1 1 0 0 0 1 1 1 0 1 1 1 0 36581 18.6608
1 1 0 1 1 0 1 1 0 1 0 0 0 0 1 1 1 1 1 0 36585 17.3661
1 1 0 0 1 0 1 1 0 1 0 0 0 0 1 0 1 1 0 0 36590 19.1534
0 0 1 0 0 0 1 1 0 0 0 1 0 1 0 0 0 0 1 1 36595 18.9413
0 0 1 0 1 1 1 1 0 0 0 1 1 1 0 0 0 0 0 1 36599 16.6021
1 0 0 1 0 1 1 0 1 0 1 0 1 1 1 1 1 0 1 0 36603 18.1450
0 1 1 1 1 1 1 0 1 0 0 1 1 1 0 0 0 1 1 1 36608 18.6545
0 1 0 1 0 1 1 0 0 1 0 1 0 0 0 0 0 1 0 1 36614 17.9900
1 0 0 1 0 0 1 0 1 0 1 0 1 1 1 1 1 1 1 0 36618 18.1932
1 0 0 0 1 1 1 0 0 1 1 0 0 0 1 1 1 0 1 0 36623 17.6149
1 0 1 1 1 1 1 1 0 1 1 0 0 0 1 0 1 0 0 0 36630 19.0933
0 1 0 0 0 1 1 1 0 1 0 1 0 1 0 0 0 1 1 1 36641 20.1537
0 1 0 0 1 1 1 0 1 0 0 1 1 0 0 0 0 1 0 1 36649 18.0285
0 1 1 1 1 0 1 0 1 0 0 1 1 0 0 0 0 1 0 1 36658 18.3048
1 0 0 1 1 1 1 1 0 1 1 0 0 0 1 0 1 0 1 0 36668 18.9543
0 1 0 1 0 1 1 0 0 0 0 1 0 0 0 0 0 1 1 1 36676 18.1281
0 1 1 1 1 1 1 0 0 0 0 1 1 0 0 0 0 1 0 1 36680 17.9635
1 0 1 0 0 0 1 1 1 0 0 0 1 1 1 1 1 0 0 0 36684 15.9683
1 0 1 0 1 0 1 1 0 1 0 0 0 0 1 1 1 0 1 0 36688 16.1610
0 1 1 0 0 1 1 1 0 0 0 1 0 1 0 0 0 1 1 1 36693 18.8405
0 1 0 0 1 1 1 0 0 0 0 1 1 0 0 0 0 0 1 1 36699 17.0971
1 0 0 1 0 1 1 1 1 0 0 0 1 1 1 0 1 1 1 0 36703 19.6002
1 0 1 1 1 1 1 1 0 1 0 0 0 0 1 1 1 1 0 0 36707 17.5653
1 0 0 0 0 1 1 1 1 0 0 0 1 1 1 1 1 1 0 0 36712 17.0677
1 0 0 1 0 0 1 1 1 0 0 0 1 1 1 0 1 1 1 0 36716 18.7025
1 1 1 1 1 1 1 1 1 1 1 0 0 1 1 1 1 1 1 0 36721 19.6119
1 1 1 0 1 0 1 1 1 1 1 0 1 1 1 1 1 0 1 0 36724 18.6373
1 0 1 1 0 0 1 1 1 1 1 0 0 0 1 1 1 1 1 1 36726 17.2763
0 0 0 0 0 1 1 0 0 1 1 1 0 0 1 1 0 1 0 1 36729 18.7706
1 0 0 0 0 0 1 0 1 1 1 0 1 0 1 1 1 1 1 1 36730 17.3973
0 1 1 0 1 1 1 0 1 0 1 1 1 1 1 1 0 1 0 0 36733 17.2006
1 0 1 1 1 1 1 0 1 1 1 0 0 1 1 1 1 1 1 1 36735 19.4998
1 1 1 1 0 1 1 0 1 1 1 0 1 0 1 1 1 1 1 0 36737 18.7660
1 0 0 0 1 1 1 1 1 1 1 0 1 1 1 1 1 1 1 1 36739 20.1000
1 1 0 1 1 1 1 0 1 1 1 0 1 1 1 1 1 0 1 0 36741 19.6260
0 1 0 0 0 0 1 0 0 1 1 1 0 1 1 1 0 0 0 0 36745 17.7556
0 1 0 1 0 0 1 1 0 1 1 1 0 1 1 1 0 1 0 0 36750 18.1224
0 1 1 1 1 0 1 0 1 0 1 1 1 0 1 1 0 0 0 0 36754 18.3259
0 1 1 0 1 0 1 0 1 0 1 1 1 0 1 1 0 1 0 0 36759 18.4593
1 0 0 0 0 0 1 1 1 1 1 0 0 0 1 0 1 1 1 1 36763 16.8950
0 1 1 1 1 0 1 1 1 0 1 1 1 0 1 1 0 0 0 0 36768 18.2745
1 0 1 0 1 1 1 1 1 1 0 0 0 1 1 0 1 0 1 1 36772 19.2378
0 1 0 0 1 1 1 0 0 0 1 1 1 1 1 1 0 1 0 0 36777 16.3906
0 1 0 1 1 0 0 1 0 0 1 1 1 0 1 0 0 1 0 0 36780 17.8998
1 1 1 0 1 0 1 0 0 1 1 0 1 1 1 1 1 1 1 0 36782 19.0714
0 1 1 0 1 0 1 1 0 0 1 1 1 1 1 1 0 1 0 0 36787 17.3766
0 1 1 1 0 1 0 1 0 0 1 1 0 1 1 0 0 1 0 0 36790 18.1339
1 0 1 1 1 1 1 1 1 1 0 0 0 1 1 0 1 1 1 1 36795 19.6774
1 0 1 0 0 1 1 1 1 1 0 0 1 0 1 0 1 1 1 1 36798 18.9355
0 1 0 0 1 0 0 1 0 0 1 1 1 0 1 0 0 0 0 0 36803 17.5134
1 1 1 1 1 0 1 0 0 1 1 0 1 1 1 1 1 0 1 0 36805 18.1706
1 0 0 0 0 1 1 1 1 1 0 0 0 0 1 1 1 1 1 1 36808 17.0909
0 1 1 0 0 1 0 1 0 0 1 1 0 1 1 0 0 0 0 0 36813 17.4693
1 1 0 0 0 1 1 1 1 0 1 0 1 0 1 1 1 1 1 0 36817 17.7672
1 1 1 1 1 1 1 1 0 1 1 0 0 1 1 1 1 1 1 0 36826 19.6695
0 0 1 1 1 1 1 1 1 0 0 1 1 1 0 1 0 1 0 1 36837 18.0341
1 1 1 0 0 0 1 1 1 1 1 0 1 0 1 1 1 1 1 1 36842 18.2216
0 1 0 1 1 1 1 1 1 0 1 1 1 1 1 1 0 0 0 1 36845 18.7076
1 1 1 1 1 1 1 1 1 1 1 0 1 1 1 1 1 1 1 1 36846 22.7485
1 0 0 1 0 1 1 0 1 1 1 0 0 0 1 1 1 1 1 0 36849 17.1636
0 1 0 0 0 1 1 1 0 1 1 1 0 0 1 1 0 1 0 1 36851 19.3497
0 0 1 1 1 1 1 0 1 0 1 1 1 1 1 1 0 1 0 0 36854 17.3318
0 1 1 1 0 1 1 0 0 1 1 1 0 0 1 1 0 1 0 1 36856 19.3249
1 1 1 0 0 0 1 0 1 1 1 0 0 0 1 1 1 1 1 1 36858 17.1725
0 0 1 1 1 1 1 1 1 0 1 1 1 1 1 1 0 1 0 0 36860 18.0939
1 1 0 0 1 0 1 0 1 1 1 0 0 1 1 1 1 0 1 1 36862 18.7364
1 0 1 0 1 0 1 1 1 1 1 0 1 1 1 0 1 1 1 0 36866 19.6479
0 1 1 0 0 0 1 0 0 1 1 1 0 1 1 1 0 0 0 1 36871 18.7330
0 1 0 0 1 0 1 1 1 0 1 1 1 0 1 1 0 1 0 1 36875 19.0484
0 1 0 1 1 0 1 0 1 0 1 1 1 0 1 1 0 0 0 1 36880 18.9908
0 1 1 1 1 1 1 1 1 0 1 1 1 0 1 1 0 1 0 1 36884 21.1226
0 1 0 0 0 0 0 0 0 0 1 1 0 1 1 0 0 1 0 1 36891 16.6031
1 0 1 1 0 1 1 1 1 1 0 0 1 0 1 0 1 0 1 0 36893 18.6550
0 1 0 1 1 0 1 0 0 0 1 1 1 0 1 1 0 1 0 1 36898 18.9994
1 0 1 0 1 1 1 1 1 1 0 0 1 1 1 1 1 0 1 0 36900 18.2349
1 0 0 1 0 1 1 1 1 1 0 0 0 0 1 1 1 0 1 0 36903 15.1606
0 1 1 1 0 1 1 1 0 0 1 1 0 0 1 1 0 1 0 1 36908 20.5139
1 0 0 0 1 0 1 1 1 1 0 0 0 1 1 1 1 0 1 0 36910 16.3487
1 0 1 0 0 1 1 1 1 1 0 0 0 0 1 0 1 1 1 0 36916 17.7014
0 1 0 0 0 0 1 0 0 0 1 1 0 0 1 1 0 0 0 1 36921 18.7532
1 0 1 1 1 1 1 1 1 1 0 0 1 1 1 1 1 1 1 0 36923 19.6510
0 0 0 1 1 0 1 0 1 0 0 1 1 1 1 1 0 1 0 0 36926 16.7093
1 1 1 1 1 1 1 0 0 1 1 0 1 1 1 1 1 0 1 1 36930 19.5970
1 0 0 1 1 0 1 1 1 1 0 0 0 1 1 1 1 1 1 0 36933 17.2640
1 1 0 1 1 0 1 0 0 1 1 0 0 1 1 1 1 0 1 1 36939 19.3162
0 0 0 1 1 0 1 0 1 0 0 1 1 1 0 1 0 1 0 0 36950 16.0817
1 1 1 0 1 1 1 0 0 1 1 0 0 1 1 1 1 1 1 1 36959 20.6786
1 1 1 0 0 0 1 1 1 1 1 0 0 0 1 0 1 1 1 1 36965 17.0653
1 1 0 1 0 0 1 0 1 1 1 0 1 0 1 0 1 1 1 1 36969 18.1759
1 1 0 0 0 0 1 1 1 1 1 0 1 0 1 0 1 0 1 1 36974 17.0404
1 1 1 0 1 1 1 0 1 1 1 0 1 1 1 0 1 1 1 1 36978 21.8867
0 0 1 0 0 1 1 1 0 1 1 1 0 1 1 1 0 0 0 0 36983 18.0175
0 0 0 0 0 0 1 1 0 1 1 1 0 1 1 1 0 1 0 1 36989 17.7842
0 0 1 0 1 0 1 0 1 0 1 1 1 0 1 1 0 0 0 1 36993 18.6313
1 1 0 1 1 0 1 1 1 1 1 0 1 1 1 0 1 0 1 0 36997 20.1000
0 0 0 1 0 1 1 1 0 1 1 1 0 1 1 1 0 0 0 1 37002 19.1904
0 0 1 1 1 0 1 1 1 0 1 1 1 0 1 1 0 1 0 1 37006 20.5164
0 0 0 0 1 1 1 1 1 0 0 1 1 0 1 1 0 0 0 1 37014 17.7743
1 1 1 0 1 0 1 0 0 1 1 0 1 1 1 0 1 1 1 0 37024 19.4424
0 0 1 0 0 0 1 0 0 1 0 1 0 1 1 1 0 1 0 0 37033 16.6365
1 1 0 1 1 0 1 0 0 1 1 0 1 1 1 0 1 0 1 0 37041 19.3244
0 0 1 0 1 1 1 1 1 0 0 1 1 0 1 1 0 1 0 1 37052 19.2970
0 0 1 1 1 1 1 0 1 0 0 1 1 0 0 1 0 1 0 0 37058 17.6946
1 1 1 1 0 1 1 1 1 0 1 0 1 0 1 0 1 0 1 1 37063 19.4995
0 0 0 0 1 1 1 1 1 0 0 1 1 0 0 1 0 1 0 0 37068 18.0913
1 1 1 1 1 1 1 0 0 1 1 0 0 1 1 0 1 0 1 0 37073 20.0045
1 1 0 1 1 1 1 1 0 1 1 0 0 1 1 0 1 0 1 1 37078 20.3616
0 1 1 0 1 0 1 0 1 0 0 1 1 1 1 1 0 0 0 1 37083 17.1618
0 0 0 1 0 1 1 1 0 0 1 1 0 0 1 1 0 1 0 0 37086 17.0793
1 1 1 0 1 1 1 1 1 1 0 0 0 1 1 1 1 0 1 1 37090 18.6413
0 0 1 0 1 1 0 0 0 0 1 1 1 0 1 0 0 1 0 0 37093 17.2774
0 0 1 1 0 0 1 0 0 0 1 1 0 0 1 1 0 1 0 0 37096 18.0504
1 1 0 0 0 1 1 1 1 1 0 0 1 0 1 0 1 0 1 1 37100 17.6287
0 1 1 0 1 0 1 1 1 0 0 1 1 1 1 1 0 0 0 1 37104 16.3637
1 1 1 0 1 0 1 1 1 1 0 0 1 1 1 0 1 0 1 0 37108 19.6985
1 1 1 1 0 1 1 1 1 1 0 0 0 0 1 1 1 0 1 0 37113 15.0915
0 0 0 1 1 1 0 1 0 0 1 1 1 1 1 0 0 1 0 1 37116 16.3487
1 1 0 0 1 1 1 1 1 1 0 0 0 1 1 0 1 0 1 0 37118 19.6229
0 0 1 0 1 1 1 1 0 0 1 1 1 0 1 1 0 1 0 1 37123 19.7246
0 0 1 1 1 0 0 1 0 0 1 1 1 0 1 0 0 1 0 1 37126 18.4172
1 0 1 0 1 1 1 1 0 1 1 0 1 1 1 0 1 1 1 0 37133 20.4428
0 1 0 1 1 0 1 0 1 0 0 1 1 0 1 1 0 0 0 1 37144 18.1593
1 0 0 1 1 1 1 0 0 1 1 0 1 1 1 0 1 1 1 1 37152 20.0964
1 0 0 0 0 1 1 1 1 0 0 0 0 0 1 0 1 1 1 1 37154 18.5916
0 1 0 1 0 1 1 1 0 0 0 1 0 0 1 1 0 0 0 1 37157 17.7943
1 1 0 1 0 1 1 1 1 0 0 0 0 0 1 0 1 0 1 0 37159 17.8092
0 1 1 0 1 1 1 0 0 0 0 1 1 1 1 1 0 0 0 1 37161 16.1034
1 0 1 1 0 0 1 1 1 0 0 0 0 0 1 0 1 1 1 1 37164 18.4558
1 1 1 1 0 1 1 1 1 0 0 0 0 0 1 1 1 0 1 0 37167 16.1351
1 1 1 1 1 1 0 1 0 1 0 0 1 1 0 1 1 0 1 0 37169 19.3941
1 1 0 0 1 1 1 1 0 1 0 0 1 1 1 0 1 0 1 0 37171 19.1382
0 0 1 1 0 0 1 1 0 0 0 1 0 0 1 1 0 1 0 0 37175 17.9653
1 0 0 1 0 0 1 1 1 0 0 0 0 0 1 1 1 1 1 1 37176 17.8943
1 1 0 1 0 1 1 1 1 0 0 0 1 0 1 1 1 0 1 1 37179 17.4171
0 0 1 1 1 1 1 0 0 0 0 1 1 0 0 1 0 1 0 1 37184 17.6875
0 0 0 1 0 1 1 0 0 0 0 1 0 1 0 1 0 1 0 0 37190 16.9644
1 1 1 1 0 0 1 1 1 0 0 0 1 0 1 1 1 0 1 1 37194 17.1313
1 1 0 1 1 1 0 1 0 1 0 0 0 1 0 1 1 0 1 0 37199 19.2497
0 0 0 1 0 1 1 0 0 0 1 1 0 0 1 1 0 0 0 0 37204 17.9977
0 1 0 0 1 1 1 0 1 0 0 1 1 1 1 1 0 1 0 1 37207 17.4217
1 1 1 1 0 0 0 1 1 1 0 0 0 0 0 1 1 1 1 1 37211 16.5596
0 0 1 1 0 0 1 0 0 0 1 1 0 1 1 1 0 0 0 0 37214 17.9520
1 1 0 0 1 0 1 1 1 1 0 0 1 1 1 1 1 1 1 1 37216 19.6612
0 1 1 1 1 1 1 1 1 0 0 1 1 1 1 1 0 1 0 1 37221 18.1808
0 0 0 0 0 1 1 0 0 0 1 1 0 0 1 1 0 0 0 1 37227 18.2290
1 1 1 1 1 0 1 1 1 1 0 0 0 1 1 0 1 1 1 0 37229 19.1536
0 0 0 1 1 1 1 0 0 0 1 1 1 1 1 1 0 0 0 1 37234 16.2732
0 0 1 0 0 0 1 0 0 0 1 1 0 1 1 1 0 0 0 1 37237 18.1624
1 1 0 1 0 0 1 1 1 1 0 0 1 0 1 1 1 1 1 0 37239 16.1188
0 0 1 1 1 0 1 1 0 0 1 1 1 1 1 1 0 0 0 1 37244 17.2283
1 1 0 0 1 1 1 1 1 1 0 0 1 1 1 1 1 1 1 0 37246 19.1486
0 1 1 1 0 0 1 0 0 1 0 1 0 1 1 1 0 1 0 1 37256 18.0418
0 1 0 1 1 0 1 1 1 0 0 1 1 0 1 1 0 1 0 1 37266 17.9376
0 1 1 0 1 0 1 0 0 0 0 1 1 1 1 1 0 1 0 0 37273 15.4801
1 1 1 0 1 0 1 1 0 1 0 0 1 1 1 0 1 1 1 0 37274 19.5563
0 0 0 0 0 1 1 1 0 0 0 1 0 0 1 1 0 0 0 1 37278 17.7595
0 0 1 1 0 1 1 0 0 0 0 1 0 0 1 1 0 0 0 1 37280 17.8782
0 0 1 1 1 1 1 0 0 0 0 1 1 1 1 1 0 0 0 1 37282 16.0722
0 1 0 0 1 1 1 0 0 0 0 1 1 1 1 1 0 1 0 0 37285 15.5434
1 0 1 0 0 1 1 1 1 0 0 0 0 0 1 1 1 0 1 0 37288 16.1904
0 0 0 1 1 1 1 1 0 0 0 1 1 1 1 1 0 0 0 1 37290 16.0697
1 0 0 1 1 1 1 1 0 1 0 0 1 1 1 0 1 0 1 0 37292 18.9531
0 1 1 1 1 1 1 1 0 0 0 1 1 1 1 1 0 1 0 0 37295 16.2638
0 0 1 0 0 0 1 0 0 0 0 1 0 1 0 1 0 0 0 0 37297 16.8865
0 0 0 1 1 1 1 1 0 0 0 1 1 0 0 1 0 0 0 1 37301 18.7120
1 1 0 1 0 1 1 1 1 0 0 0 1 0 1 1 1 1 1 0 37305 17.4311
1 1 1 1 1 0 1 1 0 1 0 0 0 1 1 1 1 1 1 0 37311 18.0822
0 0 1 0 0 1 1 1 0 0 0 1 0 0 0 1 0 0 0 1 37316 19.0300
1 1 0 1 0 0 1 1 1 0 0 0 1 0 1 1 1 1 1 1 37320 17.9321
1 0 1 1 0 1 1 1 1 0 1 0 1 0 1 1 1 1 1 0 37328 18.7369
1 0 0 1 1 1 1 0 0 1 1 0 0 1 1 1 1 1 1 0 37338 19.8338
0 1 1 0 1 0 1 0 1 0 0 1 1 1 0 1 0 1 0 0 37347 16.6456
1 0 1 1 1 0 1 0 0 1 1 0 0 1 1 1 1 0 1 1 37357 18.2309
1 0 1 0 0 0 1 0 1 0 1 0 1 0 1 1 1 1 1 1 37367 18.5601
1 0 1 0 1 1 1 1 0 1 1 0 0 1 1 0 1 1 1 0 37371 20.6499
1 0 1 0 0 1 1 1 1 0 1 0 1 0 1 0 1 0 1 1 37376 18.3104
0 1 1 0 1 1 1 1 1 0 0 1 1 0 0 1 0 0 0 1 37382 19.1325
1 0 1 1 1 1 1 0 0 1 1 0 0 1 1 0 1 0 1 1 37386 19.9900
1 0 1 1 1 1 1 0 0 1 1 0 0 1 1 0 1 1 1 0 37391 21.2509
0 1 1 0 0 1 1 0 0 0 0 1 0 1 0 1 0 1 0 0 37395 17.1483
0 1 1 1 0 1 1 0 0 0 0 1 0 0 0 1 0 1 0 1 37400 17.9782
1 0 1 1 0 1 1 1 1 0 0 0 1 0 1 1 1 0 1 1 37405 17.7506
0 1 0 1 1 1 1 1 0 0 0 1 1 1 0 1 0 1 0 1 37410 17.1713
1 0 0 1 0 0 0 1 1 0 0 0 1 0 0 1 1 0 1 0 37415 17.8075
1 0 1 0 0 1 1 1 1 0 0 0 1 0 1 0 1 1 1 0 37418 18.8322
1 0 0 1 1 0 1 1 0 1 0 0 0 1 1 0 1 1 1 0 37423 19.6184
1 0 1 1 1 1 1 1 0 1 0 0 0 1 1 0 1 1 1 1 37428 20.1804
0 1 0 1 0 0 1 1 0 0 0 1 0 0 0 1 0 0 0 1 37434 18.8067
0 1 1 1 0 1 1 1 0 0 0 1 0 1 0 1 0 0 0 0 37439 17.7259
0 0 0 1 1 1 1 0 1 0 1 1 1 1 1 1 0 0 1 1 37442 18.2428
0 1 0 0 0 0 1 1 0 1 1 1 0 0 1 1 0 1 1 0 37445 18.5242
1 0 1 1 1 0 1 1 1 1 1 0 0 1 1 1 1 1 0 1 37446 19.2918
0 0 0 0 1 0 1 0 1 0 1 1 1 1 1 1 0 1 1 1 37449 17.9416
1 0 0 0 1 0 1 0 1 1 1 0 1 1 1 1 1 1 0 1 37450 19.3116
1 1 0 1 1 0 1 1 1 1 1 0 1 1 1 1 1 0 0 0 37453 17.9694
0 0 0 1 0 1 1 0 0 1 1 1 0 0 1 1 0 0 1 1 37456 18.2047
0 1 0 1 0 1 1 1 0 1 1 1 0 0 1 1 0 0 1 0 37458 17.6187
0 1 1 0 0 0 1 1 0 1 1 1 0 0 1 1 0 0 1 0 37460 17.7117
0 1 1 1 1 0 1 1 1 0 1 1 1 1 1 1 0 1 1 0 37462 19.1793
0 1 0 1 0 0 1 0 0 1 1 1 0 1 1 1 0 0 1 0 37466 18.5789
1 0 1 1 0 1 1 1 1 1 1 0 1 0 1 0 1 1 0 1 37470 19.9819
1 0 0 0 1 1 1 0 1 1 1 0 0 1 1 0 1 1 0 1 37474 18.9735
1 0 1 1 1 0 1 0 1 1 1 0 1 1 1 0 1 1 0 1 37479 19.7529
0 1 1 0 0 0 1 1 0 1 1 1 0 1 1 1 0 0 1 0 37484 18.4985
1 1 0 1 1 0 1 1 0 1 1 0 1 1 1 1 1 1 0 0 37489 18.2500
0 1 0 0 1 0 1 1 0 0 1 1 1 1 1 1 0 1 1 0 37493 17.5862
1 0 1 1 1 0 1 1 1 1 0 0 1 1 1 1 1 0 0 1 37497 17.9482
1 0 1 0 0 1 0 1 1 1 0 0 1 0 0 1 1 0 0 1 37500 18.5944
0 1 1 0 0 1 1 0 0 0 1 1 0 1 1 1 0 1 1 0 37503 18.3585
1 0 0 1 1 0 1 1 1 1 0 0 0 1 1 0 1 0 0 1 37507 17.7852
1 0 0 0 0 0 1 1 1 1 0 0 0 0 1 1 1 0 0 1 37510 14.7260
0 1 0 1 1 0 0 0 0 0 1 1 1 1 1 0 0 0 1 0 37516 16.2783
1 1 1 1 1 0 1 1 0 1 1 0 1 1 1 1 1 0 0 0 37519 17.1225
1 0 1 1 0 1 0 1 1 1 0 0 1 0 0 1 1 1 0 1 37523 19.0709
0 1 1 1 0 1 0 0 0 0 1 1 0 0 1 0 0 0 1 0 37526 17.2769
0 0 0 1 1 0 1 1 1 0 0 1 1 1 1 1 0 1 1 1 37529 17.5605
1 0 0 1 0 0 1 1 1 1 0 0 0 0 1 1 1 1 0 1 37533 16.1518
1 1 0 1 0 1 1 1 1 0 1 0 1 0 1 1 1 1 0 0 37538 18.3318
1 1 1 1 1 1 1 1 0 1 1 0 0 1 1 1 1 0 0 0 37548 17.7307
0 0 1 1 0 1 1 1 0 1 0 1 0 0 0 1 0 1 1 1 37559 19.0803
0 1 0 0 0 0 1 0 0 1 1 1 0 0 1 1 0 1 1 1 37563 19.1475
1 0 1 0 0 1 1 1 1 1 1 0 1 0 1 1 1 1 0 0 37565 18.3213
0 1 1 0 1 1 1 0 1 0 1 1 1 1 1 1 0 0 1 1 37567 19.5164
1 0 0 1 1 1 1 0 1 1 1 0 0 1 1 1 1 1 0 0 37569 19.1552
1 1 1 1 0 1 1 0 1 1 1 0 1 0 1 1 1 0 0 1 37571 18.3528
1 1 0 0 1 1 1 1 1 1 1 0 0 1 1 1 1 0 0 1 37574 19.0664
0 1 1 1 1 0 1 0 1 0 1 1 1 1 1 1 0 1 1 1 37576 19.3348
0 0 1 1 0 0 1 1 0 1 1 1 0 0 1 1 0 0 1 0 37579 17.5889
1 1 0 1 0 0 1 1 1 1 1 0 0 0 1 1 1 1 0 1 37580 17.7503
0 0 1 0 1 0 1 1 1 0 1 1 1 1 1 1 0 0 1 0 37583 17.5778
1 0 1 1 1 0 1 1 1 1 1 0 1 1 1 0 1 0 0 0 37587 19.4876
0 1 1 1 0 0 1 0 0 1 1 1 0 1 1 1 0 0 1 1 37592 19.4292
0 1 0 1 1 0 1 1 1 0 1 1 1 0 1 1 0 1 1 1 37596 19.5281
1 0 1 0 1 1 1 0 1 1 1 0 0 1 1 0 1 1 0 0 37600 20.0617
1 0 0 1 1 1 1 1 1 1 1 0 1 1 1 0 1 1 0 0 37604 20.1294
0 0 1 0 1 0 1 0 1 0 0 1 1 1 1 1 0 0 1 0 37611 16.6315
0 1 0 1 0 1 1 1 0 0 1 1 0 0 1 1 0 1 1 1 37614 19.8371
1 0 1 0 1 1 1 1 1 1 0 0 0 1 1 1 1 0 0 0 37618 16.9113
0 1 1 0 1 1 0 0 0 0 1 1 1 0 1 0 0 1 1 1 37621 17.2254
0 1 1 1 0 0 1 0 0 0 1 1 0 0 1 1 0 1 1 1 37624 19.0725
1 0 0 0 0 1 1 1 1 1 0 0 1 0 1 0 1 0 0 0 37628 17.5983
0 0 1 0 1 0 1 1 1 0 0 1 1 1 1 1 0 0 1 0 37632 16.6135
1 0 1 0 1 0 1 1 1 1 0 0 1 1 1 0 1 1 0 0 37636 19.5050
1 0 1 1 0 1 1 1 1 1 0 0 0 0 1 1 1 1 0 0 37641 16.1434
0 1 0 1 1 1 0 1 0 0 1 1 1 1 1 0 0 0 1 1 37644 17.3052
1 0 0 0 1 1 1 1 1 1 0 0 0 1 1 0 1 1 0 0 37646 19.6122
0 1 1 0 1 1 1 1 0 0 1 1 1 0 1 1 0 0 1 1 37651 19.3658
0 1 1 1 1 0 0 1 0 0 1 1 1 0 1 0 0 0 1 1 37654 18.0314
1 1 0 1 1 0 1 0 0 1 1 0 0 1 1 1 1 1 0 1 37661 19.2839
0 0 1 0 1 1 1 1 1 0 0 1 1 1 0 1 0 0 1 0 37672 17.1115
1 1 1 1 1 1 1 0 0 1 1 0 0 1 1 1 1 1 0 1 37680 19.7369
0 0 0 0 0 0 1 1 0 1 1 1 0 1 1 1 0 0 1 0 37686 18.1809
0 0 0 1 0 1 1 0 0 1 1 1 0 1 1 1 0 1 1 0 37690 19.5989
0 0 0 0 1 0 1 0 1 0 1 1 1 0 1 1 0 0 1 0 37695 17.9855
0 0 1 0 1 1 1 1 1 0 1 1 1 0 1 1 0 1 1 0 37699 19.3410
0 0 1 1 0 1 1 1 0 1 1 1 0 1 1 1 0 0 1 0 37704 19.1622
1 1 1 0 0 1 1 1 1 1 1 0 1 0 1 0 1 1 0 0 37709 19.3500
1 1 0 1 1 1 1 0 1 1 1 0 0 1 1 0 1 1 0 0 37713 20.2143
1 1 0 0 1 0 1 1 1 1 1 0 1 1 1 0 1 0 0 0 37718 18.9127
0 0 1 1 0 0 1 1 0 1 1 1 0 1 1 1 0 0 1 1 37723 18.4185
0 0 1 0 1 0 1 1 1 0 1 1 1 0 1 1 0 0 1 1 37727 18.6628
1 1 1 1 0 1 1 1 1 0 1 0 0 0 1 0 1 1 0 1 37735 19.5322
1 1 1 1 1 1 1 0 0 1 1 0 1 1 1 0 1 1 0 0 37745 20.0795
0 0 1 1 0 0 1 0 0 1 0 1 0 1 1 1 0 1 1 0 37754 17.5366
1 1 1 0 1 1 1 1 0 1 1 0 1 1 1 0 1 0 0 1 37763 18.6761
0 0 1 0 1 1 1 1 1 0 0 1 1 0 1 1 0 1 1 0 37774 18.4147
1 1 1 1 1 0 1 1 0 1 1 0 0 1 1 0 1 1 0 0 37778 19.7051
0 0 1 0 0 0 1 0 0 1 0 1 0 1 0 1 0 0 1 1 37784 18.1655
0 0 1 1 1 1 1 1 1 0 0 1 1 0 0 1 0 0 1 1 37789 19.7983
0 0 1 1 1 0 1 1 1 0 0 1 1 0 0 1 0 0 1 1 37794 19.3060
0 0 1 1 1 0 1 1 1 0 0 1 1 0 0 1 0 1 1 0 37799 18.1021
1 1 1 1 1 1 1 1 1 1 0 0 0 1 1 0 1 0 0 1 37803 18.6738
1 1 1 0 0 1 1 1 1 1 0 0 1 0 1 0 1 0 0 1 37806 18.5037
0 0 0 0 1 0 0 1 0 0 1 1 1 0 1 0 0 1 1 0 37811 17.5814
1 0 1 1 1 0 1 0 0 1 1 0 1 1 1 1 1 1 0 0 37813 18.2257
1 1 0 0 0 1 1 1 1 1 0 0 0 0 1 1 1 0 0 1 37816 16.1466
0 0 1 0 0 1 1 1 0 0 1 1 0 1 1 1 0 1 1 0 37821 19.3763
0 1 1 1 1 1 1 0 1 0 0 1 1 1 1 1 0 0 1 0 37826 17.7754
0 0 0 0 1 1 1 1 0 0 1 1 1 0 1 1 0 1 1 1 37829 18.4210
0 0 0 1 0 0 1 0 0 0 1 1 0 0 1 1 0 1 1 1 37834 18.3372
1 0 1 1 1 1 1 1 0 1 1 0 1 1 1 1 1 1 0 1 37836 19.8204
0 0 1 0 1 0 1 0 0 0 1 1 1 0 1 1 0 1 1 1 37839 18.0312
1 1 0 1 1 1 1 1 1 1 0 0 1 1 1 0 1 0 0 0 37843 18.9275
1 1 0 0 0 1 0 1 1 1 0 0 1 0 0 1 1 0 0 0 37846 17.1712
0 1 1 0 1 1 1 0 1 0 0 1 1 0 1 1 0 0 1 1 37855 18.2476
1 0 1 1 0 0 1 0 1 0 1 0 0 0 1 0 1 1 0 0 37865 19.1731
0 1 1 0 0 1 1 0 0 0 0 1 0 0 1 1 0 0 1 0 37873 17.2410
1 0 0 0 1 0 1 1 0 1 0 0 1 1 1 0 1 1 0 1 37874 18.9023
1 1 1 0 0 0 1 1 1 0 0 0 0 0 1 0 1 0 0 0 37877 17.6288
1 1 0 1 1 0 1 1 0 1 0 0 1 1 1 0 1 0 0 0 37879 17.8434
1 1 0 1 1 0 1 1 0 1 0 0 1 1 1 1 1 0 0 0 37881 16.3450
0 0 0 0 0 1 1 0 0 0 0 1 0 1 1 1 0 1 1 0 37885 17.8252
0 1 0 1 0 1 1 0 0 0 0 1 0 1 1 1 0 0 1 1 37888 18.4190
0 1 0 1 0 0 1 1 0 0 0 1 0 0 1 1 0 0 1 1 37890 17.8661
0 1 1 0 1 1 1 1 0 0 0 1 1 0 1 1 0 0 1 1 37892 18.1650
0 0 1 1 1 0 1 1 0 0 0 1 1 0 1 1 0 1 1 0 37895 17.5713
1 0 0 1 1 1 1 1 0 1 0 0 1 1 1 1 1 1 0 1 37896 18.1765
1 1 0 0 0 1 1 1 1 0 0 0 1 0 1 1 1 0 0 1 37900 16.8451
1 1 1 0 1 0 1 1 0 1 0 0 0 1 1 0 1 0 0 1 37904 18.5239
0 0 0 0 0 1 1 0 0 0 0 1 0 1 0 1 0 1 1 1 37911 18.1537
0 0 1 1 1 1 1 1 0 0 0 1 1 0 0 1 0 1 1 1 37915 18.6824
0 0 1 1 1 0 1 1 0 0 0 1 1 0 0 1 0 1 1 1 37920 18.4717
1 1 1 0 0 1 0 1 1 1 0 0 0 0 0 0 1 1 0 1 37924 17.5052
0 0 0 0 0 0 1 0 0 0 1 1 0 0 1 1 0 0 1 0 37929 17.8206
1 1 1 1 1 1 1 1 1 1 0 0 1 1 1 1 1 1 0 1 37931 19.6385
0 1 0 1 1 0 1 0 1 0 0 1 1 1 1 1 0 1 1 1 37934 18.6248
1 0 1 1 1 1 1 0 0 1 1 0 1 1 1 1 1 0 0 0 37938 17.7141
1 1 0 1 1 0 1 1 1 1 0 0 0 1 1 1 1 1 0 1 37941 18.1132
1 1 1 1 0 1 0 1 1 1 0 0 0 0 0 0 1 1 0 0 37947 17.2773
0 0 0 1 1 0 1 1 0 0 1 1 1 1 1 1 0 0 1 1 37950 18.2968
1 1 1 0 1 0 1 1 1 1 0 0 1 1 1 1 1 1 0 0 37954 17.7924
0 1 0 0 1 0 1 0 1 0 0 1 1 1 1 1 0 1 1 0 37957 17.6936
0 0 1 1 0 1 1 0 0 0 1 1 0 1 1 1 0 0 1 1 37960 18.6759
1 1 0 0 1 0 1 1 1 1 0 0 0 1 1 0 1 1 0 0 37964 18.7737
1 0 0 1 1 1 1 0 0 1 1 0 1 1 1 1 1 0 0 1 37968 17.4073
0 1 1 0 1 0 1 0 1 0 0 1 1 0 1 1 0 1 1 1 37977 18.3004
1 0 0 0 1 1 1 1 0 1 1 0 1 1 1 0 1 0 0 0 37987 18.2479
1 1 0 1 0 1 1 1 1 0 0 0 0 0 1 0 1 1 0 1 37993 18.1459
0 1 1 0 1 1 1 0 0 0 0 1 1 1 1 1 0 1 1 0 37995 16.3560
1 0 1 1 0 0 1 1 1 0 0 0 0 0 1 0 1 0 0 0 37998 17.8371
0 0 1 1 1 1 1 0 0 0 0 1 1 0 1 1 0 0 1 1 38000 17.8024
1 0 0 0 1 0 1 1 0 1 0 0 1 1 1 1 1 0 0 0 38002 16.4202
1 1 1 1 1 0 1 1 0 1 0 0 1 1 1 1 1 1 0 1 38005 18.1115
0 0 0 1 0 0 1 1 0 0 0 1 0 0 1 1 0 0 1 0 38009 16.9183
1 0 1 1 0 0 1 1 1 0 0 0 0 0 1 1 1 0 0 1 38010 16.9415
0 0 1 1 1 1 1 1 0 0 0 1 1 0 1 1 0 0 1 0 38013 16.8598
1 1 0 1 0 0 1 1 1 0 0 0 0 0 1 1 1 1 0 0 38015 16.5359
1 1 0 1 0 1 1 1 1 0 0 0 1 0 1 0 1 1 0 1 38017 18.8922
0 0 0 0 1 1 1 1 0 0 0 1 1 0 0 1 0 0 1 1 38022 18.5356
1 1 0 0 0 1 1 1 1 0 0 0 1 0 1 1 1 1 0 0 38026 16.8635
1 1 1 0 1 0 1 1 0 1 0 0 0 1 1 1 1 1 0 0 38032 17.4390
0 0 1 1 0 1 1 1 0 0 0 1 0 0 0 1 0 0 1 0 38037 17.8557
0 1 1 0 1 1 1 0 1 0 0 1 1 1 0 1 0 1 1 1 38041 18.4828
0 1 0 0 1 1 1 1 1 0 0 1 1 1 0 1 0 0 1 1 38050 19.1791
1 0 1 0 1 0 1 0 0 1 1 0 0 1 1 1 1 1 0 0 38060 18.1448
0 1 1 0 1 0 1 0 1 0 0 1 1 1 0 1 0 0 1 0 38069 17.6085
1 0 0 0 1 1 1 1 0 1 1 0 0 1 1 1 1 1 0 1 38079 19.3645
1 0 1 1 0 0 1 0 1 0 1 0 1 0 1 1 1 1 0 1 38088 18.6848
1 0 1 1 1 1 1 1 0 1 1 0 0 1 1 0 1 1 0 0 38092 20.0238
0 1 1 0 0 1 1 0 0 1 0 1 0 1 0 1 0 1 1 1 38097 19.7028
0 1 1 1 1 1 1 1 1 0 0 1 1 0 0 1 0 0 1 0 38103 18.5934
1 0 1 1 0 1 1 0 1 0 1 0 1 0 1 0 1 1 0 1 38107 19.7330
0 1 1 1 1 0 1 1 1 0 0 1 1 0 0 1 0 1 1 1 38112 19.1709
0 1 1 1 0 1 1 0 0 0 0 1 0 1 0 1 0 1 1 0 38116 17.6546
1 0 1 0 0 1 1 1 1 0 0 0 1 0 1 0 1 0 0 1 38120 18.2058
1 0 1 0 0 1 1 1 1 0 0 0 1 0 1 1 1 0 0 1 38126 17.1408
1 0 1 1 1 1 1 1 0 1 0 0 0 1 1 1 1 0 0 1 38130 17.6588
0 1 1 1 0 0 1 1 0 0 0 1 0 0 0 1 0 1 1 1 38136 19.0048
0 1 1 0 1 1 1 0 0 0 0 1 1 1 0 1 0 0 1 0 38139 16.4230
0 1 1 1 1 0 1 0 0 0 0 1 1 1 0 1 0 0 1 1 38144 17.2131
1 0 1 1 1 0 1 1 0 1 0 0 0 1 1 1 1 1 0 1 38149 18.1018
1 0 1 1 0 0 0 1 1 0 0 0 1 0 0 1 1 1 0 1 38154 19.0237
1 0 0 1 0 0 1 1 1 0 0 0 1 0 1 1 1 1 0 0 38159 17.0884
1 0 1 0 1 1 1 1 1 0 1 0 0 1 1 1 1 1 0 1 38162 18.1906
1 1 1 1 1 1 1 1 1 0 1 0 0 1 1 1 1 1 1 0 38167 18.6543
0 1 0 0 0 1 1 1 0 1 1 0 0 0 0 1 0 0 0 0 38173 17.8912
0 1 0 1 0 1 1 0 0 1 1 0 0 0 0 1 0 0 1 0 38178 16.6079
0 0 1 0 1 0 1 0 1 0 1 0 1 1 0 1 0 0 1 1 38183 16.8018
1 1 0 0 1 1 1 0 1 0 1 0 0 0 1 1 1 1 1 0 38188 18.5033
0 1 0 0 1 0 1 1 1 0 1 0 1 0 0 1 0 0 1 0 38199 17.5170
0 1 1 1 1 0 1 0 1 0 1 0 1 0 0 1 0 0 1 0 38208 16.8635
1 1 1 0 0 0 1 1 0 1 1 0 1 1 1 1 1 1 0 0 38216 17.0654
1 1 1 1 1 0 1 0 1 0 1 0 0 0 1 1 1 1 0 0 38226 18.1859
0 1 0 0 0 1 1 1 0 0 1 0 0 0 0 1 0 0 1 0 38235 16.4064
0 1 1 0 1 1 1 1 0 0 1 0 1 0 0 1 0 0 0 0 38239 17.8928
1 0 1 1 0 1 1 1 0 1 0 0 1 0 1 1 1 1 0 1 38243 17.8291
0 1 1 1 1 1 1 1 0 0 1 0 1 1 0 1 0 0 1 0 38248 16.8194
1 0 0 1 0 1 0 1 0 1 0 0 1 0 0 0 1 1 1 1 38252 18.6798
0 0 1 0 1 1 1 1 1 0 0 0 1 1 0 0 0 0 1 1 38258 17.5623
1 1 0 1 1 0 1 0 0 0 1 0 0 1 1 1 1 1 1 0 38262 18.3547
1 1 1 1 1 1 1 1 0 0 1 0 0 1 1 1 1 1 0 0 38266 17.8102
0 0 0 0 0 0 1 1 0 1 0 0 0 0 0 1 0 0 0 1 38272 17.9312
0 0 0 1 0 1 1 1 0 1 0 0 0 0 0 0 0 0 1 1 38276 18.0851
0 0 1 0 1 1 1 1 1 0 1 0 1 1 0 1 0 0 0 0 38281 16.7971
1 1 1 0 1 0 1 1 1 0 1 0 0 1 1 1 1 1 0 1 38285 18.6973
0 1 1 1 0 1 1 1 0 1 1 0 0 0 0 1 0 0 1 1 38290 18.6866
0 1 0 1 1 0 1 1 1 0 1 0 1 1 0 1 0 0 1 1 38296 18.6189
1 1 0 1 0 1 1 1 0 1 1 0 1 0 1 1 1 1 0 1 38300 18.9286
1 1 0 1 1 0 1 0 1 0 1 0 0 1 1 1 1 1 1 1 38304 19.4890
0 1 1 0 1 0 1 1 1 0 1 0 1 0 0 1 0 0 1 1 38313 18.6072
1 0 0 0 1 0 1 1 1 0 1 0 0 1 1 0 1 1 0 0 38323 18.0518
0 0 1 1 1 0 1 1 1 0 1 0 1 1 0 0 0 0 1 0 38332 17.3949
1 1 1 0 1 1 1 0 1 0 1 0 0 0 1 1 1 1 0 1 38342 19.2994
0 1 1 1 0 1 1 0 0 1 1 0 0 1 0 1 0 0 0 1 38352 18.0554
1 0 1 0 0 1 1 1 0 1 0 0 1 0 1 0 1 1 1 0 38357 19.4239
1 0 0 1 1 1 1 1 1 0 0 0 0 1 1 1 1 1 1 0 38361 17.3479
1 0 0 0 1 1 1 1 1 0 0 0 0 1 1 0 1 1 0 0 38366 18.2069
0 1 1 0 0 0 1 0 0 0 1 0 0 1 0 1 0 0 1 1 38371 18.0449
0 1 1 0 1 1 1 0 0 0 1 0 1 1 0 1 0 0 0 1 38375 15.8308
0 0 1 0 1 0 0 1 1 0 0 0 1 1 1 0 0 0 1 0 38381 17.5998
0 0 1 1 1 1 1 1 1 0 0 0 1 1 0 1 0 0 0 0 38385 16.9208
0 0 0 0 0 0 1 1 0 1 0 0 0 0 0 0 0 0 0 0 38390 17.5879
0 0 1 0 1 0 1 1 1 0 0 0 1 1 0 1 0 0 1 0 38394 17.1610
1 1 1 1 0 1 1 0 0 0 1 0 1 1 1 1 1 1 1 1 38398 19.0098
1 1 1 1 1 0 1 1 1 0 1 0 0 1 1 0 1 1 0 1 38406 19.3307
0 1 0 1 0 1 1 0 0 1 1 0 0 0 0 0 0 0 0 1 38417 18.4392
0 1 1 0 1 1 1 1 1 0 1 0 1 1 0 0 0 0 0 0 38425 17.4315
0 0 1 1 1 0 1 1 1 0 1 0 1 0 0 1 0 0 1 1 38434 18.2492
1 1 0 1 1 0 1 1 1 0 1 0 0 1 1 0 1 1 0 0 38444 19.0559
1 0 1 0 0 0 1 1 0 1 1 0 1 1 1 0 1 1 1 0 38450 18.9160
1 1 1 1 0 0 1 1 0 1 1 0 1 1 1 0 1 1 0 1 38455 18.8735
1 1 1 1 0 1 1 1 0 1 1 0 1 1 1 0 1 1 0 1 38460 19.6915
1 1 1 1 1 0 1 0 1 0 1 0 0 0 1 0 1 1 0 0 38465 19.6144
0 0 1 1 0 1 1 0 0 1 1 0 0 1 0 0 0 0 1 0 38471 19.4987
0 1 1 1 0 1 1 1 0 0 1 0 0 0 0 0 0 0 0 0 38474 18.4036
0 1 1 0 1 0 1 1 0 0 1 0 1 1 0 0 0 0 0 1 38479 16.7128
1 0 1 0 1 0 1 1 1 0 0 0 0 0 1 0 1 1 1 1 38483 18.8338
1 0 1 1 0 1 0 1 0 1 0 0 1 1 0 1 1 1 1 0 38489 18.9202
0 1 1 0 1 1 1 0 0 0 1 0 1 0 0 0 0 0 0 0 38494 18.4122
1 1 1 0 1 0 1 1 0 0 1 0 0 1 1 0 1 1 0 0 38497 18.6814
1 1 0 0 1 1 1 0 0 0 1 0 0 0 1 0 1 1 0 1 38502 19.0025
0 0 1 0 0 1 1 1 0 1 0 0 0 1 0 0 0 0 1 1 38507 19.2691
0 0 1 1 0 1 1 1 0 1 0 0 0 1 0 1 0 0 1 0 38513 19.1059
1 1 1 1 0 1 1 0 0 0 1 0 1 0 1 0 1 1 0 0 38517 20.0180
1 1 1 1 1 1 1 1 1 0 1 0 0 1 1 0 1 1 1 1 38521 20.3806
0 1 0 1 1 1 1 0 1 0 1 0 1 1 0 0 0 0 1 1 38531 19.2511
1 0 0 0 1 0 1 1 1 0 1 0 0 0 1 1 1 1 0 0 38541 17.9428
0 0 0 0 1 1 1 0 1 0 1 0 1 0 0 1 0 0 0 1 38550 17.5133
1 1 1 0 1 1 1 0 1 0 1 0 0 1 1 0 1 1 1 0 38560 20.0702
0 0 1 0 0 0 1 1 0 1 1 0 0 1 0 0 0 0 0 0 38569 17.7338
0 1 0 1 1 1 1 0 1 0 1 0 1 0 0 0 0 0 1 1 38573 18.9581
1 1 0 1 0 0 1 0 0 1 1 0 1 1 1 0 1 1 1 0 38577 19.5156
1 1 1 1 1 1 1 0 1 0 1 0 0 0 1 0 1 1 1 0 38583 20.0588
0 1 1 0 0 0 1 0 0 1 1 0 0 1 0 0 0 0 1 1 38588 18.9733
1 1 0 1 0 1 1 0 0 1 1 0 1 1 1 0 1 1 1 1 38592 19.3811
1 0 0 0 0 0 1 1 0 1 0 0 1 1 1 1 1 1 0 1 38596 17.1201
1 0 1 0 1 1 1 1 1 0 0 0 0 0 1 0 1 1 0 1 38600 18.6638
0 1 0 0 0 1 1 1 0 0 1 0 0 1 0 0 0 0 1 1 38607 18.8093
0 1 1 1 1 1 1 0 0 0 1 0 1 0 0 0 0 0 1 1 38611 18.4647
0 1 1 1 1 0 1 0 0 0 1 0 1 0 0 0 0 0 1 1 38616 18.3424
1 1 1 0 1 1 1 1 0 0 1 0 0 1 1 0 1 1 1 0 38619 19.3592
1 1 1 1 0 0 1 1 0 0 1 0 1 1 1 0 1 1 1 1 38624 19.7792
0 0 1 0 1 1 1 1 1 0 0 0 1 0 0 1 0 0 0 1 38630 18.5317
1 1 0 1 1 0 1 0 0 0 1 0 0 0 1 0 1 1 1 1 38634 19.4927
1 1 1 1 1 1 1 0 0 0 1 0 0 1 1 0 1 1 1 0 38639 19.8745
0 0 0 0 0 0 1 0 0 0 1 0 0 1 0 1 0 0 1 0 38645 17.1862
0 0 1 0 0 1 1 1 0 0 1 0 0 1 0 1 0 0 0 0 38649 17.6757
1 1 0 1 0 0 1 1 0 1 0 0 1 0 1 0 1 1 0 1 38653 17.2207
1 1 1 1 1 0 1 1 1 0 0 0 0 1 1 1 1 1 1 1 38657 18.5824
0 0 1 1 0 1 1 0 0 0 1 0 0 1 0 1 0 0 1 0 38662 17.3363
0 0 0 1 1 1 1 1 0 0 1 0 1 0 0 1 0 0 1 1 38668 17.6364
1 1 0 0 0 0 1 1 0 1 0 0 1 0 1 0 1 1 1 0 38672 18.3127
1 1 1 0 1 0 1 1 1 0 0 0 0 1 1 1 1 1 0 0 38676 16.5885
0 0 0 0 0 1 1 0 0 0 1 0 0 1 0 1 0 0 0 1 38681 17.2519
0 0 1 0 1 1 1 0 0 0 1 0 1 1 0 1 0 0 1 1 38685 16.2799
0 0 1 1 1 0 1 1 0 0 1 0 1 1 0 0 0 0 0 0 38690 16.5453
0 0 1 0 1 1 1 1 0 0 1 0 1 0 0 0 0 0 0 1 38695 18.5922
0 0 0 0 0 1 1 0 0 0 1 0 0 0 0 0 0 0 0 0 38700 17.7093
1 1 1 1 0 1 1 1 0 1 0 0 1 1 1 1 1 1 1 0 38705 17.9997
1 1 0 1 0 1 1 1 0 1 0 0 1 1 1 0 1 1 1 1 38710 18.7103
1 1 1 1 1 1 1 1 1 0 0 0 0 0 1 0 1 1 0 0 38713 18.8204
0 0 1 0 0 0 1 1 0 0 1 0 0 1 0 0 0 0 1 1 38719 18.8544
0 0 0 1 1 1 1 0 0 0 1 0 1 0 0 0 0 0 1 0 38723 17.6548
0 0 0 1 1 0 1 0 0 0 1 0 1 0 0 0 0 0 1 0 38729 18.1338
1 1 0 0 1 0 1 1 1 0 0 0 0 0 1 0 1 1 0 1 38733 18.6184
0 0 0 0 0 1 0 1 0 0 0 0 0 0 1 0 0 0 1 1 38737 17.9707
1 1 0 0 1 1 1 1 0 0 0 0 0 0 1 0 1 1 1 1 38737 19.1763
1 1 1 1 0 1 0 1 0 0 0 0 1 0 0 0 1 1 1 0 38738 18.6315
1 1 1 0 1 1 1 1 0 0 0 0 0 1 1 0 1 1 1 0 38739 18.7985
1 1 1 0 0 0 1 1 0 0 0 0 1 0 1 0 1 1 0 0 38741 18.6401
0 0 0 0 0 0 1 1 0 0 0 0 0 1 0 0 0 0 1 0 38743 18.2321
1 1 1 0 1 0 0 1 0 0 0 0 0 1 0 0 1 1 1 1 38743 18.8256
1 1 1 1 0 0 1 1 0 0 0 0 1 1 1 0 1 1 1 1 38744 18.4833
1 1 1 0 1 0 1 1 0 0 0 0 0 0 1 0 1 1 1 1 38745 18.8460
0 0 0 1 1 0 1 1 0 0 0 0 1 1 0 1 0 0 1 0 38747 16.7416
1 1 0 0 1 1 1 1 0 0 0 0 0 0 1 1 1 1 1 0 38748 17.3945
0 0 0 1 1 1 1 1 0 0 0 0 1 1 0 0 0 0 1 0 38750 16.9306
0 0 0 1 0 0 1 1 0 0 0 0 0 0 0 0 0 0 1 1 38752 18.0169
0 0 0 1 1 0 1 1 0 0 0 0 1 0 0 1 0 0 1 0 38753 17.4648
0 0 1 1 0 0 0 1 0 0 0 0 0 0 1 1 0 0 0 1 38754 16.9104
1 1 1 1 1 0 1 1 0 0 0 0 0 0 1 1 1 1 0 1 38754 18.0126
0 0 0 1 1 0 1 1 0 0 0 0 1 0 0 0 0 0 0 0 38756 17.8664
1 1 1 1 1 0 1 1 0 0 0 0 0 1 1 1 1 1 1 0 38757 17.4188
0 0 1 1 0 1 0 1 0 0 0 0 0 1 1 1 0 0 1 0 38759 16.6593
1 1 1 1 1 1 1 1 0 0 0 0 0 1 1 1 1 1 1 0 38759 17.4285
1 1 0 1 1 0 0 1 0 0 0 0 0 0 0 1 1 1 0 1 38760 18.4389
0 1 1 0 0 1 1 1 0 1 0 0 0 0 0 0 0 0 1 1 38765 18.5943
0 1 0 1 1 1 1 1 1 0 0 0 1 1 0 1 0 0 1 1 38769 19.2848
1 0 1 0 1 1 1 1 0 0 1 0 0 0 1 1 1 1 1 0 38773 18.5997
0 1 1 0 0 1 1 1 0 1 0 0 0 0 0 1 0 0 1 1 38778 18.8703
0 1 0 0 1 0 1 1 1 0 0 0 1 1 0 1 0 0 0 1 38782 17.7420
1 0 0 1 0 1 1 1 0 0 1 0 1 0 1 1 1 1 1 1 38788 19.2380
1 0 1 1 1 1 1 1 0 0 1 0 0 0 1 1 1 1 0 1 38792 19.3215
0 1 0 1 0 0 1 1 0 1 0 0 0 0 0 0 0 0 0 0 38797 17.8271
0 1 1 1 1 0 1 1 1 0 0 0 1 1 0 1 0 0 1 0 38801 18.1899
1 0 1 0 0 1 1 0 0 0 1 0 1 1 1 1 1 1 1 1 38805 18.4400
0 1 1 0 1 1 1 1 1 0 0 0 1 0 0 0 0 0 1 0 38810 17.9251
1 0 1 0 0 0 1 1 0 0 1 0 1 1 1 0 1 1 0 1 38815 18.1078
0 1 1 1 1 0 1 1 1 0 0 0 1 0 0 0 0 0 1 1 38820 18.1054
1 0 0 1 1 0 1 0 0 0 1 0 0 0 1 0 1 1 0 0 38825 19.0200
1 0 1 0 1 1 1 0 0 0 1 0 0 0 1 0 1 1 0 0 38830 19.5801
0 1 0 0 0 0 1 1 0 1 0 0 0 1 0 0 0 0 0 1 38834 17.9413
0 1 1 1 0 0 1 1 0 1 0 0 0 1 0 0 0 0 0 1 38839 17.6946
1 0 0 1 0 1 1 0 0 0 1 0 1 0 1 0 1 1 1 0 38843 19.4794
0 1 1 1 1 0 1 1 1 0 0 0 1 0 0 1 0 0 0 0 38849 18.4637
0 1 0 1 0 1 1 1 0 1 0 0 0 1 0 0 0 0 0 1 38854 18.4591
0 1 0 0 0 1 1 1 0 0 0 0 0 0 0 0 0 0 1 1 38857 18.3484
1 0 1 0 1 1 0 1 0 0 0 0 0 0 0 0 1 1 1 0 38857 18.8698
1 0 1 1 0 1 1 1 0 0 0 0 1 0 1 0 1 1 1 0 38858 18.9436
0 1 1 1 0 0 1 1 0 0 0 0 0 0 0 0 0 0 1 0 38860 17.7571
1 0 0 1 0 0 1 1 0 0 0 0 1 1 1 1 1 1 1 1 38861 18.0716
0 1 1 0 0 0 0 1 0 0 0 0 0 1 1 0 0 0 1 1 38863 18.2056
1 0 1 0 1 0 1 1 0 0 0 0 0 1 1 0 1 1 1 1 38863 18.9828
1 0 0 1 0 1 0 1 0 0 0 0 1 0 0 0 1 1 1 0 38864 18.5818
1 0 0 1 1 0 1 1 0 0 0 0 0 1 1 1 1 1 0 0 38865 16.6609
0 1 0 1 1 1 1 1 0 0 0 0 1 0 0 1 0 0 1 0 38867 17.6133
1 0 1 1 1 1 1 1 0 0 0 0 0 1 1 0 1 1 0 1 38868 18.1533
1 0 0 1 0 0 1 1 0 0 0 0 1 0 1 0 1 1 1 0 38870 18.7712
0 1 1 0 0 0 1 1 0 0 0 0 0 1 0 1 0 0 0 0 38872 17.5954
0 1 1 1 1 0 0 1 0 0 0 0 1 0 1 1 0 0 0 0 38873 15.9151
0 1 1 1 0 0 1 1 0 0 0 0 0 0 0 1 0 0 0 1 38874 18.3911
1 0 0 1 1 1 0 1 0 0 0 0 0 1 0 1 1 1 1 1 38874 19.0043
0 1 1 0 1 0 1 1 0 0 0 0 1 1 0 1 0 0 1 1 38876 17.5926
1 0 1 1 1 1 1 1 0 0 0 0 0 0 1 1 1 1 1 0 38877 17.6031
0 1 1 1 0 1 1 1 0 0 0 0 0 1 0 1 0 0 1 0 38879 18.4695
0 1 0 1 0 0 0 1 0 0 0 0 0 0 1 1 0 0 0 1 38880 16.8491
1 0 0 1 1 0 1 1 0 0 0 0 0 0 1 1 1 1 0 1 38880 17.7989
1 1 0 1 0 0 1 0 0 1 1 0 1 0 1 1 1 0 1 0 38883 16.8544
0 1 1 1 1 1 1 1 1 0 1 0 1 1 0 1 0 1 1 0 38888 18.9106
0 1 0 1 0 1 1 1 0 1 1 0 0 0 0 1 0 1 0 0 38894 17.6896
1 1 1 1 0 1 1 0 0 1 1 0 1 0 1 1 1 0 1 0 38898 17.7308
1 0 0 0 1 0 1 0 1 0 1 0 0 1 1 1 1 0 1 1 38903 17.5335
1 0 1 1 1 0 1 1 1 0 1 0 0 1 1 0 1 0 0 1 38910 18.5219